date,title,content,rating,title_clean,content_clean,rating_num
2026-04-02,Just tried to shut my Spotify account,"Just tried to shut my Spotify account. Got to step 5 of the ""Close My Account"" process, where they send you an email to finalise closure (within the next 24 hours??). 2 Problems: all other emails from Spotify go to my main account, whereas somehow this 'close my account' email went to junk folder... explain that??? And then the email itself is impossibly hard to understand. I did a character count - over 11,000, made up o 4 or 5 hugely long URL addresses, and very unclear which is the ""close my account"" address. Says press the button - well there ain't no button to hit. I think it is designed to purposely look intimidating.",Rated 1 out of 5 stars,just tried to shut my spotify account,just tried to shut my spotify account got to step 5 of the close my account process where they send you an email to finalise closure within the next 24 hours 2 problems all other emails from spotify go to my main account whereas somehow this close my account email went to junk folder explain that and then the email itself is impossibly hard to understand i did a character count  over 11000 made up o 4 or 5 hugely long url addresses and very unclear which is the close my account address says press the button  well there aint no button to hit i think it is designed to purposely look intimidating,1
2026-04-01,I was pretty happy with Spotify before…,"I was pretty happy with Spotify before I signed up for the premium subscription. However, if you sign up for the 4-month ad-free Spotify. It will not play without wifi if you cancel the subscription. Just keeps showing "" Sign up for Premier Spotify. This is still happening 2 months after cancelling. Also, it is very difficult to cancel.",Rated 3 out of 5 stars,i was pretty happy with spotify before,i was pretty happy with spotify before i signed up for the premium subscription however if you sign up for the 4month adfree spotify it will not play without wifi if you cancel the subscription just keeps showing  sign up for premier spotify this is still happening 2 months after cancelling also it is very difficult to cancel,3
2026-03-31,"NEVER Upgrade from Basic to Premium, Can't Be Undone","NEVER upgrade to a 'premium' plan from a 'basic' plan, once its done, its impossible to revert back to a basic plan. The one and only difference between say for example, Family Premium and Family Basic, is audiobooks and nothing else. Its subsequently impossible to revert, a fact which is hidden in the small print somewhere apparently. A truly vile practise.",Rated 1 out of 5 stars,never upgrade from basic to premium cant be undone,never upgrade to a premium plan from a basic plan once its done its impossible to revert back to a basic plan the one and only difference between say for example family premium and family basic is audiobooks and nothing else its subsequently impossible to revert a fact which is hidden in the small print somewhere apparently a truly vile practise,1
2026-03-31,It’s a great service with a massive…,"It’s a great service with a massive music library. However, the app has started to malfunction on my phone in offline mode—the music sometimes stops and won’t resume until I wake up the screen. I haven’t found anything that compares in terms of sound quality and user-friendliness. Our whole family uses the family plan.",Rated 4 out of 5 stars,its a great service with a massive,its a great service with a massive music library however the app has started to malfunction on my phone in offline modethe music sometimes stops and wont resume until i wake up the screen i havent found anything that compares in terms of sound quality and userfriendliness our whole family uses the family plan,4
2026-03-31,WORST CUSTOMER SERVICE EVER,They CANNCELD my subscription as I'm currently travelling aboard. They refused to refund my advance payment that I already paid till November 2026 Now I contact them via Chat service iy took me over 3 hour 35 min with 10 different agent's as they keep switching and I have to answer the same questions again n again  Horrible COMPANY to deal with,Rated 1 out of 5 stars,worst customer service ever,they cannceld my subscription as im currently travelling aboard they refused to refund my advance payment that i already paid till november 2026 now i contact them via chat service iy took me over 3 hour 35 min with 10 different agents as they keep switching and i have to answer the same questions again n again  horrible company to deal with,1
2026-03-31,"Predatory billing and ""Dark Patterns""","Predatory billing and ""Dark Patterns"" They hide the auto-renewal terms and then ""hunt"" your bank account for 20 days without any notification that the trial ended. When you ask for a refund, they pass you between 5 agents just to tell you it's your fault. Unprofessional and manipulative!",Rated 1 out of 5 stars,predatory billing and dark patterns,predatory billing and dark patterns they hide the autorenewal terms and then hunt your bank account for 20 days without any notification that the trial ended when you ask for a refund they pass you between 5 agents just to tell you its your fault unprofessional and manipulative,1
2026-03-30,Used to pay for subscription a long…,"Used to pay for subscription a long time ago when it was still bare bones. Had very little of what you searched for. Mid way through it got a better catalogue so didn't mind paying the subscription. Skip to 2026, they over-charge and the 'algo' for finding new things is gawd awful. It's not worth the price, even the free version repeats the same ads on cycle ad nauseum that have zero to do with the consumer base. The TV app doesn't play videos while to phone app does regardless of price plan, though they would like you to think so. It's a predatory pricing system. It used to work at a loss, now it makes BILLIONS. Not much goes back to the artist. Buy the vinyl if you can. I'm going back to hardcopies and ripping. Talk about going backwards.",Rated 2 out of 5 stars,used to pay for subscription a long,used to pay for subscription a long time ago when it was still bare bones had very little of what you searched for mid way through it got a better catalogue so didnt mind paying the subscription skip to 2026 they overcharge and the algo for finding new things is gawd awful its not worth the price even the free version repeats the same ads on cycle ad nauseum that have zero to do with the consumer base the tv app doesnt play videos while to phone app does regardless of price plan though they would like you to think so its a predatory pricing system it used to work at a loss now it makes billions not much goes back to the artist buy the vinyl if you can im going back to hardcopies and ripping talk about going backwards,2
2026-03-30,They canceled my subsciption duo to…,They canceled my subsciption duo to reason of my constant travelling and changing countries so be carefull they can do same thing to you!,Rated 1 out of 5 stars,they canceled my subsciption duo to,they canceled my subsciption duo to reason of my constant travelling and changing countries so be carefull they can do same thing to you,1
2026-03-30,Getting from bad to worst - glitches,"I have been subscribing Spotify for the 3rd year now .. had loved it the first two years , unfortunately this latest renewal 2026 isn’t the same. This app seems to be glitching in and out and turning off or pausing by itself!!! Kept fading out and back and becomes extremely annoying . If this continues I’ll skip renewing it and find another music app. Maybe Apple Music , if like to try.",Rated 2 out of 5 stars,getting from bad to worst  glitches,i have been subscribing spotify for the 3rd year now  had loved it the first two years  unfortunately this latest renewal 2026 isnt the same this app seems to be glitching in and out and turning off or pausing by itself kept fading out and back and becomes extremely annoying  if this continues ill skip renewing it and find another music app maybe apple music  if like to try,2
2026-03-28,I am using Spotify individual premium…,I am using Spotify individual premium plan since 2025 and in march automatic payment fail and I don’t get any notification about it when I know that I talked to there executive to reset the individual plan but they refused to do so worst experience,Rated 1 out of 5 stars,i am using spotify individual premium,i am using spotify individual premium plan since 2025 and in march automatic payment fail and i dont get any notification about it when i know that i talked to there executive to reset the individual plan but they refused to do so worst experience,1
2026-03-28,We paid 1 year premium family- only 2 membres could join,"We paid 1 year premium family. Worked well for the 4 of us (parents and 2 children over 14, under the same roof).  When I renewed subscription, I could NOT add my children. Family subscription (up to 6 membres) only worked for my husband and myself. Technical support offered no other solution than paying another plan for the children...",Rated 1 out of 5 stars,we paid 1 year premium family only 2 membres could join,we paid 1 year premium family worked well for the 4 of us parents and 2 children over 14 under the same roof  when i renewed subscription i could not add my children family subscription up to 6 membres only worked for my husband and myself technical support offered no other solution than paying another plan for the children,1
2026-03-30,Had it for Years,I like music. I pay for music. I get the music. I can't really ask for much more.,Rated 5 out of 5 stars,had it for years,i like music i pay for music i get the music i cant really ask for much more,5
2026-03-27,theres too many ads,"theres too many ads, so many greedy companies. get an mp3 player and just rip the music yourself.",Rated 1 out of 5 stars,theres too many ads,theres too many ads so many greedy companies get an mp3 player and just rip the music yourself,1
2026-03-27,"1/5 StarsTransparency"" is just a buzzword for gatekeeping.","1/5 Stars - ""Transparency"" is just a buzzword for gatekeeping.  Spotify likes to talk about ""royalty transparency,"" but their actions tell a different story. They’ve turned the music economy into a ""pay-to-play"" system that actively punishes small, independent artists.  The 1,000-stream minimum threshold is a total joke. It essentially means that if you are a rising artist or a niche creator, your work is worth $0.00 until you hit their arbitrary metric. To make it worse, they only pay for the streams after that threshold, effectively pocketing the revenue from millions of smaller tracks that make up the backbone of their library.  Don't let the corporate emails fool you—this isn't about being ""responsible"" or helping you understand your ""revenue opportunity."" It’s about cutting off the little guy to pad the bottom line. If you care about supporting independent music, look elsewhere.",Rated 1 out of 5 stars,15 starstransparency is just a buzzword for gatekeeping,15 stars  transparency is just a buzzword for gatekeeping  spotify likes to talk about royalty transparency but their actions tell a different story theyve turned the music economy into a paytoplay system that actively punishes small independent artists  the 1000stream minimum threshold is a total joke it essentially means that if you are a rising artist or a niche creator your work is worth 000 until you hit their arbitrary metric to make it worse they only pay for the streams after that threshold effectively pocketing the revenue from millions of smaller tracks that make up the backbone of their library  dont let the corporate emails fool youthis isnt about being responsible or helping you understand your revenue opportunity its about cutting off the little guy to pad the bottom line if you care about supporting independent music look elsewhere,1
2026-03-26,Do not subscribe with them Horrible customer service,Do not subscribe with them. They do not have phone agents and it is almost impossible to unsubscribe.,Rated 1 out of 5 stars,do not subscribe with them horrible customer service,do not subscribe with them they do not have phone agents and it is almost impossible to unsubscribe,1
2026-03-25,high quality music,"high quality music, i always buy premium and listen to my fav songs without ads",Rated 5 out of 5 stars,high quality music,high quality music i always buy premium and listen to my fav songs without ads,5
2026-03-25,It's okay,"It's okay. I've got the premium, it's expensive now, £17.99 per month.  The other downside is that it plays one song then stops playing by itself. You've got to stop what you're doing and press play again which is a pain if you're in the shower or washing up etc. I've checked all the settings, checked Google on how to do it too. It does it on every devise that I use so it's definitely not the device settings.",Rated 3 out of 5 stars,its okay,its okay ive got the premium its expensive now 1799 per month  the other downside is that it plays one song then stops playing by itself youve got to stop what youre doing and press play again which is a pain if youre in the shower or washing up etc ive checked all the settings checked google on how to do it too it does it on every devise that i use so its definitely not the device settings,3
2026-03-24,You don't even play the songs that are…,You don't even play the songs that are listed .. it will start playing randoms songs after you pick the song you want .. doesn't play your song will skip it and play something else.,Rated 1 out of 5 stars,you dont even play the songs that are,you dont even play the songs that are listed  it will start playing randoms songs after you pick the song you want  doesnt play your song will skip it and play something else,1
2026-03-23,Very greedy company. Money over service,"Absolutely terrible. They do everything possible to make you sign up for a membership. My usual playlist even become full of Russian songs, not a single English song, where Ive never listened to Russian music so no reason for it to come up.",Rated 1 out of 5 stars,very greedy company money over service,absolutely terrible they do everything possible to make you sign up for a membership my usual playlist even become full of russian songs not a single english song where ive never listened to russian music so no reason for it to come up,1
2026-03-23,Am I the only one getting political ads constantly?,"A bunch of my songs have been basically removed from my access, with Spotify telling me ""We can't play this right now"", before switching to three other songs that also aren't able to be played for the same reason, before they shove a political ad for Virginia right in my face. For future reference, I live outside the United States.",Rated 1 out of 5 stars,am i the only one getting political ads constantly,a bunch of my songs have been basically removed from my access with spotify telling me we cant play this right now before switching to three other songs that also arent able to be played for the same reason before they shove a political ad for virginia right in my face for future reference i live outside the united states,1
2026-03-22,SPOTIFY didn't know how to fix the problem what the person told me to do…,Did what the person told me to do didn't work took out the SD card put it back in nothing! Uninstall it and stalls it again nothing! Now on the preumi no problem the free version can't play my songs I made bunch of B.S.so I biy the preuim version!,Rated 1 out of 5 stars,spotify didnt know how to fix the problem what the person told me to do,did what the person told me to do didnt work took out the sd card put it back in nothing uninstall it and stalls it again nothing now on the preumi no problem the free version cant play my songs i made bunch of bsso i biy the preuim version,1
2026-03-22,I paying spotify and they delete my…,I paying spotify and they delete my playlist and account. I go to Tidal,Rated 1 out of 5 stars,i paying spotify and they delete my,i paying spotify and they delete my playlist and account i go to tidal,1
2026-03-22,Spotify is just a money grabbing app,"Spotify is an absolute masterclass in how to take a brilliant idea—instant access to millions of songs—and completely suffocate it under layers of incompetence, greed, and baffling design decisions.  Let’s start with the free version, which isn’t so much a service as it is an endurance test. The ads aren’t just frequent—they’re relentless, repetitive, and somehow engineered to be as irritating as possible. It’s less “listen to music” and more “occasionally hear a song between audio torture sessions.” Whoever decided the ads should be louder than the music deserves a special place in UX hell.  Then you upgrade, thinking you’re escaping the nightmare. You’re not. You’ve just paid to be mildly less annoyed. The so-called “premium” experience still manages to feel half-baked. Features break, downloads vanish, and the app behaves like it’s being held together by duct tape and wishful thinking.  The interface? A chaotic, over-engineered disaster. It constantly rearranges itself like it’s ashamed of its own layout. Want to find a song you liked yesterday? Good luck. Spotify would rather shove 15 “curated” playlists down your throat than let you access your own music without a scavenger hunt. It’s like the app resents the idea that you might know what you want to listen to.  And the recommendations—wow. Spotify loves to brag about its algorithm, but it seems to have the memory of a goldfish with a head injury. It cycles the same songs endlessly, pretending it’s “discovering” things for you when it’s really just stuck on repeat. It’s less personalized and more aggressively clueless.  Performance-wise, it’s a mess. Random pauses, songs skipping, the app freezing at the worst possible moments—it’s like every update is a gamble to see what new problem they can introduce. Offline mode is especially laughable, as if the app forgets its entire purpose the second your signal drops.  At this point, Spotify doesn’t feel like a music platform—it feels like a bloated, self-important middleman that actively makes music harder to enjoy. It’s impressive, in the worst possible way, how consistently it manages to get in its own way.  If there were an award for turning something simple into something unbearable, Spotify wouldn’t just win—it would curate a playlist about it and still somehow mess that up.",Rated 1 out of 5 stars,spotify is just a money grabbing app,spotify is an absolute masterclass in how to take a brilliant ideainstant access to millions of songsand completely suffocate it under layers of incompetence greed and baffling design decisions  lets start with the free version which isnt so much a service as it is an endurance test the ads arent just frequenttheyre relentless repetitive and somehow engineered to be as irritating as possible its less listen to music and more occasionally hear a song between audio torture sessions whoever decided the ads should be louder than the music deserves a special place in ux hell  then you upgrade thinking youre escaping the nightmare youre not youve just paid to be mildly less annoyed the socalled premium experience still manages to feel halfbaked features break downloads vanish and the app behaves like its being held together by duct tape and wishful thinking  the interface a chaotic overengineered disaster it constantly rearranges itself like its ashamed of its own layout want to find a song you liked yesterday good luck spotify would rather shove 15 curated playlists down your throat than let you access your own music without a scavenger hunt its like the app resents the idea that you might know what you want to listen to  and the recommendationswow spotify loves to brag about its algorithm but it seems to have the memory of a goldfish with a head injury it cycles the same songs endlessly pretending its discovering things for you when its really just stuck on repeat its less personalized and more aggressively clueless  performancewise its a mess random pauses songs skipping the app freezing at the worst possible momentsits like every update is a gamble to see what new problem they can introduce offline mode is especially laughable as if the app forgets its entire purpose the second your signal drops  at this point spotify doesnt feel like a music platformit feels like a bloated selfimportant middleman that actively makes music harder to enjoy its impressive in the worst possible way how consistently it manages to get in its own way  if there were an award for turning something simple into something unbearable spotify wouldnt just winit would curate a playlist about it and still somehow mess that up,1
2026-03-23,I could downlaod songs with a normal…,"I could downlaod songs with a normal subscription. Now my downloads are gone and I have to pay 30% more with no explanation. This is to keep the same funtions I had before, but cheaper.  My problem is it's a forced payment without thorough explanation. It's predatory and they know that. Lack of transparency from Spotify. The pricing is also condescending even the marketting is deceptive.",Rated 1 out of 5 stars,i could downlaod songs with a normal,i could downlaod songs with a normal subscription now my downloads are gone and i have to pay 30 more with no explanation this is to keep the same funtions i had before but cheaper  my problem is its a forced payment without thorough explanation its predatory and they know that lack of transparency from spotify the pricing is also condescending even the marketting is deceptive,1
2026-03-20,SCOOP. Annoying DJ ruins Spotify. Read all about it!,"Spotify were very good when I first started using them years ago but they have completely mucked up by introducing this ridiculously annoying DJ which hijacks your freedom of choice and really speaks to you as though you are a half wit! I think I am big enough to think for myself without some ""cool"" American dude interrupting my chain of thought with his inane chatter. I am told that you cannot delete this twit, but just use your playlists and he cannot get you!! Also why have my playlists suddenly gone public without my express consent? Come on Spotify, get back to keeping it simple.....it was so much better. Maybe it's time for a change to a different platform.",Rated 1 out of 5 stars,scoop annoying dj ruins spotify read all about it,spotify were very good when i first started using them years ago but they have completely mucked up by introducing this ridiculously annoying dj which hijacks your freedom of choice and really speaks to you as though you are a half wit i think i am big enough to think for myself without some cool american dude interrupting my chain of thought with his inane chatter i am told that you cannot delete this twit but just use your playlists and he cannot get you also why have my playlists suddenly gone public without my express consent come on spotify get back to keeping it simpleit was so much better maybe its time for a change to a different platform,1
2026-03-20,Do not subscribe.,Absolutely disgusting. I have very expensive family plan and only I can listen to audiobooks. I will be cancelling and never coming back to Spotify. Do not get this service. Do not subscribe. I will be also doing campaign on my social media to show this to people.,Rated 1 out of 5 stars,do not subscribe,absolutely disgusting i have very expensive family plan and only i can listen to audiobooks i will be cancelling and never coming back to spotify do not get this service do not subscribe i will be also doing campaign on my social media to show this to people,1
2026-03-20,Best way to stream,honestly the best music and podcast library out there it runs smoothly on my phone and i love how it constantly helps me discover new artists it’s definitely worth it if you’re a big music fan,Rated 5 out of 5 stars,best way to stream,honestly the best music and podcast library out there it runs smoothly on my phone and i love how it constantly helps me discover new artists its definitely worth it if youre a big music fan,5
2026-03-19,CHANGE IT BACK WHAT THE HELLY DID YOU…,CHANGE IT BACK WHAT THE HELLY DID YOU DO THE MY IPAD SPOTIFY ACTUALLY DELUSIONAL DID NOT ASK FOR THIS YOU BUTT FACE,Rated 1 out of 5 stars,change it back what the helly did you,change it back what the helly did you do the my ipad spotify actually delusional did not ask for this you butt face,1
2026-03-19,Steer clear of Spotify!,"If I could give 0 stars I would! These people are despicable! There was an issue with my bank card after a potential scam. I tried to access Spotify but it wouldn’t let me. So I had to create a new account. I then invited my family only to have two of them refused!! (Apparently you can only be part of a family plan once every twelve months) Spotify cannot override this apparently. I’ve spent a full day on the app trying to get this sorted out and for the last two days constant emails back and forth. I asked to cancel and get a refund as they are not offering (under the Consumer Rights Act 2015) the service I was promised. They are also refusing the refund even though the payment was only taken TWO days ago! I’m going to be taking advice on this. Their emails have been nothing but platitudes that mean nothing. Further, this was put to the Escalations Team and NOT ONCE did I ever get to speak to the same person so no continuity. Do not use them, they don’t care about you!",Rated 1 out of 5 stars,steer clear of spotify,if i could give 0 stars i would these people are despicable there was an issue with my bank card after a potential scam i tried to access spotify but it wouldnt let me so i had to create a new account i then invited my family only to have two of them refused apparently you can only be part of a family plan once every twelve months spotify cannot override this apparently ive spent a full day on the app trying to get this sorted out and for the last two days constant emails back and forth i asked to cancel and get a refund as they are not offering under the consumer rights act 2015 the service i was promised they are also refusing the refund even though the payment was only taken two days ago im going to be taking advice on this their emails have been nothing but platitudes that mean nothing further this was put to the escalations team and not once did i ever get to speak to the same person so no continuity do not use them they dont care about you,1
2026-03-17,Spotify offers an enormous music…,"Spotify offers an enormous music library and smart playlists that help me find new favorites. The apps are stable across phone and desktop, and offline downloads work well. I’d prefer fewer ads on the free plan and slightly better podcast discovery, but overall it’s a dependable service for daily listening.",Rated 4 out of 5 stars,spotify offers an enormous music,spotify offers an enormous music library and smart playlists that help me find new favorites the apps are stable across phone and desktop and offline downloads work well id prefer fewer ads on the free plan and slightly better podcast discovery but overall its a dependable service for daily listening,4
2026-03-16,Sooo many adverts.,"Two songs, adverts. Two more songs, adverts ... what happened to 30 minutes between commercials?",Rated 1 out of 5 stars,sooo many adverts,two songs adverts two more songs adverts  what happened to 30 minutes between commercials,1
2026-03-15,Tried to go through their support dept,"Tried to go through their support dept. Every 15 minutes you get a new person to chat with, who asks the same questions all over again. After 2 days of this and geting nowhere I asked for a Supervisor, Manager, or someone with authority to assist me. I was simply forwarded to what they call their ""escalation person"" which was still the support dept. That person asked for the same information. I got no where. They dont appear to have any Management Team. I would not recommend anyone dealing with this company.",Rated 1 out of 5 stars,tried to go through their support dept,tried to go through their support dept every 15 minutes you get a new person to chat with who asks the same questions all over again after 2 days of this and geting nowhere i asked for a supervisor manager or someone with authority to assist me i was simply forwarded to what they call their escalation person which was still the support dept that person asked for the same information i got no where they dont appear to have any management team i would not recommend anyone dealing with this company,1
2026-03-14,Lacks customer service,"Sure it has a wide range of music the lack of customer service is shocking difficult to reach and not helpful, I've spent hours trying to just change the email on my account.",Rated 1 out of 5 stars,lacks customer service,sure it has a wide range of music the lack of customer service is shocking difficult to reach and not helpful ive spent hours trying to just change the email on my account,1
2026-03-14,"Unfair Business Practice - Charged for 1 year, Service revoked in 24 hours, Refund denied initially. I am extremely disappointed with…","I am extremely disappointed with Spotify's billing and customer support. I paid for a 1-year Premium subscription, but it was deactivated in less than 24 hours due to a region mismatch issue. While I understand their policy, they took my full payment and provided ZERO service. I spent hours talking to an advisor named Maria Sophia R, who was incredibly unhelpful and dismissive. She repeatedly denied my request for a refund and refused to escalate the case, essentially telling me my money was gone. It is unacceptable for a global company to keep a customer's full year of payment without rendering any service. I have already contacted the escalation team and am prepared to file a chargeback with my bank. Advice to others: Be very careful with Spotify's region settings. Their support is robotic and doesn't care about customer rights.",Rated 1 out of 5 stars,unfair business practice  charged for 1 year service revoked in 24 hours refund denied initially i am extremely disappointed with,i am extremely disappointed with spotifys billing and customer support i paid for a 1year premium subscription but it was deactivated in less than 24 hours due to a region mismatch issue while i understand their policy they took my full payment and provided zero service i spent hours talking to an advisor named maria sophia r who was incredibly unhelpful and dismissive she repeatedly denied my request for a refund and refused to escalate the case essentially telling me my money was gone it is unacceptable for a global company to keep a customers full year of payment without rendering any service i have already contacted the escalation team and am prepared to file a chargeback with my bank advice to others be very careful with spotifys region settings their support is robotic and doesnt care about customer rights,1
2026-03-14,Way way to many commercials,Way way to many commercials,Rated 1 out of 5 stars,way way to many commercials,way way to many commercials,1
2026-03-14,Really good,"Really good, I love the mix and lossless audio the aesthetic makes you very into your music although the pricing is a bit much",Rated 4 out of 5 stars,really good,really good i love the mix and lossless audio the aesthetic makes you very into your music although the pricing is a bit much,4
2026-03-14,Excellent music streaming experience,"I’ve had a great experience using Spotify for music streaming. The platform is very easy to use and offers a huge library of songs and podcasts.  I like the personalized playlists and recommendations, which help me discover new music all the time. The app runs smoothly and the sound quality is very good.  Overall, Spotify is a fantastic music platform and I would definitely recommend it to anyone who enjoys listening to music online.",Rated 5 out of 5 stars,excellent music streaming experience,ive had a great experience using spotify for music streaming the platform is very easy to use and offers a huge library of songs and podcasts  i like the personalized playlists and recommendations which help me discover new music all the time the app runs smoothly and the sound quality is very good  overall spotify is a fantastic music platform and i would definitely recommend it to anyone who enjoys listening to music online,5
2026-03-13,Fix the auto shuffle,Fix the autoshuffle. I have over 1000 songs each playlist but i hear the same songs over and over again..,Rated 1 out of 5 stars,fix the auto shuffle,fix the autoshuffle i have over 1000 songs each playlist but i hear the same songs over and over again,1
2026-03-13,Lost my Artist Stamp because of being a…,"Lost my Artist Stamp because of being a victim of Reboot stream, contact them to help me to solve the problem and they took me to the page to share what was the playlist. Playlist that we can´t find or guess! I contact for the 2nd time and I'm waiting from March 3, 2026. Result? My Royalties are damage! Was necessary my Distributer to investigate the problem with details, thing that Spotify was unable to do!",Rated 2 out of 5 stars,lost my artist stamp because of being a,lost my artist stamp because of being a victim of reboot stream contact them to help me to solve the problem and they took me to the page to share what was the playlist playlist that we cant find or guess i contact for the 2nd time and im waiting from march 3 2026 result my royalties are damage was necessary my distributer to investigate the problem with details thing that spotify was unable to do,2
2026-03-12,Terrible.,"I changed my subscription to duel membership in Feb'2024. I have recently discovered that I am still paying for my individual account as well!! I have been offered a 3 month refund not 24 months. they offered a free service but only for myself. I've logged on today to find that all of my playlists have disappeared into the ether, over 1500 songs. Spent another 40 minutes on the phone chat trying to sort it with no resolution. I'm cancelling my subscription after 15 years.",Rated 1 out of 5 stars,terrible,i changed my subscription to duel membership in feb2024 i have recently discovered that i am still paying for my individual account as well i have been offered a 3 month refund not 24 months they offered a free service but only for myself ive logged on today to find that all of my playlists have disappeared into the ether over 1500 songs spent another 40 minutes on the phone chat trying to sort it with no resolution im cancelling my subscription after 15 years,1
2026-03-12,Losing touch with customers,"Spotify used to be great and I would have given 5 stars but they are missing so many tricks that as a business I’m wondering how they are still here!  I’ve used Spotify for years and always found it great and reasonably priced. Unfortunately not anymore. So 1. You cannot add premium to your account through the app….that’s just ridiculous!  I’ve always purchased an annual premium package they now don’t provide that through their app…..again why? You now have to try and find a third party to supply this.  Guys if you actually read your reviews, you REALLY NEED TO BE MORE PROACTIVE !",Rated 4 out of 5 stars,losing touch with customers,spotify used to be great and i would have given 5 stars but they are missing so many tricks that as a business im wondering how they are still here  ive used spotify for years and always found it great and reasonably priced unfortunately not anymore so 1 you cannot add premium to your account through the appthats just ridiculous  ive always purchased an annual premium package they now dont provide that through their appagain why you now have to try and find a third party to supply this  guys if you actually read your reviews you really need to be more proactive ,4
2026-03-12,Stay well away from this app,"Stay well away from this app , my account on numerous occasions had another member hacking it & my subscription went from premium to duo , tried getting in touch with customer service, laughable , stay well away !!",Rated 1 out of 5 stars,stay well away from this app,stay well away from this app  my account on numerous occasions had another member hacking it  my subscription went from premium to duo  tried getting in touch with customer service laughable  stay well away ,1
2026-03-12,Shit company removed my playlist at…,"Shit company removed my playlist at 5407 saves doing 250-800 streams daily. Never had any issues before with any of my lists on Youtube, Apple Music, Soundcloud etc.  When contacting support they were very unhelpful And rude can't even explain the issue... keeps telling me to create a new playlist and when I keep pressing them to tell me what's the issue they close the chat...  Worst customer service ever. Praying on their down fall.",Rated 1 out of 5 stars,shit company removed my playlist at,shit company removed my playlist at 5407 saves doing 250800 streams daily never had any issues before with any of my lists on youtube apple music soundcloud etc  when contacting support they were very unhelpful and rude cant even explain the issue keeps telling me to create a new playlist and when i keep pressing them to tell me whats the issue they close the chat  worst customer service ever praying on their down fall,1
2026-03-11,Super greedy company!!,"Super greedy company!!! Rising prices for subscriptions and terrible “auto renewal” payments that they set up without your consent! It’s common to get an email from Spotify offering you a free trial, to get that free trial, they require you to add a debt card (weird considering it’s a “free trial”) and then they will without your consent turn on automatic payments and then charge you at the end of your trial and then they will blame you for not turning off the automatic payments THEY SET UP! And they won’t give you your money back :/  Android users, please use YouTube music and apple users please use Apple Music.",Rated 1 out of 5 stars,super greedy company,super greedy company rising prices for subscriptions and terrible auto renewal payments that they set up without your consent its common to get an email from spotify offering you a free trial to get that free trial they require you to add a debt card weird considering its a free trial and then they will without your consent turn on automatic payments and then charge you at the end of your trial and then they will blame you for not turning off the automatic payments they set up and they wont give you your money back   android users please use youtube music and apple users please use apple music,1
2026-03-10,I would give 0 stars if I could,"I would give 0 stars if I could. My account was closed without notification and when I reached out, they told me I participated in unauthorized downloading. Asked clarifying questions to see if my account had been hacked and they responded with just reply that you won’t engage in unauthorized downloading. Not helpful what so ever and completely rude customer service. Maybe you should actually be helpful to your customers of 10+ years and not follow your robot and scripted responses.",Rated 1 out of 5 stars,i would give 0 stars if i could,i would give 0 stars if i could my account was closed without notification and when i reached out they told me i participated in unauthorized downloading asked clarifying questions to see if my account had been hacked and they responded with just reply that you wont engage in unauthorized downloading not helpful what so ever and completely rude customer service maybe you should actually be helpful to your customers of 10 years and not follow your robot and scripted responses,1
2026-03-10,Free tier is getting more and more…,"Free tier is getting more and more restricted, clearly pushing people into a paid plan. At this point there are cheaper alternative that offer the same thing.",Rated 2 out of 5 stars,free tier is getting more and more,free tier is getting more and more restricted clearly pushing people into a paid plan at this point there are cheaper alternative that offer the same thing,2
2026-03-10,BIGGEST SCAM EVER IN MUSIC!,SO WE PAY A DISTRIBUTION SERVICE MONEY TO HAVE ARE MUSIC COPYRIGHTED ONLINE THEN THEY GIVE IT TO SPOTIFY AND THEY LET PEOPLE LISTEN TO IT FOR FREE AND DOWNLOAD IT THEY ALSO HAVE A PREMIUM FOR LISTENERS TO PAY THE MONTHLY SUB OPTION £5.99/month TO £21.99/month AND THE ARTIST GETS NONE OF THIS NOT A PENNY AND THEY CAN'T SELL THERE MUSIC IN A SHOP BECAUSE NO ONE WILL BUY IT SINCE IT'S ALREADY ONLINE FOR FREE! WHY DOES SPOTIFY EVEN EXIST IT ALL MAKES NO SENSE TO ME AND I'VE BEEN MAKING AND SELLING MUSIC FOR 30+ YEARS.,Rated 1 out of 5 stars,biggest scam ever in music,so we pay a distribution service money to have are music copyrighted online then they give it to spotify and they let people listen to it for free and download it they also have a premium for listeners to pay the monthly sub option 599month to 2199month and the artist gets none of this not a penny and they cant sell there music in a shop because no one will buy it since its already online for free why does spotify even exist it all makes no sense to me and ive been making and selling music for 30 years,1
2026-03-09,Spotify Support: 3 months of lies and GDPR violations.,"I've been fighting since Dec 23rd, 2025. Spotify Support disabled my account for no reason and promised a library transfer (Ref: 40322278) to a new account. I followed every instruction, but they let the 7-day technical window expire due to THEIR OWN internal delays. Now, they are using GDPR Art. 12 as an excuse to stall for another 30 days while withholding my personal data (350+ songs). This is an absolute disgrace. Negligent, incompetent, and disrespectful of EU consumer rights.",Rated 1 out of 5 stars,spotify support 3 months of lies and gdpr violations,ive been fighting since dec 23rd 2025 spotify support disabled my account for no reason and promised a library transfer ref 40322278 to a new account i followed every instruction but they let the 7day technical window expire due to their own internal delays now they are using gdpr art 12 as an excuse to stall for another 30 days while withholding my personal data 350 songs this is an absolute disgrace negligent incompetent and disrespectful of eu consumer rights,1
2026-03-08,Its not good anymore.,Its not good anymore.,Rated 1 out of 5 stars,its not good anymore,its not good anymore,1
2026-03-07,I pay but cannot open the app and…,I pay but cannot open the app and listen to the music without advertising. No one helps me from the Spotify.,Rated 1 out of 5 stars,i pay but cannot open the app and,i pay but cannot open the app and listen to the music without advertising no one helps me from the spotify,1
2026-03-07,bro why is there so many ads now,bro why is there so many ads now. I keep getting 3 ads in a row after only listening to like 4 songs like bring the old spotify back where we would get 1 ad in a good amount of time cuz I genuinely am thinking about finding another app,Rated 2 out of 5 stars,bro why is there so many ads now,bro why is there so many ads now i keep getting 3 ads in a row after only listening to like 4 songs like bring the old spotify back where we would get 1 ad in a good amount of time cuz i genuinely am thinking about finding another app,2
2026-03-05,The only reason I still use spoify is…,"The only reason I still use spoify is for podcasts. Otherwise, I'd never touch this app again. It has gone downhill massively in the last 5 years, esp with AI. I need a different platform and so do you.",Rated 2 out of 5 stars,the only reason i still use spoify is,the only reason i still use spoify is for podcasts otherwise id never touch this app again it has gone downhill massively in the last 5 years esp with ai i need a different platform and so do you,2
2026-03-05,The ads are insane,The ads are insane! I think there was 1 ad every 6 minutes on the last Joe Rogan podcast I listened to!,Rated 2 out of 5 stars,the ads are insane,the ads are insane i think there was 1 ad every 6 minutes on the last joe rogan podcast i listened to,2
2026-03-05,Unfortunately my account got hacked and…,"Unfortunately my account got hacked and was accused of making illegal copies outside of the app., they suspended permanently my account without even given me a chance to explain And was judged. Very, very unfairly. The worst part of it I t they haven't even got the decency, but it's a reply to my emails and send me automated responses, luckily, I have Apple Music, and a few others that are probably better as far as bigger selection in music. And on this basis, I do not recommend Spotify. And if I could give them a lower star, I would overpriced and stink customer service. That's what you get",Rated 1 out of 5 stars,unfortunately my account got hacked and,unfortunately my account got hacked and was accused of making illegal copies outside of the app they suspended permanently my account without even given me a chance to explain and was judged very very unfairly the worst part of it i t they havent even got the decency but its a reply to my emails and send me automated responses luckily i have apple music and a few others that are probably better as far as bigger selection in music and on this basis i do not recommend spotify and if i could give them a lower star i would overpriced and stink customer service thats what you get,1
2026-03-04,not the best service..,"i really love spotify but the fact that my whole account got reset, my playlist was refreshed with songs i had never heard of, and to complete that, the support team took forever to reply. i understand that they are dealing with multiple people at the same time, but please, hurry up! im still bummed that i haven't been able to get my account back. im VERY disappointed and sad spotify. :'(",Rated 2 out of 5 stars,not the best service,i really love spotify but the fact that my whole account got reset my playlist was refreshed with songs i had never heard of and to complete that the support team took forever to reply i understand that they are dealing with multiple people at the same time but please hurry up im still bummed that i havent been able to get my account back im very disappointed and sad spotify ,2
2026-03-04,Advertisements in podcasts on Spotify Premium — unacceptable experience,"I am a paying Spotify Premium subscriber, and I still hear ads when listening to podcasts on the platform. The expectation of Premium is an ad-free experience, and this includes podcasts.  These ads interrupt episodes, sometimes before they start or during playback, even when downloaded for offline listening. This feels like misleading advertising from Spotify and reduces the value of the subscription.  I understand that creators may include sponsorships, but ads inserted by Spotify dynamically — especially for Premium users — are frustrating and contradict what Premium is supposed to offer.  Please clarify this policy and consider providing an opt-out or clearer communication about ads for podcast listeners who pay for Spotify Premium.  Many other users have shared similar frustrations, so I hope this feedback helps bring attention to it",Rated 1 out of 5 stars,advertisements in podcasts on spotify premium  unacceptable experience,i am a paying spotify premium subscriber and i still hear ads when listening to podcasts on the platform the expectation of premium is an adfree experience and this includes podcasts  these ads interrupt episodes sometimes before they start or during playback even when downloaded for offline listening this feels like misleading advertising from spotify and reduces the value of the subscription  i understand that creators may include sponsorships but ads inserted by spotify dynamically  especially for premium users  are frustrating and contradict what premium is supposed to offer  please clarify this policy and consider providing an optout or clearer communication about ads for podcast listeners who pay for spotify premium  many other users have shared similar frustrations so i hope this feedback helps bring attention to it,1
2026-03-04,I wausing the standard premium (R69.99)…,"I wausing the standard premium (R69.99) then when it was time to make the payment, Spotify didn't withdraw like usual and canceled my premium. When I went to make the payment it offered me Lite (no offline downloads) at the price of premium and then premium is now (99.99). I've been using it for more than 4 years and these new plans are absolute nonsense. I won't pay 99.99 just to download and listen to music offline",Rated 1 out of 5 stars,i wausing the standard premium r6999,i wausing the standard premium r6999 then when it was time to make the payment spotify didnt withdraw like usual and canceled my premium when i went to make the payment it offered me lite no offline downloads at the price of premium and then premium is now 9999 ive been using it for more than 4 years and these new plans are absolute nonsense i wont pay 9999 just to download and listen to music offline,1
2026-03-03,Spotify Premium: worth every penny,"I've been using Spotify for a few years now, and switching to the Premium version was one of the best decisions I’ve made. I remember the days when I used the free version and had to deal with frequent ads. It was frustrating and interrupted my listening experience.  Now, with Spotify Premium, I can enjoy my favorite music every day without interruptions. The seamless streaming, offline playback, and high-quality sound make it easy to listen anytime and anywhere. For me, Spotify has truly transformed the way I enjoy music.",Rated 5 out of 5 stars,spotify premium worth every penny,ive been using spotify for a few years now and switching to the premium version was one of the best decisions ive made i remember the days when i used the free version and had to deal with frequent ads it was frustrating and interrupted my listening experience  now with spotify premium i can enjoy my favorite music every day without interruptions the seamless streaming offline playback and highquality sound make it easy to listen anytime and anywhere for me spotify has truly transformed the way i enjoy music,5
2026-03-03,Spotify is a nightmare,"Spotify is a nightmare! Ads ads ads and more adverts 🤮. If I listen to an artist do not bring another one to listen to, it is rubbish!",Rated 1 out of 5 stars,spotify is a nightmare,spotify is a nightmare ads ads ads and more adverts  if i listen to an artist do not bring another one to listen to it is rubbish,1
2026-03-03,Absolutely dreadful,"Absolutely dreadful. 0 stars if I could. Been a Spotify customer since 2009 and I'll never be back. Unable to change my country to my home country after being outside of the country for more than 2 weeks. Unable to set up a new premium because my bank account from my home country doesn't match the country I'm traveling. What a piece of trash all is this.  Aldi when actually using Spotify it constantly freezes, pushes stupid adverts in my face. Trash!",Rated 1 out of 5 stars,absolutely dreadful,absolutely dreadful 0 stars if i could been a spotify customer since 2009 and ill never be back unable to change my country to my home country after being outside of the country for more than 2 weeks unable to set up a new premium because my bank account from my home country doesnt match the country im traveling what a piece of trash all is this  aldi when actually using spotify it constantly freezes pushes stupid adverts in my face trash,1
2026-03-03,Used to be good as anchor mypodcast now…,Used to be good as anchor mypodcast now does not get listened to since the change very disappointed,Rated 1 out of 5 stars,used to be good as anchor mypodcast now,used to be good as anchor mypodcast now does not get listened to since the change very disappointed,1
2026-03-02,Can't get in to my account,"Cannot get into my account all my fault I'm sure from what they say, but keep charging my bank account eas for them",Rated 1 out of 5 stars,cant get in to my account,cannot get into my account all my fault im sure from what they say but keep charging my bank account eas for them,1
2026-03-02,I’m genuinely frustrated with Spotify…,"Didn't want to write a review about this but I’m genuinely frustrated with Spotify right now. I signed up for Premium Duo before the cutoff date, and now that my subscription lapsed, there’s no clear or fair way to get it back. It feels misleading to say users are “eligible” but then quietly remove the option once a payment fails or the plan ends. Loyal customers shouldn’t be penalized like this. The Duo plan worked perfectly for people living together, and removing or locking it behind confusing policies feels like a cash grab rather than customer care. Transparency matters. If a plan is being discontinued, say it clearly. Don’t hide it behind fine print and technicalities. Really disappointing experience from a platform I’ve supported for years.",Rated 3 out of 5 stars,im genuinely frustrated with spotify,didnt want to write a review about this but im genuinely frustrated with spotify right now i signed up for premium duo before the cutoff date and now that my subscription lapsed theres no clear or fair way to get it back it feels misleading to say users are eligible but then quietly remove the option once a payment fails or the plan ends loyal customers shouldnt be penalized like this the duo plan worked perfectly for people living together and removing or locking it behind confusing policies feels like a cash grab rather than customer care transparency matters if a plan is being discontinued say it clearly dont hide it behind fine print and technicalities really disappointing experience from a platform ive supported for years,3
2026-03-01,Let me explain it this way,"Let me explain it this way: When I choose to open the app, that means I WANT to listen to music voluntairily. It's the only reason I open the app. So there is no need to throw things at me, screem, suggest, try to convince me etc etc etc. What an anoying app. Can I PLEASE just in all peacean quite find my songs and listen to them !? Listening to music is something I do to relax. Finding music on Spotify is one of the most irritating and stressing things I have ever done on my phone. So that is simply not an option. I am bitterly disapointed I had expacted a lot more from the Swedish.",Rated 1 out of 5 stars,let me explain it this way,let me explain it this way when i choose to open the app that means i want to listen to music voluntairily its the only reason i open the app so there is no need to throw things at me screem suggest try to convince me etc etc etc what an anoying app can i please just in all peacean quite find my songs and listen to them  listening to music is something i do to relax finding music on spotify is one of the most irritating and stressing things i have ever done on my phone so that is simply not an option i am bitterly disapointed i had expacted a lot more from the swedish,1
2026-03-01,Not even worth one star,No Content,Rated 1 out of 5 stars,not even worth one star,no content,1
2026-02-27,Premium was once upon a time,We pay for Premium. But all kinds of Audiobooks and podcasts are not accessible with Premium anymore. Dont call it „Premium“ then. Call it „a bit better than crap“ I loved Spotify but nowadays I really can not recommend it anymore.,Rated 1 out of 5 stars,premium was once upon a time,we pay for premium but all kinds of audiobooks and podcasts are not accessible with premium anymore dont call it premium then call it a bit better than crap i loved spotify but nowadays i really can not recommend it anymore,1
2026-02-27,Being an Artist Makes it Worse,"Worst platform for music distribution too. You can setup the dates you wish for release, but Spotify will still release them when they deem possible. I've had a handful of songs not release at the specified time and all I was told was ""We haven't received the metadata."" all the while every other streaming platform had it up. Hmmm. Spotify is a scam.",Rated 1 out of 5 stars,being an artist makes it worse,worst platform for music distribution too you can setup the dates you wish for release but spotify will still release them when they deem possible ive had a handful of songs not release at the specified time and all i was told was we havent received the metadata all the while every other streaming platform had it up hmmm spotify is a scam,1
2026-02-27,Dumb DJ,"In a world where every app is adding AI, in many places it did not belong. Spotify still somehow manages to f up AI in a place where it would really be useful. The DJ is so glitchy - idk what LLM they use behind the scenes but it better be very cheap for how bad it is. Really sad because this is an area where they could really differentiate the product. But I see no reason why I would not switch the an Apple bundle that has music included or YouTube premium at the moment. Both of those offer more. Unless the AI becomes cutting edge soon I’d rather bundle.",Rated 2 out of 5 stars,dumb dj,in a world where every app is adding ai in many places it did not belong spotify still somehow manages to f up ai in a place where it would really be useful the dj is so glitchy  idk what llm they use behind the scenes but it better be very cheap for how bad it is really sad because this is an area where they could really differentiate the product but i see no reason why i would not switch the an apple bundle that has music included or youtube premium at the moment both of those offer more unless the ai becomes cutting edge soon id rather bundle,2
2026-02-26,If you want to listen to music for more…,If you want to listen to music for more than an hour you have to pay 12.99 and for whatever reason the free trials never work ! Spotify shouldn't make it a privilege to skip songs or pick your own music .,Rated 2 out of 5 stars,if you want to listen to music for more,if you want to listen to music for more than an hour you have to pay 1299 and for whatever reason the free trials never work  spotify shouldnt make it a privilege to skip songs or pick your own music ,2
2026-02-26,a lot of ads,a lot of ads pc version is so basic and old UI,Rated 2 out of 5 stars,a lot of ads,a lot of ads pc version is so basic and old ui,2
2026-02-25,WHO DO SPOTIFY THINK THEY ARE…,WHO THE HELL DO SPOTIFY THINK THEY ARE GIVING ME 3 ADS AFTER EVERY 2 SONGS. I REMEMBER YEARS AGO THEY WOULD GIVE 1 EVERY 5 WHAT HAPPENED TO THIS AWFUL APP,Rated 1 out of 5 stars,who do spotify think they are,who the hell do spotify think they are giving me 3 ads after every 2 songs i remember years ago they would give 1 every 5 what happened to this awful app,1
2026-02-25,Great music platform,"Great music platform, i don’t like how I have to pay to not get ads every 2 songs",Rated 3 out of 5 stars,great music platform,great music platform i dont like how i have to pay to not get ads every 2 songs,3
2026-02-25,Absolute GARBAGE,"Absolute GARBAGE. I keep on trying to listen to “Rewind, Replay” and all it’s showing me is MEXICAN SONGS. For example bad bunny. (Bad bunny is peak but still.) and it made me so mad to the point where I cried. (I know I’m pathetic) and the ads are 30 seconds long and they are also uneccacary and it is unfair since only the people who don’t have premium get the ads. And the way I can’t turn shuffle off because we are using it “for free” is also unfair. I DEMAND an answer.",Rated 2 out of 5 stars,absolute garbage,absolute garbage i keep on trying to listen to rewind replay and all its showing me is mexican songs for example bad bunny bad bunny is peak but still and it made me so mad to the point where i cried i know im pathetic and the ads are 30 seconds long and they are also uneccacary and it is unfair since only the people who dont have premium get the ads and the way i cant turn shuffle off because we are using it for free is also unfair i demand an answer,2
2026-02-26,We are using Spotify for years,"We are using Spotify for years. But the problem is they are same songs under different names. For example in Bollywood music there are so many songs in different singers and music director's names, radio and albums. But when we play the songs mostly they're same songs but put in different orders. Only one or two songs will be different. Spotify put same songs in different categories. We don't know Premium subscription listeners has any difference. And also for free listeners after every 2 songs there will be 3-4 advertisements.",Rated 1 out of 5 stars,we are using spotify for years,we are using spotify for years but the problem is they are same songs under different names for example in bollywood music there are so many songs in different singers and music directors names radio and albums but when we play the songs mostly theyre same songs but put in different orders only one or two songs will be different spotify put same songs in different categories we dont know premium subscription listeners has any difference and also for free listeners after every 2 songs there will be 34 advertisements,1
2026-02-24,They drag the payment when ever they…,They drag the payment when ever they want and not on specific days like between the 25th -30th. My account when in the minus at the bank because of this. Watch out!,Rated 1 out of 5 stars,they drag the payment when ever they,they drag the payment when ever they want and not on specific days like between the 25th 30th my account when in the minus at the bank because of this watch out,1
2026-02-23,Poor customer service,No Content,Rated 1 out of 5 stars,poor customer service,no content,1
2026-02-22,I can't pay my bill,"I can't pay my bill. For some reason, Spotify doesn't want my money. The website is useless; the app is counterintuitive and clunky. The internet keeps giving me options that don't exist. I'm about to switch to another music platform. I suspect that those few five-star reviews were written by people who have been paid.",Rated 1 out of 5 stars,i cant pay my bill,i cant pay my bill for some reason spotify doesnt want my money the website is useless the app is counterintuitive and clunky the internet keeps giving me options that dont exist im about to switch to another music platform i suspect that those few fivestar reviews were written by people who have been paid,1
2026-02-21,never subscribe to this company,never subscribe to this company. if anything happens to your email or account for whatever reason you will never get any money back I cancelled my subscription 3 different occasions over 6-7 years ago and still started to be randomly charged full premium 5 years later from an inactive and deleted email. ( they could provide no details on activity on the account and refused to believe I was the owner despite supplying the bank details)  completely corrupt company just use youtube for your music never touch spotify.,Rated 1 out of 5 stars,never subscribe to this company,never subscribe to this company if anything happens to your email or account for whatever reason you will never get any money back i cancelled my subscription 3 different occasions over 67 years ago and still started to be randomly charged full premium 5 years later from an inactive and deleted email  they could provide no details on activity on the account and refused to believe i was the owner despite supplying the bank details  completely corrupt company just use youtube for your music never touch spotify,1
2026-02-21,Scam charging me 2 payments in a month…,Scam charging me 2 payments in a month and saying its what i owe even though I came off a free trial do not use,Rated 1 out of 5 stars,scam charging me 2 payments in a month,scam charging me 2 payments in a month and saying its what i owe even though i came off a free trial do not use,1
2026-02-20,Who needs Spotify in the age of AI?,"Who needs Spotify in the age of AI? Useless, overpriced, poor customer service. Avoid!",Rated 1 out of 5 stars,who needs spotify in the age of ai,who needs spotify in the age of ai useless overpriced poor customer service avoid,1
2026-02-20,Downloading music,I like basically everything but I hate it that you only can download songs with premium and I would like if that changes,Rated 3 out of 5 stars,downloading music,i like basically everything but i hate it that you only can download songs with premium and i would like if that changes,3
2026-02-19,Easy music discovery and great…,Easy music discovery and great playlists.,Rated 4 out of 5 stars,easy music discovery and great,easy music discovery and great playlists,4
2026-02-19,I have used spotify forever,I have used spotify forever. Love the suggested songs and being able to john friends jams however the app would be much better it i could repeat a previous queued song. Grrrr,Rated 3 out of 5 stars,i have used spotify forever,i have used spotify forever love the suggested songs and being able to john friends jams however the app would be much better it i could repeat a previous queued song grrrr,3
2026-02-18,I'm really love it,"I'm really love it! Super good music service, cheap and good quality❤️",Rated 5 out of 5 stars,im really love it,im really love it super good music service cheap and good quality,5
2026-02-18,Og Spotify was way better than now,"Og Spotify was way better than now, too many ads and they are so cringe too. Sure u have lots of artist and want to make profit , but not giving what ur audience what they want and ignoring what they hate would surely someday collapse this company, hope it will😁",Rated 1 out of 5 stars,og spotify was way better than now,og spotify was way better than now too many ads and they are so cringe too sure u have lots of artist and want to make profit  but not giving what ur audience what they want and ignoring what they hate would surely someday collapse this company hope it will,1
2026-02-15,Sound quality is not equally good on…,Sound quality is not equally good on all devices.,Rated 1 out of 5 stars,sound quality is not equally good on,sound quality is not equally good on all devices,1
2026-02-15,Spotify is ok if you want to pay their…,"Spotify is ok if you want to pay their premium. If you want to listen to what they decide you should listen to, then use Spotify non-premium. I would like to hear an album, but can only listen to one or two tunes. Then, they force you to listen to what they provided. Pretty annoying",Rated 1 out of 5 stars,spotify is ok if you want to pay their,spotify is ok if you want to pay their premium if you want to listen to what they decide you should listen to then use spotify nonpremium i would like to hear an album but can only listen to one or two tunes then they force you to listen to what they provided pretty annoying,1
2026-02-13,"No more, you support ICE and AI","Allowing ads for ICE and allowing AI on the platform, no thank you. Been subscribed since 2010 but no more",Rated 1 out of 5 stars,no more you support ice and ai,allowing ads for ice and allowing ai on the platform no thank you been subscribed since 2010 but no more,1
2026-02-12,YOU ARE CHARGING ME TWICE FOR WHAT…,YOU ARE CHARGING ME TWICE FOR WHAT REASON HOW DO WE GET IN CONTACT WITH YOU THIS IS FRAUDULOUS January 12january 19wonder if its like this each month?,Rated 1 out of 5 stars,you are charging me twice for what,you are charging me twice for what reason how do we get in contact with you this is fraudulous january 12january 19wonder if its like this each month,1
2026-02-12,The price of premium subscriptions is…,The price of premium subscriptions is relatively high.,Rated 1 out of 5 stars,the price of premium subscriptions is,the price of premium subscriptions is relatively high,1
2026-02-12,"THE worst .. breathe, think of kittens","THE worst company 'support' and 'service' possible. ALL DAY on Chat with no resolution, 5 so-called clueless agents, who implied in the end I was lying about an old hacked email address which I have no access to, and a Spotify account attached which I have no access to; for which I started paying. No Fraud section even exists. It is basically a scam. Stress inducing, terrible ethos. TIP: forget their chat, deal with your bank (dispute and block payments), uninstall and find a yoga class near a decent pub - if you value your sanity. Grrrrrrrrr.",Rated 1 out of 5 stars,the worst  breathe think of kittens,the worst company support and service possible all day on chat with no resolution 5 socalled clueless agents who implied in the end i was lying about an old hacked email address which i have no access to and a spotify account attached which i have no access to for which i started paying no fraud section even exists it is basically a scam stress inducing terrible ethos tip forget their chat deal with your bank dispute and block payments uninstall and find a yoga class near a decent pub  if you value your sanity grrrrrrrrr,1
2026-02-12,unfair,"I am aware that you can get subscriptions and there is benefits to subscriptions but I am trying to get in a better mood after a stressful day and I go to change the song because I wasn't in the moody for the current one and it said ""get premium Spotify to change songs anytime"" excuse me WHAT . I at least should be able to change my song and it just ruined my whole mood I don't want to pay for a subscription just so I can change my music.🙃",Rated 1 out of 5 stars,unfair,i am aware that you can get subscriptions and there is benefits to subscriptions but i am trying to get in a better mood after a stressful day and i go to change the song because i wasnt in the moody for the current one and it said get premium spotify to change songs anytime excuse me what  i at least should be able to change my song and it just ruined my whole mood i dont want to pay for a subscription just so i can change my music,1
2026-02-11,Sneaky monthly renewals,"Sneaky monthly renewals, no payment reminders. CS is super unhelpful, they couldn't care less about customer satisfaction. Unethical and greedy company. Bye bye Spotify",Rated 1 out of 5 stars,sneaky monthly renewals,sneaky monthly renewals no payment reminders cs is super unhelpful they couldnt care less about customer satisfaction unethical and greedy company bye bye spotify,1
2026-02-11,"The very worst sound quality ads, especially if you are paying for them. Job opening at Spotify for a new sound engineer because the sound engineer they have doesn’t know what he’s doing.","Every day I listen to Spotify, there’s sound engineer does not know or how to set the Mike / line level on the input for these commercials. All I ever hear is distortion, come on Spotify get your act together and get yourself a real sound man that knows what he’s doing obviously yours doesn’t.",Rated 1 out of 5 stars,the very worst sound quality ads especially if you are paying for them job opening at spotify for a new sound engineer because the sound engineer they have doesnt know what hes doing,every day i listen to spotify theres sound engineer does not know or how to set the mike  line level on the input for these commercials all i ever hear is distortion come on spotify get your act together and get yourself a real sound man that knows what hes doing obviously yours doesnt,1
2026-02-10,They give you trials and still charge…,They give you trials and still charge you after you cancel and then wont refund.,Rated 1 out of 5 stars,they give you trials and still charge,they give you trials and still charge you after you cancel and then wont refund,1
2026-02-10,dog shit app,"dog shit app, why did you increase the prices??? i canceled my subs",Rated 1 out of 5 stars,dog shit app,dog shit app why did you increase the prices i canceled my subs,1
2026-02-09,Let down.,"Had an account for years for music, and enjoyed the service on the whole. But they continue to up the price adding service I couldn't care less about and never asked for such as videos, podcasts and audio books. I asked if they could put me on a basic music only account of sorts and wouldn't because I hadn't had a 100% continuous subscription since basic launched. (I missed like 3 months due to tough times and couldn't afford it). Such poor customer service.",Rated 1 out of 5 stars,let down,had an account for years for music and enjoyed the service on the whole but they continue to up the price adding service i couldnt care less about and never asked for such as videos podcasts and audio books i asked if they could put me on a basic music only account of sorts and wouldnt because i hadnt had a 100 continuous subscription since basic launched i missed like 3 months due to tough times and couldnt afford it such poor customer service,1
2026-02-08,listening to my Bob Dylan playlist he suddenly became Roy Orbison,I'm listening to my Bob Dylan playlist and all of a sudden Roy Orbison starts playing. Why? Then another one they were plugging. You stupid people at Spotify are becoming autocratic and dictatorial. I don't want some spotty twenty year old thinking for me. Also all my playlists were private. I've suddenly discovered they've all been made public. So I'm having to go through them all and change them back to private.,Rated 1 out of 5 stars,listening to my bob dylan playlist he suddenly became roy orbison,im listening to my bob dylan playlist and all of a sudden roy orbison starts playing why then another one they were plugging you stupid people at spotify are becoming autocratic and dictatorial i dont want some spotty twenty year old thinking for me also all my playlists were private ive suddenly discovered theyve all been made public so im having to go through them all and change them back to private,1
2026-02-08,"Zero Stars, AI Slop","If I could give Spotify zero stars I would. I had Spotify for a couple of years and was paying for premium for about a year. Recently, I was bombarded with AI slop. Despite disliking every AI generated song that came my way, I continued getting AI recommendations on my discovery channel. It got so bad that literally every song on discovery was AI generated. All of them sounded the same, had cringey album covers, awkward lyrics, and voices that never needed to take a breath. It's clear that Spotify doesn't care about humans or real creativity. AI ultimately harm real artists and I refuse to support a platform that cares more about promoting money-making algorithms than human creativity. When I listen to folk music, I want to escape, but when I hear AI creep into my playlist, it's an invasion of the safe space that real, raw music provides. It's hollow and flat. A machine cannot replace human creativity. Keep AI out of art. Since I switched to Coda music a few months ago, I haven't encountered a single AI song. I will never use Spotify again.",Rated 1 out of 5 stars,zero stars ai slop,if i could give spotify zero stars i would i had spotify for a couple of years and was paying for premium for about a year recently i was bombarded with ai slop despite disliking every ai generated song that came my way i continued getting ai recommendations on my discovery channel it got so bad that literally every song on discovery was ai generated all of them sounded the same had cringey album covers awkward lyrics and voices that never needed to take a breath its clear that spotify doesnt care about humans or real creativity ai ultimately harm real artists and i refuse to support a platform that cares more about promoting moneymaking algorithms than human creativity when i listen to folk music i want to escape but when i hear ai creep into my playlist its an invasion of the safe space that real raw music provides its hollow and flat a machine cannot replace human creativity keep ai out of art since i switched to coda music a few months ago i havent encountered a single ai song i will never use spotify again,1
2026-02-08,Forcing a recommendation for Joe Rogan…,Forcing a recommendation for Joe Rogan podcast?!? You say it’s constantly being recommended on my premium account because of the (indie & punk) music I listen too.. BS!!! Canceling services.. going to Tidal. Who is with me??!!!,Rated 1 out of 5 stars,forcing a recommendation for joe rogan,forcing a recommendation for joe rogan podcast you say its constantly being recommended on my premium account because of the indie  punk music i listen too bs canceling services going to tidal who is with me,1
2026-02-08,Spotify is perfect,ok people need to stop hating on spotify because you can get the free version of spotify with unlimited skips some dumb asses just don't know that and when you get the free one you just need to be patient like if you have a crappy macbook from 2012 you can't be blaming spotify for loading. and Spotify is literally free with unlimited skips and two or less ads between playlists. and it has a 1.7 rating because some dimwitted people give bad reviews and then use spotify because that's how f*@king stupid they are.,Rated 5 out of 5 stars,spotify is perfect,ok people need to stop hating on spotify because you can get the free version of spotify with unlimited skips some dumb asses just dont know that and when you get the free one you just need to be patient like if you have a crappy macbook from 2012 you cant be blaming spotify for loading and spotify is literally free with unlimited skips and two or less ads between playlists and it has a 17 rating because some dimwitted people give bad reviews and then use spotify because thats how fking stupid they are,5
2026-02-07,Charged after I cancelled my subscription,"After I cancelled my subscription, they attempted to take money from my account seven times. Reaching them was incredibly difficult, and when I finally connected via chat, I only received copy-and-paste responses with no real help. I now have to go through my bank to request a chargeback for the money they have taken. I’m beyond frustrated with companies continuing to get away with such poor customer service - there seriously needs to be legislation to stop this.",Rated 1 out of 5 stars,charged after i cancelled my subscription,after i cancelled my subscription they attempted to take money from my account seven times reaching them was incredibly difficult and when i finally connected via chat i only received copyandpaste responses with no real help i now have to go through my bank to request a chargeback for the money they have taken im beyond frustrated with companies continuing to get away with such poor customer service  there seriously needs to be legislation to stop this,1
2026-02-07,Bot garbage,No Content,Rated 1 out of 5 stars,bot garbage,no content,1
2026-02-07,Spotify is great but some musics I…,Spotify is great but some musics I wanted to listen isn't there.,Rated 3 out of 5 stars,spotify is great but some musics i,spotify is great but some musics i wanted to listen isnt there,3
2026-02-07,I love absolutely music!,"I love absolutely music! Spotify makes it easy for us music lovers to create Playlists with all our favorite songs. You can organize your playlists with Folders, and combine your friends taste with Blends. Absolutely love Spotify and fine a new favorite song everyday!",Rated 5 out of 5 stars,i love absolutely music,i love absolutely music spotify makes it easy for us music lovers to create playlists with all our favorite songs you can organize your playlists with folders and combine your friends taste with blends absolutely love spotify and fine a new favorite song everyday,5
2026-02-06,you suckkkkk.,you suckkkkk.,Rated 1 out of 5 stars,you suckkkkk,you suckkkkk,1
2026-02-05,SPOTIFY!!!! Too many ads!,SPOTIFY!!!!! An ad every two songs! Are you serious?!? I thought it was ads every 30mins. Can I not just get 30mins of bleeping peace?!? Surely that’s acceptable to ask for without paying ~ 30mins without torturing me with interrupts. You are definitely NOT a company for the people. You are definitely a company FOR PROFIT. You’ve made that abundantly clear.,Rated 1 out of 5 stars,spotify too many ads,spotify an ad every two songs are you serious i thought it was ads every 30mins can i not just get 30mins of bleeping peace surely thats acceptable to ask for without paying  30mins without torturing me with interrupts you are definitely not a company for the people you are definitely a company for profit youve made that abundantly clear,1
2026-02-04,trash platform,No Content,Rated 1 out of 5 stars,trash platform,no content,1
2026-02-03,DO NOT USE SPOTIFY IF U DO A…,DO NOT USE SPOTIFY IF U DO A PLAYLIST AND U HAVE SONGS THAT YOU LIKE IT AUTOMATICALLY PLAYS OTHER SONGS DO NOT WASTE UR TIME ON THIS FUCKASS APP,Rated 1 out of 5 stars,do not use spotify if u do a,do not use spotify if u do a playlist and u have songs that you like it automatically plays other songs do not waste ur time on this fuckass app,1
2026-02-02,Careful about subscribing,"Careful about subscribing, last December i keep receiving emails that they have 4 months trial and i am eligible, then ofcourse i grab the opportunity but just end of January they already take money from my account, so i did email them they ask many proofs then send i to them end un they said they dont refund money offer me again for only 3 months free trial not 4 now but i said i wanted just to refund my money sadly they wont give it back now i cancel my subscription.. then they just let me use the month that i pay.. so be careful they will trick you and get your money like me.. not surprised when i check now reviews are so bad..",Rated 1 out of 5 stars,careful about subscribing,careful about subscribing last december i keep receiving emails that they have 4 months trial and i am eligible then ofcourse i grab the opportunity but just end of january they already take money from my account so i did email them they ask many proofs then send i to them end un they said they dont refund money offer me again for only 3 months free trial not 4 now but i said i wanted just to refund my money sadly they wont give it back now i cancel my subscription then they just let me use the month that i pay so be careful they will trick you and get your money like me not surprised when i check now reviews are so bad,1
2026-02-02,Worst Customer Service in the World,"They are the worst Customer service I have experienced in literally the whole world. There is not a worse one then them. Just so you know, if you got scammed by them, just go to your bank and the Better Business Bureau, its not worth your time talking to these losers.",Rated 1 out of 5 stars,worst customer service in the world,they are the worst customer service i have experienced in literally the whole world there is not a worse one then them just so you know if you got scammed by them just go to your bank and the better business bureau its not worth your time talking to these losers,1
2026-02-02,Customer service is very rude and…,"Customer service is very rude and unhelpful l, how do these companies get away with operating such poor 1 star reviews, I think company who have so msny 1 star reviews should have there licince taken away",Rated 1 out of 5 stars,customer service is very rude and,customer service is very rude and unhelpful l how do these companies get away with operating such poor 1 star reviews i think company who have so msny 1 star reviews should have there licince taken away,1
2026-02-01,Too many ads,Too many ads,Rated 1 out of 5 stars,too many ads,too many ads,1
2026-02-01,*!?$ Spotify,"*!?$ Spotify. I used to make a little money off of Spotify - nothing crazy, like $100-200 a year. However, they decided to demonetize all music under a certain amount of streams in order to shovel more money to record labels. This doesn't really make a big difference in my life, but it is definitely wrong. Scum company run by a fascist bootlicker investing in military technology.",Rated 1 out of 5 stars, spotify, spotify i used to make a little money off of spotify  nothing crazy like 100200 a year however they decided to demonetize all music under a certain amount of streams in order to shovel more money to record labels this doesnt really make a big difference in my life but it is definitely wrong scum company run by a fascist bootlicker investing in military technology,1
2026-01-31,I've used Spotify for years but after I…,I've used Spotify for years but after I learned about what they invest in AI weaponry etc im like nope no more. So went over to qobuz very happy,Rated 2 out of 5 stars,ive used spotify for years but after i,ive used spotify for years but after i learned about what they invest in ai weaponry etc im like nope no more so went over to qobuz very happy,2
2026-01-31,I've been a paying Spotify user for…,"I've been a paying Spotify user for over 10 years and I have deleted my account due to the heinous things Spotify (especially CEO Daniel Ek) has been doing and will probably continue to do. They have been running ICE ads and investing money in an AI weaponry company, along with many other revolting things. The CEO is a poor excuse for a human and I will not be supporting a company like this. Be decent humans and stop being greedy pigs.",Rated 1 out of 5 stars,ive been a paying spotify user for,ive been a paying spotify user for over 10 years and i have deleted my account due to the heinous things spotify especially ceo daniel ek has been doing and will probably continue to do they have been running ice ads and investing money in an ai weaponry company along with many other revolting things the ceo is a poor excuse for a human and i will not be supporting a company like this be decent humans and stop being greedy pigs,1
2026-01-29,Money wrongly taken from my account,"On 26th December 2025, I cancelled my 3 month trial and have the email to prove it. Since then, two amounts of £12.99 have been taken from my bank account. There’s no phone number to ring to speak to somebody. And my account was cancelled, I can’t email them as they don’t recognise my email account. Needless to say, nobody gets in touch. Any ideas please?",Rated 1 out of 5 stars,money wrongly taken from my account,on 26th december 2025 i cancelled my 3 month trial and have the email to prove it since then two amounts of 1299 have been taken from my bank account theres no phone number to ring to speak to somebody and my account was cancelled i cant email them as they dont recognise my email account needless to say nobody gets in touch any ideas please,1
2026-01-29,Spotify used to be great,"Spotify used to be great, now it is just frustrating. All good free features now get locked behind “new” plans, and the app randomly breaks.  The audiobook push is the final insult. You’re already paying a subscription, then you get asked to buy a single audiobook for a stupid price. Don't you have enough money already? Why be so greedy? I don't undersand",Rated 2 out of 5 stars,spotify used to be great,spotify used to be great now it is just frustrating all good free features now get locked behind new plans and the app randomly breaks  the audiobook push is the final insult youre already paying a subscription then you get asked to buy a single audiobook for a stupid price dont you have enough money already why be so greedy i dont undersand,2
2026-01-29,A garbage company run by garbage people.,No Content,Rated 1 out of 5 stars,a garbage company run by garbage people,no content,1
2026-01-28,I am fed up of being the milk cow of…,"I am fed up of being the milk cow of Spotify. They are now increasing their family rate to $22. i just cancelled the subscription and am moving to Apple Music. The stock price is overvalued even after six months of decline, which probably means that management is keen to get the price back up and keep shareholders happy - and their employees who are paid also in stocks. My proposal: pay a good salary and limit stock distribution. And accept that when the stock price is unreasonably high, the job of management is not to squeeze their customers for the profit to catch up with insane forward P/E of 36. if you want more profit, invent a new product or expand your customer base instead of milking your customers",Rated 2 out of 5 stars,i am fed up of being the milk cow of,i am fed up of being the milk cow of spotify they are now increasing their family rate to 22 i just cancelled the subscription and am moving to apple music the stock price is overvalued even after six months of decline which probably means that management is keen to get the price back up and keep shareholders happy  and their employees who are paid also in stocks my proposal pay a good salary and limit stock distribution and accept that when the stock price is unreasonably high the job of management is not to squeeze their customers for the profit to catch up with insane forward pe of 36 if you want more profit invent a new product or expand your customer base instead of milking your customers,2
2026-01-27,1440 minutes in a day,"1440 minutes in a day, customer service sees fit and entitled to 20 of those. Not acceptable time frame or format for customer services. Awkward set up.",Rated 1 out of 5 stars,1440 minutes in a day,1440 minutes in a day customer service sees fit and entitled to 20 of those not acceptable time frame or format for customer services awkward set up,1
2026-01-26,If you feel like you can double the…,"If you feel like you can double (!) the adds for your free services in comparison to YouTube (!), in my opinion you're a tiny bit arrogant.",Rated 1 out of 5 stars,if you feel like you can double the,if you feel like you can double  the adds for your free services in comparison to youtube  in my opinion youre a tiny bit arrogant,1
2026-01-25,Give them a zero if I could!,"Give them a zero if I could! I had a single plan with them, then upgraded to duo! Didn't think more about it! Until I actually looked through my transactions in PayPal! Spotify had been taking payments for both plans for 6 months! I contacted customer service, they said due to policy, they can't refund the money taken! Absolutely disgusting! They've taken money for a service I was not using anymore! Closed down account! I will not use a service that basically steals money from you! Appalling!",Rated 1 out of 5 stars,give them a zero if i could,give them a zero if i could i had a single plan with them then upgraded to duo didnt think more about it until i actually looked through my transactions in paypal spotify had been taking payments for both plans for 6 months i contacted customer service they said due to policy they cant refund the money taken absolutely disgusting theyve taken money for a service i was not using anymore closed down account i will not use a service that basically steals money from you appalling,1
2026-01-24,SPOTIFY INCAPABLE OF REAL SHUFFLE,"Spotify scores a shameful 1 star solely because it is utterly incapable of providing even a vaguely satisfying shuffle capability. After more than 11 hours chatting its tragic idiotbot & interacting with distracted & disinterested humans, we are still only able to shuffle about 5% of our choice of artists. Spotify""s claims to three options in ""shuffle"" are both grossly misleading & woefully inadequate. Your only choice is the arduous & massively frustrating option of manually switching between your choices - and with 111 in our library, that is a monstrous failure. Such a pity!!",Rated 1 out of 5 stars,spotify incapable of real shuffle,spotify scores a shameful 1 star solely because it is utterly incapable of providing even a vaguely satisfying shuffle capability after more than 11 hours chatting its tragic idiotbot  interacting with distracted  disinterested humans we are still only able to shuffle about 5 of our choice of artists spotifys claims to three options in shuffle are both grossly misleading  woefully inadequate your only choice is the arduous  massively frustrating option of manually switching between your choices  and with 111 in our library that is a monstrous failure such a pity,1
2026-01-23,Worst system ever,"Worst system ever, don’t use, I’ve been trying to delete my account and subscription for over a year, don’t download and don’t use, total waste of money and a scam",Rated 1 out of 5 stars,worst system ever,worst system ever dont use ive been trying to delete my account and subscription for over a year dont download and dont use total waste of money and a scam,1
2026-01-22,Honestly fellas and gal developers....I…,Honestly fellas and gal developers....I love this app! It's been nothing but perfectly formed and getting it was the best idea I've had since Pandora. I do have both and love my music when I work and study.. I've had so many follows on insta and throwing my library out to them is thee best thing I've done with the app. Super awesome that you guys have had the ideas to make those others apps for the artists and creators! It's fantastic that's you've done your homework on the app requirements from Google! Kudos to the team of developers who've worked so hard for the music industries artists and creators and especially the fans! Gimme some love and get me into the Spotify game please??,Rated 5 out of 5 stars,honestly fellas and gal developersi,honestly fellas and gal developersi love this app its been nothing but perfectly formed and getting it was the best idea ive had since pandora i do have both and love my music when i work and study ive had so many follows on insta and throwing my library out to them is thee best thing ive done with the app super awesome that you guys have had the ideas to make those others apps for the artists and creators its fantastic thats youve done your homework on the app requirements from google kudos to the team of developers whove worked so hard for the music industries artists and creators and especially the fans gimme some love and get me into the spotify game please,5
2026-01-22,Switched to Audible today,I used to really enjoy spotify but now my audiobook that I want in the middle of my series is 27 dollars what is that about so now switched all my audiobooks to Audible. Will now find another source for music you guys should not have gotten so greedy. One more customer gone.,Rated 1 out of 5 stars,switched to audible today,i used to really enjoy spotify but now my audiobook that i want in the middle of my series is 27 dollars what is that about so now switched all my audiobooks to audible will now find another source for music you guys should not have gotten so greedy one more customer gone,1
2026-01-22,SPOTIFY. OR ALESTOM.. 👎👎…,Bought a hoover from a company called Alestom and didn't receive the hoover. Then it came to my attention I realised that this company was on a shopping platform called Spotify who I have had bad dealings with before. That's when I realised that I had been had. This Spotify company obviously doesn't vet rogue company's. So I'll have to go to my bank to retrieve the money. SPOTIFY AND ALESTOM ARE NOT TRUSTWORTHY.. DO NOT BUY FROM THEM..,Rated 1 out of 5 stars,spotify or alestom ,bought a hoover from a company called alestom and didnt receive the hoover then it came to my attention i realised that this company was on a shopping platform called spotify who i have had bad dealings with before thats when i realised that i had been had this spotify company obviously doesnt vet rogue companys so ill have to go to my bank to retrieve the money spotify and alestom are not trustworthy do not buy from them,1
2026-01-22,They just make you to use trial service…,"They just make you to use trial service and when you forget to cancel they love to take money whether you use it or not. They charge 10.99 GBP for doing nothing. When contacted they reply by saying we wont refund, if you dont cancel its your problem not ours.",Rated 1 out of 5 stars,they just make you to use trial service,they just make you to use trial service and when you forget to cancel they love to take money whether you use it or not they charge 1099 gbp for doing nothing when contacted they reply by saying we wont refund if you dont cancel its your problem not ours,1
2026-01-22,I am paying premium and still they put ads,I am paying premium and still they put ads on podcasts. Plus the company is complicit with genocide by investing in companies enabling it. Time to move.,Rated 1 out of 5 stars,i am paying premium and still they put ads,i am paying premium and still they put ads on podcasts plus the company is complicit with genocide by investing in companies enabling it time to move,1
2026-01-21,"Absolute Nightmare: 3 Hours, 3 Agents, and Refusal to Refund Admitted Fraud","I have never experienced such a waste of time and poor business practices. I spent nearly three hours (from 1:56 PM to 4:45 PM) trapped in a chat loop just to get unauthorized charges on my company card resolved.  Here is why you should avoid Spotify support:  Admitted Fraud, Refused Refund: Their agents explicitly identified the account using my stolen card info as a complete stranger’s (username ""Ra**ro""). Despite confirming this was clearly fraud and unauthorized, they tried to ""haggle"" with me. First, they offered a $11.99 refund , then $35.97 , and finally a ""3-month adjustment"". They refused to refund the full $203.83 stolen over 17 months, citing ""policy"".  The ""Agent Roulette"": I was passed between three different people (Katarzyna S, Jem A, and Vijaya). Every time I was transferred, I had to wait for them to ""read the notes,"" only for them to ask the exact same questions I had already answered.  Incompetence & Delays: After two hours of back-and-forth, the third agent (Vijaya) joined and immediately went silent for 20 minutes. When they finally replied, they asked for a merchant reference number I had already explained wasn't visible.  They admitted the account was fake, admitted the charges were unauthorized, yet forced me to threaten a bank dispute just to be heard. If you are a business owner, check your statements—Spotify will drain your account and waste your entire afternoon refusing to fix it.",Rated 1 out of 5 stars,absolute nightmare 3 hours 3 agents and refusal to refund admitted fraud,i have never experienced such a waste of time and poor business practices i spent nearly three hours from 156 pm to 445 pm trapped in a chat loop just to get unauthorized charges on my company card resolved  here is why you should avoid spotify support  admitted fraud refused refund their agents explicitly identified the account using my stolen card info as a complete strangers username raro despite confirming this was clearly fraud and unauthorized they tried to haggle with me first they offered a 1199 refund  then 3597  and finally a 3month adjustment they refused to refund the full 20383 stolen over 17 months citing policy  the agent roulette i was passed between three different people katarzyna s jem a and vijaya every time i was transferred i had to wait for them to read the notes only for them to ask the exact same questions i had already answered  incompetence  delays after two hours of backandforth the third agent vijaya joined and immediately went silent for 20 minutes when they finally replied they asked for a merchant reference number i had already explained wasnt visible  they admitted the account was fake admitted the charges were unauthorized yet forced me to threaten a bank dispute just to be heard if you are a business owner check your statementsspotify will drain your account and waste your entire afternoon refusing to fix it,1
2026-01-19,Complete utter dogshit,"Complete utter dogshit. Had a grandfathered plan, tried to reverify status on a super old account and now I am being billed extra because that is the ""new"" billing. Why I'm being billed extra for the same thing with zero updates/better perks? Does Spotify's millions of dollars not cover their broken shuffle or what? You mean to tell me they'll go bankrupt unless they charge me an extra dollar per month? After years and years of loyalty this is how I'm treated? Spotify needs a competitor now because I am never using this ridiculous app ever again. Literally over a decade long user.",Rated 1 out of 5 stars,complete utter dogshit,complete utter dogshit had a grandfathered plan tried to reverify status on a super old account and now i am being billed extra because that is the new billing why im being billed extra for the same thing with zero updatesbetter perks does spotifys millions of dollars not cover their broken shuffle or what you mean to tell me theyll go bankrupt unless they charge me an extra dollar per month after years and years of loyalty this is how im treated spotify needs a competitor now because i am never using this ridiculous app ever again literally over a decade long user,1
2026-01-19,Incompetent,"I must confess, I’ve encountered few services as utterly incompetent as Spotify’s approach to customer care. I changed countries — a simple, everyday reality for a frequent traveler — and now find myself trapped in an absurdly Kafkaesque loop.  Their solution? Obtain a local credit card. Yes, you read that correctly. Because apparently, if my profile reflects my current country of residence, and my card is issued elsewhere, the very notion of logic is discarded. One wonders: am I now required to maintain a fleet of local credit cards around the globe just to pay for what should be a seamless digital service?  Spotify, let me be crystal clear. The issue is not my card. It is your inability to reconcile a user’s profile with a reality that exists outside your narrow, myopic system. I expected elegance, efficiency, discretion — what I received was amateurism, frustration, and the maddening sensation that I am negotiating with a particularly dim-witted bureaucracy.  If you value your time, your patience, or your dignity, tread carefully. Spotify’s customer service is not merely lacking; it is an affront to reason itself.",Rated 1 out of 5 stars,incompetent,i must confess ive encountered few services as utterly incompetent as spotifys approach to customer care i changed countries  a simple everyday reality for a frequent traveler  and now find myself trapped in an absurdly kafkaesque loop  their solution obtain a local credit card yes you read that correctly because apparently if my profile reflects my current country of residence and my card is issued elsewhere the very notion of logic is discarded one wonders am i now required to maintain a fleet of local credit cards around the globe just to pay for what should be a seamless digital service  spotify let me be crystal clear the issue is not my card it is your inability to reconcile a users profile with a reality that exists outside your narrow myopic system i expected elegance efficiency discretion  what i received was amateurism frustration and the maddening sensation that i am negotiating with a particularly dimwitted bureaucracy  if you value your time your patience or your dignity tread carefully spotifys customer service is not merely lacking it is an affront to reason itself,1
2026-01-19,I opened up my Spotify app today and…,"I opened up my Spotify app today and even tho I never listen to podcasts I had the Andrew tate podcast all over my front page, his ugly no chin having face just looking at me every time I open the app new. Disgusting enough that you'd even have him on your platform but boosting him all over my front page?! And I'm paying you for premium?? F that I'm out!! After nearly 15 years I will find a new music streaming app and change!!",Rated 1 out of 5 stars,i opened up my spotify app today and,i opened up my spotify app today and even tho i never listen to podcasts i had the andrew tate podcast all over my front page his ugly no chin having face just looking at me every time i open the app new disgusting enough that youd even have him on your platform but boosting him all over my front page and im paying you for premium f that im out after nearly 15 years i will find a new music streaming app and change,1
2026-01-17,All they want is your bank account!,"All they want is your bank account! Very disappointing experience. Wouldn’t recommend. Keep putting prices up, but lower the quality..",Rated 1 out of 5 stars,all they want is your bank account,all they want is your bank account very disappointing experience wouldnt recommend keep putting prices up but lower the quality,1
2026-01-17,Spot the dog,Your app keeps stopping. Every time. Sort it outtttttt. Leave it ouuuuuuttt!!!,Rated 2 out of 5 stars,spot the dog,your app keeps stopping every time sort it outtttttt leave it ouuuuuuttt,2
2026-01-17,"They dont want you, they want your bank account.","I have had premium for more than 10 years. In that time, they keep increasing the cost while removing what you have access to. After 10 YEARS Im now paying DOUBLE what i used to and have no where near as much content available to me. Its ridiculous, and we NEED to stop letting these companies get by with greed.",Rated 1 out of 5 stars,they dont want you they want your bank account,i have had premium for more than 10 years in that time they keep increasing the cost while removing what you have access to after 10 years im now paying double what i used to and have no where near as much content available to me its ridiculous and we need to stop letting these companies get by with greed,1
2026-01-16,I love Spotify the family plan is great for value,I disagree I think Spotify is great maybe the price went up but they do a great job update,Rated 5 out of 5 stars,i love spotify the family plan is great for value,i disagree i think spotify is great maybe the price went up but they do a great job update,5
2026-01-14,Jesus Christ..,"Jesus Christ... I've been trying to make playlists for work and the work account does not have premium. I am going through songs quickly and litteraly every 5 seconds I get 2, 30 second ads!  I get that you want to push people to get on premiums plans but an ad every 5 seconds???",Rated 1 out of 5 stars,jesus christ,jesus christ ive been trying to make playlists for work and the work account does not have premium i am going through songs quickly and litteraly every 5 seconds i get 2 30 second ads  i get that you want to push people to get on premiums plans but an ad every 5 seconds,1
2026-01-14,Spotify is a bit better than SoundCloud,"- Spotify is also infested with AI slop, but at least it doesn't shove them under my throat. - Add to queue adds songs and albums after the currently playing song and not at the end of queue. - I cannot delete Recently played history. - I cannot add albums to folders and can't set folder pictures. - There is no option to sort songs in playlists by Release date. - I get recommended Joe Roganoid podcasts in my homepage and I cannot hide them.",Rated 1 out of 5 stars,spotify is a bit better than soundcloud, spotify is also infested with ai slop but at least it doesnt shove them under my throat  add to queue adds songs and albums after the currently playing song and not at the end of queue  i cannot delete recently played history  i cannot add albums to folders and cant set folder pictures  there is no option to sort songs in playlists by release date  i get recommended joe roganoid podcasts in my homepage and i cannot hide them,1
2026-01-14,Terrible customer service and did not uphold free trial offer,"I was offered a 4 month free Premium trial. I was given 2 months. So, I contacted customer service via chat. I showed them the email offer via screenshots. I was then switched to another agent who then told me the offer had ended 12/31/25. I referred to the screenshot that did not indicate if and when the offer ended, and since they (the company) did not provide notification, they had to uphold the original offer and link. They then asked for the person who sent me the offer to take a screenshot of the email they sent me, which is beyond ludicrous. Then, the agent wanted the screenshot of the link. After 50 minutes on chat, I asked for the supervisor, and the agent refused I asked a second time for a supervisor and was sent back to the original first agent, who apparently is now the supervisor. She continued to argue with me about the offer, accusing my husband for forwarding it to me until I showed a screenshot of his email that showed ""share 4 months of Premium."" It would not make sense for Spotify to gift HIM 4 free months. At 1.5 hours, a third agent got on. I then removed myself from the conversation with no resolution of the issue.",Rated 1 out of 5 stars,terrible customer service and did not uphold free trial offer,i was offered a 4 month free premium trial i was given 2 months so i contacted customer service via chat i showed them the email offer via screenshots i was then switched to another agent who then told me the offer had ended 123125 i referred to the screenshot that did not indicate if and when the offer ended and since they the company did not provide notification they had to uphold the original offer and link they then asked for the person who sent me the offer to take a screenshot of the email they sent me which is beyond ludicrous then the agent wanted the screenshot of the link after 50 minutes on chat i asked for the supervisor and the agent refused i asked a second time for a supervisor and was sent back to the original first agent who apparently is now the supervisor she continued to argue with me about the offer accusing my husband for forwarding it to me until i showed a screenshot of his email that showed share 4 months of premium it would not make sense for spotify to gift him 4 free months at 15 hours a third agent got on i then removed myself from the conversation with no resolution of the issue,1
2026-01-13,Stop suggesting AI generated music,Stop suggesting AI generated music to me.,Rated 1 out of 5 stars,stop suggesting ai generated music,stop suggesting ai generated music to me,1
2026-01-12,Crazy price for how much you pay,Crazy price for how much you pay. I am listening 24/7 and still I can't justify the price. Gonna start pirating music at this point to not pay.,Rated 1 out of 5 stars,crazy price for how much you pay,crazy price for how much you pay i am listening 247 and still i cant justify the price gonna start pirating music at this point to not pay,1
2026-01-12,Pain and Agony,Pain and Agony,Rated 1 out of 5 stars,pain and agony,pain and agony,1
2026-01-12,The worst nightmare of this application…,The worst nightmare of this application is that users are treated as numbers. The lack of configuration options means that users are forced to accept changes that a team of kids or a profit-oriented company policy considers “cool.” So it's no surprise that so many people are returning to illegal sources of music. It's usually fatigue from constant coercion and a waste of the user's time.,Rated 1 out of 5 stars,the worst nightmare of this application,the worst nightmare of this application is that users are treated as numbers the lack of configuration options means that users are forced to accept changes that a team of kids or a profitoriented company policy considers cool so its no surprise that so many people are returning to illegal sources of music its usually fatigue from constant coercion and a waste of the users time,1
2026-01-11,free trials aren't free,"""If you cancel during a zero-priced free trial period, you will lose access to your Premium benefits immediately and your account will switch over to our free service. Zero-priced free trials cannot be reactivated.""  yeah nice try guys",Rated 1 out of 5 stars,free trials arent free,if you cancel during a zeropriced free trial period you will lose access to your premium benefits immediately and your account will switch over to our free service zeropriced free trials cannot be reactivated  yeah nice try guys,1
2026-01-11,This app is unusable without paying $11.99 a month!!,"This app is practically unusable without paying $11.99 a month. My premium recently ran out (I was given a gift card) about a week ago and the week without premium has been absolute hell. When I attempt to play a song i’m in the mood for, I get a pop up that says that I cannot play any song I choose, but instead the app chooses to play a song I have never heard of in my life. If I wanted song recommendations I would ask for them!! I often find myself leaving the app and just going to youtube instead to play songs that I actually want to listen to.",Rated 1 out of 5 stars,this app is unusable without paying 1199 a month,this app is practically unusable without paying 1199 a month my premium recently ran out i was given a gift card about a week ago and the week without premium has been absolute hell when i attempt to play a song im in the mood for i get a pop up that says that i cannot play any song i choose but instead the app chooses to play a song i have never heard of in my life if i wanted song recommendations i would ask for them i often find myself leaving the app and just going to youtube instead to play songs that i actually want to listen to,1
2026-01-10,spotify is the worst music app yet its…,spotify is the worst music app yet its addicting. so many ads it eats your brain up. also so many issues with wifi and i recently get issues on the web browser where it skips just 5 music ahead of mine. this company is shit,Rated 1 out of 5 stars,spotify is the worst music app yet its,spotify is the worst music app yet its addicting so many ads it eats your brain up also so many issues with wifi and i recently get issues on the web browser where it skips just 5 music ahead of mine this company is shit,1
2026-01-10,Too pricey nowadays,"Good service but not good anymore, Increased the prices reduced functionality on non premium users, its pretty worth it on premium but increasing the price is no good thing",Rated 2 out of 5 stars,too pricey nowadays,good service but not good anymore increased the prices reduced functionality on non premium users its pretty worth it on premium but increasing the price is no good thing,2
2026-01-09,I belive the service they provide is good,"I belive the service they provide is good, still people not make the money they deserve but it would have been same with any other supplier.",Rated 3 out of 5 stars,i belive the service they provide is good,i belive the service they provide is good still people not make the money they deserve but it would have been same with any other supplier,3
2026-01-09,Service is normally awesome with…,Service is normally awesome with premium but have started being charged way more than before. I'M A STUDENT. What is your problem????,Rated 2 out of 5 stars,service is normally awesome with,service is normally awesome with premium but have started being charged way more than before im a student what is your problem,2
2026-01-09,The song skipping limit is very…,The song skipping limit is very annoying.,Rated 1 out of 5 stars,the song skipping limit is very,the song skipping limit is very annoying,1
2026-01-08,Awful customer service,"I enjoyed the premium service for a while, with the family option until they blocked me from adding someone - no explanation why. Had to jump through hoops just to speak to a customer service advisor who then provided a nonsensical response about not being able to override the system error. So yeah I wont be continuing to pay for a service who can't provide the service they say they will. The customer service rep clearly uses auto-responses and takes ages to reply back. Very disappointed with this service",Rated 2 out of 5 stars,awful customer service,i enjoyed the premium service for a while with the family option until they blocked me from adding someone  no explanation why had to jump through hoops just to speak to a customer service advisor who then provided a nonsensical response about not being able to override the system error so yeah i wont be continuing to pay for a service who cant provide the service they say they will the customer service rep clearly uses autoresponses and takes ages to reply back very disappointed with this service,2
2026-01-08,Too many ads in the free version.,Too many ads in the free version. Many songs cannot be heard without premium.,Rated 1 out of 5 stars,too many ads in the free version,too many ads in the free version many songs cannot be heard without premium,1
2026-01-03,Sometimes the app becomes slow.,No Content,Rated 1 out of 5 stars,sometimes the app becomes slow,no content,1
2026-01-02,Not all songs are available offline,"Not all songs are available offline, song scripts are limited.",Rated 1 out of 5 stars,not all songs are available offline,not all songs are available offline song scripts are limited,1
2026-01-02,Free version has more ads,"Free version has more ads, premium price is higher.",Rated 1 out of 5 stars,free version has more ads,free version has more ads premium price is higher,1
2026-01-01,I ordered a spotify voucher off argos…,I ordered a spotify voucher off argos for christmas . Friday before Christmas today 1 jan still not got it and now they there is no refund policy,Rated 5 out of 5 stars,i ordered a spotify voucher off argos,i ordered a spotify voucher off argos for christmas  friday before christmas today 1 jan still not got it and now they there is no refund policy,5
2025-12-30,Normally only good experiences but I've…,Normally only good experiences but I've begun seeing ads even though I'm a premium user. odd,Rated 3 out of 5 stars,normally only good experiences but ive,normally only good experiences but ive begun seeing ads even though im a premium user odd,3
2025-12-30,Spotify discriminates divorced dad,I am a divorced dad leaving in a different country than my daughter I took a duo plan for her and Spotify asked me to change country to benefit it. I have been paying for 6 months for nothing. When I reached to support and asked for clarification and Olimpia on the 30th of December at 13:54 ended up the conversation saying I was being rude. She found that excuse because I was saying if you don't put the duo now I will cancel. We have been trying so long to do it but all the problem comes from the fact that Spotify is so cheap that they don't have my address located properly while a dump search in Google Maps would solve the proble,Rated 1 out of 5 stars,spotify discriminates divorced dad,i am a divorced dad leaving in a different country than my daughter i took a duo plan for her and spotify asked me to change country to benefit it i have been paying for 6 months for nothing when i reached to support and asked for clarification and olimpia on the 30th of december at 1354 ended up the conversation saying i was being rude she found that excuse because i was saying if you dont put the duo now i will cancel we have been trying so long to do it but all the problem comes from the fact that spotify is so cheap that they dont have my address located properly while a dump search in google maps would solve the proble,1
2025-12-30,Spotify sucks,"Spotify is highly aggressive with advertising harassment, don't use their service, they are greedy and put ads in even when they are on premium.",Rated 1 out of 5 stars,spotify sucks,spotify is highly aggressive with advertising harassment dont use their service they are greedy and put ads in even when they are on premium,1
2025-12-30,Easy to download and price is good,No Content,Rated 3 out of 5 stars,easy to download and price is good,no content,3
2025-12-30,Terrible sound quality,"Terrible sound quality, easily sounds worse than literally any other music service out there, extremely cluttered, needlessly fiddly, and overwhelming interface, exceptionally unpleasant UI, and they fund war,",Rated 1 out of 5 stars,terrible sound quality,terrible sound quality easily sounds worse than literally any other music service out there extremely cluttered needlessly fiddly and overwhelming interface exceptionally unpleasant ui and they fund war,1
2025-12-29,Yet another new thing that we didn't…,Yet another new thing that we didn't ask for but gets shoved down users' throats: notifications on live events and tickets. Of course it's a money-related thing. More time wasted trying to find how to switch off something I didn't ask for. I wish fewer money-driven scam artists would work for this company.,Rated 1 out of 5 stars,yet another new thing that we didnt,yet another new thing that we didnt ask for but gets shoved down users throats notifications on live events and tickets of course its a moneyrelated thing more time wasted trying to find how to switch off something i didnt ask for i wish fewer moneydriven scam artists would work for this company,1
2025-12-27,Customer service,Aylya M. helped me so much and gave an excellent service. I am so thankful to her and the spotify team.,Rated 5 out of 5 stars,customer service,aylya m helped me so much and gave an excellent service i am so thankful to her and the spotify team,5
2025-12-26,Spotify is a good choice...however,"Spotify is a good choice...however, the prices can get steep for struggling artists. They do offer promotional trial periods and have a great algorithm and integration with Discord. I use it whenever I have the means.",Rated 5 out of 5 stars,spotify is a good choicehowever,spotify is a good choicehowever the prices can get steep for struggling artists they do offer promotional trial periods and have a great algorithm and integration with discord i use it whenever i have the means,5
2025-12-26,They offered me 2 months premium for…,"They offered me 2 months premium for £0. I accepted, but I was charged £12.99 immediately for the next 2 months (not £0 as offered). Disgraceful and arguably fraudulent.",Rated 1 out of 5 stars,they offered me 2 months premium for,they offered me 2 months premium for 0 i accepted but i was charged 1299 immediately for the next 2 months not 0 as offered disgraceful and arguably fraudulent,1
2025-12-26,Spotify is an outdated joke of a Company,"This company is so outdated its painful!! I'm traveling from Canada to SEA and had my credit card compromised. My family account which I have had for years was delinquent by a few days. Because of where I was I couldn't change card payment. Once I did I would think my account would just continue?? Nope not with this company!!! First it defaults to Premium ""Individual"" which I was not expecting, once realized I had to upgrade account and reinvite all my previous family members. But not so easy yet??!! My account shows in English but all instructions to invite are in the language of the country I am in Asia which I don't understand. This Spotify is an outdated joke of a user friendly Company!!!",Rated 1 out of 5 stars,spotify is an outdated joke of a company,this company is so outdated its painful im traveling from canada to sea and had my credit card compromised my family account which i have had for years was delinquent by a few days because of where i was i couldnt change card payment once i did i would think my account would just continue nope not with this company first it defaults to premium individual which i was not expecting once realized i had to upgrade account and reinvite all my previous family members but not so easy yet my account shows in english but all instructions to invite are in the language of the country i am in asia which i dont understand this spotify is an outdated joke of a user friendly company,1
2025-12-25,Complete scam,"Complete scam. Signed up for premium family, they took the months money in advance then cancelled the next day. Refused to return the money and refused to explain why they cancelled. Bunch of crooks.",Rated 1 out of 5 stars,complete scam,complete scam signed up for premium family they took the months money in advance then cancelled the next day refused to return the money and refused to explain why they cancelled bunch of crooks,1
2025-12-25,You get no help,You get no help. I’ve been trying to log into my account for two hours. Just keep telling me that the email is already been used and it’s my email. I can’t even get into my own account and I can’t even get any help and I’m paying for this sh… and it doesn’t even work,Rated 1 out of 5 stars,you get no help,you get no help ive been trying to log into my account for two hours just keep telling me that the email is already been used and its my email i cant even get into my own account and i cant even get any help and im paying for this sh and it doesnt even work,1
2025-12-25,I couldn’t use any of the features and…,"I couldn’t use any of the features and it’s really bad and it kept spamming me with the ads. I can’t do anything on it. And I only have a certain amount of skips per hour, which really needs to be changed",Rated 1 out of 5 stars,i couldnt use any of the features and,i couldnt use any of the features and its really bad and it kept spamming me with the ads i cant do anything on it and i only have a certain amount of skips per hour which really needs to be changed,1
2025-12-25,My 14-year-old son has opened an…,"My 14-year-old son has opened an account, and his email address was banned very quickly. Trying to find out why via their web chat, I got told that there was a security issue, and if he wants an account, he'd need to open a new email address. Asking for more info, the response was ""We don't have more information, and we'll close the chat"" This is for the free account. Good luck to those who pay monthly. Great customer service. My son said that he opened the account, listened to music for about 10 hours, and it asked him to log in again. This was all the access he got. I won't ever consider paying for bad service and access.",Rated 1 out of 5 stars,my 14yearold son has opened an,my 14yearold son has opened an account and his email address was banned very quickly trying to find out why via their web chat i got told that there was a security issue and if he wants an account hed need to open a new email address asking for more info the response was we dont have more information and well close the chat this is for the free account good luck to those who pay monthly great customer service my son said that he opened the account listened to music for about 10 hours and it asked him to log in again this was all the access he got i wont ever consider paying for bad service and access,1
2025-12-24,Advert to start music,"Advert to start music, some old women moaning about health. You guys are finished forever",Rated 1 out of 5 stars,advert to start music,advert to start music some old women moaning about health you guys are finished forever,1
2025-12-24,Not free user friendly,"Not free user friendly. For starters, you do get 1 month (???) of free premium, which is the only plus. Every other song, i get 2-3 30sec. Ads and it's almost always the same ads. Whenever i get a ""Enjoy the next thirty minutes of uninterrupted listening."" it isn't 30 min... its 3 songs, which is about 4 min. I'm sad that there's no competitor for this that isn't ad-packed. Dont get me started in the forced shuffle, ""Songs play in order,"" or limited skips. I tend to download the songs whenever i get so pissed and mad from the limitations.",Rated 1 out of 5 stars,not free user friendly,not free user friendly for starters you do get 1 month  of free premium which is the only plus every other song i get 23 30sec ads and its almost always the same ads whenever i get a enjoy the next thirty minutes of uninterrupted listening it isnt 30 min its 3 songs which is about 4 min im sad that theres no competitor for this that isnt adpacked dont get me started in the forced shuffle songs play in order or limited skips i tend to download the songs whenever i get so pissed and mad from the limitations,1
2025-12-24,Spotify feels like it slowly turns on…,"Spotify feels like it slowly turns on you once you’re locked in. You pay every month and still feel squeezed. Prices go up, features shuffle around, and things that used to be simple now feel gated. You open the app and it’s playlists being pushed, podcasts you didn’t ask for, promos everywhere. It stops feeling like your music and starts feeling like their funnel. Recommendations get lazy. You listen to one thing and they beat it to death for weeks. Try to discover something new and it circles back to the same safe stuff. You end up skipping more than listening. Offline bugs, random glitches, downloads disappearing for no reason. Stuff you expect to just work suddenly doesn’t. Then there’s the whole control thing. Artists you follow get buried, releases don’t show up, and the app decides what you should hear instead. You’re paying but still fighting the product. It feels bloated, pushy, and way too comfortable taking your money while slowly making the experience worse.",Rated 1 out of 5 stars,spotify feels like it slowly turns on,spotify feels like it slowly turns on you once youre locked in you pay every month and still feel squeezed prices go up features shuffle around and things that used to be simple now feel gated you open the app and its playlists being pushed podcasts you didnt ask for promos everywhere it stops feeling like your music and starts feeling like their funnel recommendations get lazy you listen to one thing and they beat it to death for weeks try to discover something new and it circles back to the same safe stuff you end up skipping more than listening offline bugs random glitches downloads disappearing for no reason stuff you expect to just work suddenly doesnt then theres the whole control thing artists you follow get buried releases dont show up and the app decides what you should hear instead youre paying but still fighting the product it feels bloated pushy and way too comfortable taking your money while slowly making the experience worse,1
2025-12-23,Not useful the payment is more,No Content,Rated 2 out of 5 stars,not useful the payment is more,no content,2
2025-12-22,TOO MANY FK.I ADS,TOO MANY FKI ADS. the older gen had much less ads while trying to enjoy their existence fk this greedy corporation they need to go bankrupt. Literally an ad every 2 songs that should be illegal and there are no rights for the regular person Spotify should lose money,Rated 1 out of 5 stars,too many fki ads,too many fki ads the older gen had much less ads while trying to enjoy their existence fk this greedy corporation they need to go bankrupt literally an ad every 2 songs that should be illegal and there are no rights for the regular person spotify should lose money,1
2025-12-20,Spotify has changed its playlists,"Spotify has changed its playlists to shuffle and they can’t even pick the first song, and also they have changed their 4 skips per hour to 6 skips per day with 3 ads every 3 songs, I do not recommend.",Rated 1 out of 5 stars,spotify has changed its playlists,spotify has changed its playlists to shuffle and they cant even pick the first song and also they have changed their 4 skips per hour to 6 skips per day with 3 ads every 3 songs i do not recommend,1
2025-12-18,I have after many years now ended my…,"I have after many years now ended my payment plan on Spotify. Something i hate to say, as ive loved the platform before for its innovative and user friendly approach, which sadly does not ring true anymore. with the rise of AI generated content Spotify lacks the vert function that would protect both its artis and users the most, AI labeling requirements and transparency for its users to chose not to engage in AI content. I will not be back until such measures have taken place.",Rated 1 out of 5 stars,i have after many years now ended my,i have after many years now ended my payment plan on spotify something i hate to say as ive loved the platform before for its innovative and user friendly approach which sadly does not ring true anymore with the rise of ai generated content spotify lacks the vert function that would protect both its artis and users the most ai labeling requirements and transparency for its users to chose not to engage in ai content i will not be back until such measures have taken place,1
2025-12-18,Not worth it,"Not worth it, customer service isn’t helpful and thieves. Take your money even if you don’t want to renew and smug about it",Rated 1 out of 5 stars,not worth it,not worth it customer service isnt helpful and thieves take your money even if you dont want to renew and smug about it,1
2025-12-16,Wonderful,Very pricey and close to becoming too expensive but what a great app. Very easy to use.,Rated 5 out of 5 stars,wonderful,very pricey and close to becoming too expensive but what a great app very easy to use,5
2025-12-16,Download music can listen off up 30days…,Download music can listen off up 30days useful app,Rated 5 out of 5 stars,download music can listen off up 30days,download music can listen off up 30days useful app,5
2025-12-16,Just... why?,"I just was able to finally use Spotify on my phone since I got earbuds to listen by myself peacefully, just to discover that half the possibilities are locked behind premium. Firstly, $12 a month sounds a little absurd and the 4 month plan clearly is a scam since everyone is getting scammed by it, so luckily I didn't do it. But these free options are actually going to kill me. The playlists don't even play in order and half the songs aren't even from the playlist. Ads appear what feels like every 10 minutes instead of 30 and the whole app is just a scam and waste of time. Would not recommend.",Rated 1 out of 5 stars,just why,i just was able to finally use spotify on my phone since i got earbuds to listen by myself peacefully just to discover that half the possibilities are locked behind premium firstly 12 a month sounds a little absurd and the 4 month plan clearly is a scam since everyone is getting scammed by it so luckily i didnt do it but these free options are actually going to kill me the playlists dont even play in order and half the songs arent even from the playlist ads appear what feels like every 10 minutes instead of 30 and the whole app is just a scam and waste of time would not recommend,1
2025-12-16,Scammers!!,"Scammers!!! Charged me for 3-month premium but didn't give me the subscription!!! The customer service sucks as well, keep on hangin up on me saying I'm swearing but I didn't use a single profanity!!! Even the ""managers""!!!",Rated 1 out of 5 stars,scammers,scammers charged me for 3month premium but didnt give me the subscription the customer service sucks as well keep on hangin up on me saying im swearing but i didnt use a single profanity even the managers,1
2025-12-15,terrible customer service,"terrible customer service, nobody knows what they are doing.",Rated 1 out of 5 stars,terrible customer service,terrible customer service nobody knows what they are doing,1
2025-12-14,I can't create playlist,"I can't create playlist but don't know why?? My old playlist also disappeared, How do I get ride of it?",Rated 2 out of 5 stars,i cant create playlist,i cant create playlist but dont know why my old playlist also disappeared how do i get ride of it,2
2025-12-14,SPOTIFY ARE THEIVES. NEVER USE THEM.,"Subscription companies like Spitify should not be able to re start peoples Subscription in order to gauge more money from them. I'm livid right now. I started with them on an offer and canceled right away. But one their page yesterday it said ""You're Subscription will ongoing 06/01/26 but will NO LONGER BE CHAGED. No problem I thought...but they tried twice that to charge me for a premium plan this week. I double checked and hoped they just realise their error...No...this morning they restarted my subscription in full to carry on billing me each month. This is so messed up and a quick Goole search shows it happens a lot. I have notified my bank and social media platforms to warn others. I'm hoping to get my £11.99 back as I've canceled the whole account now and want nothing to do with them. I'd like a response please Spotify. I'm already cancled then you cannot charge me and open my subscription back up..that's illegal.",Rated 1 out of 5 stars,spotify are theives never use them,subscription companies like spitify should not be able to re start peoples subscription in order to gauge more money from them im livid right now i started with them on an offer and canceled right away but one their page yesterday it said youre subscription will ongoing 060126 but will no longer be chaged no problem i thoughtbut they tried twice that to charge me for a premium plan this week i double checked and hoped they just realise their errornothis morning they restarted my subscription in full to carry on billing me each month this is so messed up and a quick goole search shows it happens a lot i have notified my bank and social media platforms to warn others im hoping to get my 1199 back as ive canceled the whole account now and want nothing to do with them id like a response please spotify im already cancled then you cannot charge me and open my subscription back upthats illegal,1
2025-12-13,Garbage system when you cant even…,Garbage system when you cant even remove an Exact name like in your playlist without a third party BS app.  Lazy... garbage... woke,Rated 1 out of 5 stars,garbage system when you cant even,garbage system when you cant even remove an exact name like in your playlist without a third party bs app  lazy garbage woke,1
2025-12-11,Spotify took my money,I had the 30 day free trial. I was getting ready to cancel my free trial and They charged me a day early. I emailed them and they told me they can’t reimburse me. They will take your money from you!,Rated 2 out of 5 stars,spotify took my money,i had the 30 day free trial i was getting ready to cancel my free trial and they charged me a day early i emailed them and they told me they cant reimburse me they will take your money from you,2
2025-12-11,very bad policy no free music,"very bad no free music, always give popups to buy plan, I have removed Spotify and listening music on Gaana,com",Rated 1 out of 5 stars,very bad policy no free music,very bad no free music always give popups to buy plan i have removed spotify and listening music on gaanacom,1
2025-12-10,disturbing animated content with explicit sexual themes,"We’ve been Spotify premium users for 15 years and allowed our 10-year-old daughter unlimited access so she could listen to music and kids’ podcasts. Recently, we discovered she was being shown disturbing animated content with explicit sexual themes—completely inappropriate for a child. She even tried to hide it from us.  There is no way to block, remove, or disable this type of content, and it appears Spotify still lacks effective parental controls despite similar complaints dating back to 2022.  We immediately canceled our subscription and deleted the app from her devices. If your children use Spotify, please monitor their listening history closely, as inappropriate content can appear without warning.",Rated 1 out of 5 stars,disturbing animated content with explicit sexual themes,weve been spotify premium users for 15 years and allowed our 10yearold daughter unlimited access so she could listen to music and kids podcasts recently we discovered she was being shown disturbing animated content with explicit sexual themescompletely inappropriate for a child she even tried to hide it from us  there is no way to block remove or disable this type of content and it appears spotify still lacks effective parental controls despite similar complaints dating back to 2022  we immediately canceled our subscription and deleted the app from her devices if your children use spotify please monitor their listening history closely as inappropriate content can appear without warning,1
2025-12-08,Fake listening's and boots.,It is full of boots.,Rated 2 out of 5 stars,fake listenings and boots,it is full of boots,2
2025-12-08,Where my playlist and my account,Where my playlist and my account? So many errors.,Rated 1 out of 5 stars,where my playlist and my account,where my playlist and my account so many errors,1
2025-12-08,They delete my account and my playlist.,They delete my account and my playlist.,Rated 1 out of 5 stars,they delete my account and my playlist,they delete my account and my playlist,1
2025-12-07,Missing features,"I cannot see how long my favorite songs playlist is, no reason why it should be that way. There is no way to move a lot of songs from my favorite list to another playlist. It is not possible to use the (beta) feature to make custom Playlist covers on PC. There is no way to have 2 different playlist playing at the same time. When a Playlist ends on shuffle mode, the same songs will play in the same order or the Playlist will just stop after 1 or 2 songs. confuing UI sometimes.",Rated 3 out of 5 stars,missing features,i cannot see how long my favorite songs playlist is no reason why it should be that way there is no way to move a lot of songs from my favorite list to another playlist it is not possible to use the beta feature to make custom playlist covers on pc there is no way to have 2 different playlist playing at the same time when a playlist ends on shuffle mode the same songs will play in the same order or the playlist will just stop after 1 or 2 songs confuing ui sometimes,3
2025-12-07,ICE adds and terrible artist returns,ICE adds and terrible artist returns. Don't support.,Rated 1 out of 5 stars,ice adds and terrible artist returns,ice adds and terrible artist returns dont support,1
2025-12-07,Too much for a pensioner,"I stopped my subscription with increased cost especially being 74 & it was such a chunk out of my Govt Pension. There were still ads and audible content was cut off partway through a book reading. Looked at rejoining and found 4 months free before paying, but then it showed as 2 months.",Rated 1 out of 5 stars,too much for a pensioner,i stopped my subscription with increased cost especially being 74  it was such a chunk out of my govt pension there were still ads and audible content was cut off partway through a book reading looked at rejoining and found 4 months free before paying but then it showed as 2 months,1
2025-12-06,Running racist ICE ads targeting and…,Running racist ICE ads targeting and slandering immigrants as dangerous. I want to hear music not your racist and dangerous propaganda.,Rated 1 out of 5 stars,running racist ice ads targeting and,running racist ice ads targeting and slandering immigrants as dangerous i want to hear music not your racist and dangerous propaganda,1
2025-12-06,Terrible Customer Service,Welp another terrible review of Spotifys customer service. I was charge after I cancelled and told that I can’t be reimbursed even though I never used the services and today is when I was charged. Over an hour on a chat with someone in the Philippines and got no where over $13. Absolutely wild how a company of that size can treat their customers. Beware!,Rated 1 out of 5 stars,terrible customer service,welp another terrible review of spotifys customer service i was charge after i cancelled and told that i cant be reimbursed even though i never used the services and today is when i was charged over an hour on a chat with someone in the philippines and got no where over 13 absolutely wild how a company of that size can treat their customers beware,1
2025-12-05,email for 2 months for price of one…,Got email for 2 months for price of one if I joined again. Only way to communicate is text.sent screen shots etc. took 90 minutes to be told to wait for email. The email says I don’t qualify but to pay one month and they will refund. Made me feel like I was a scammer or something. I just went to apple and Amazon. I told them to forget it.,Rated 2 out of 5 stars,email for 2 months for price of one,got email for 2 months for price of one if i joined again only way to communicate is textsent screen shots etc took 90 minutes to be told to wait for email the email says i dont qualify but to pay one month and they will refund made me feel like i was a scammer or something i just went to apple and amazon i told them to forget it,2
2025-11-24,"Misleading Trial Offer, Money Taken Without Warning & Disgraceful Customer Service","I signed up for a four month Spotify Premium trial which clearly stated I wouldn’t be charged until 21 March 2026. Less than 24 hours later, Spotify took £12.99 from my account without any prior warning.  I had to spend over an hour on live chat trying to sort out a payment I should never have been charged in the first place, an hour of my life I will never get back. They eventually agreed to refund the £12.99, but then refused to honour the trial I had signed up for, even after I sent screenshots proving the offer.  Their excuse was that it was possibly because my partner has a Spotify account linked to the same bank, I’m “not entitled” to my own trial due to this factor, something that was never stated during sign-up and yet the offer was still shown to me.  Not only was money taken from my account incorrectly, but it then took an hour of my time to get it returned. Furious and extremely disappointed. They tried to offer me two months for the price of one, I declined. I will never trust a company that takes money from my account without my permission or prior warning. Beware.",Rated 1 out of 5 stars,misleading trial offer money taken without warning  disgraceful customer service,i signed up for a four month spotify premium trial which clearly stated i wouldnt be charged until 21 march 2026 less than 24 hours later spotify took 1299 from my account without any prior warning  i had to spend over an hour on live chat trying to sort out a payment i should never have been charged in the first place an hour of my life i will never get back they eventually agreed to refund the 1299 but then refused to honour the trial i had signed up for even after i sent screenshots proving the offer  their excuse was that it was possibly because my partner has a spotify account linked to the same bank im not entitled to my own trial due to this factor something that was never stated during signup and yet the offer was still shown to me  not only was money taken from my account incorrectly but it then took an hour of my time to get it returned furious and extremely disappointed they tried to offer me two months for the price of one i declined i will never trust a company that takes money from my account without my permission or prior warning beware,1
2025-11-23,Spotify isn’t just a music app it’s a…,"Spotify isn’t just a music app it’s a rhythm curator. Every playlist feels intentional, transitions are seamless, and the sound quality stays consistent across devices. Pure audio precision.",Rated 5 out of 5 stars,spotify isnt just a music app its a,spotify isnt just a music app its a rhythm curator every playlist feels intentional transitions are seamless and the sound quality stays consistent across devices pure audio precision,5
2025-11-23,Video uploads are terrible I went back…,Video uploads are terrible I went back to YouTube,Rated 1 out of 5 stars,video uploads are terrible i went back,video uploads are terrible i went back to youtube,1
2025-11-23,Extremely Disappointed with Spotify,"I’ve been a loyal Spotify subscriber for years, but my recent experience has left me incredibly frustrated and disappointed. Despite paying for a subscription, I was suddenly cut off from listening, being told I had maxed out my time. This is simply not possible, and even after providing customer service with evidence, I was met with indifference.  Instead of resolving the issue, I was told to wait 30 days for a review of my audio listening time. I spent hours on the phone with customer service, only to end up with nothing resolved. It’s frustrating to deal with a company where there’s no option to speak to someone in person about urgent issues. To make matters worse, they expect that I pay even more to extend my listening time, which feels completely unfair—especially when I’ve already paid for a subscription that should cover my usage.  The lack of accountability and support is disheartening. After years of being a loyal customer, I expected better. I can’t recommend Spotify anymore; there are plenty of other streaming services out there that value their customers and provide a better listening experience. Save your time and money—look elsewhere",Rated 1 out of 5 stars,extremely disappointed with spotify,ive been a loyal spotify subscriber for years but my recent experience has left me incredibly frustrated and disappointed despite paying for a subscription i was suddenly cut off from listening being told i had maxed out my time this is simply not possible and even after providing customer service with evidence i was met with indifference  instead of resolving the issue i was told to wait 30 days for a review of my audio listening time i spent hours on the phone with customer service only to end up with nothing resolved its frustrating to deal with a company where theres no option to speak to someone in person about urgent issues to make matters worse they expect that i pay even more to extend my listening time which feels completely unfairespecially when ive already paid for a subscription that should cover my usage  the lack of accountability and support is disheartening after years of being a loyal customer i expected better i cant recommend spotify anymore there are plenty of other streaming services out there that value their customers and provide a better listening experience save your time and moneylook elsewhere,1
2025-11-21,My number 1 Music Platform,"Spotify has a huge selection of podcasts that I can listen to, and so many audio books too. Recently lossless has been added, which makes the sound better and sharper than before, although I don't think the sound was ever that awful. There are different genres to choose from, and many public playlists. Spotifies AI does a decent job developing my algorithm, which I love. I am unable to think of anything bad to say about spotify, so it's still my #1.",Rated 5 out of 5 stars,my number 1 music platform,spotify has a huge selection of podcasts that i can listen to and so many audio books too recently lossless has been added which makes the sound better and sharper than before although i dont think the sound was ever that awful there are different genres to choose from and many public playlists spotifies ai does a decent job developing my algorithm which i love i am unable to think of anything bad to say about spotify so its still my 1,5
2025-11-21,Greed,"Adverts,adverts,adverts Spotify has changed,I wanted to purchase the none adverts option but too expensive,taking into consideration students get it cheap but nothing for pensioners, I will stick with Alexa when the ads cone on all I say is Alexa mute then give a little time and Alexa unmute.",Rated 1 out of 5 stars,greed,advertsadvertsadverts spotify has changedi wanted to purchase the none adverts option but too expensivetaking into consideration students get it cheap but nothing for pensioners i will stick with alexa when the ads cone on all i say is alexa mute then give a little time and alexa unmute,1
2025-11-20,scam…,"i have been trying to cancel my spotify subscription for 2 months now whilst it taking £12 out of my account. they don’t get back to you, no option to even cancel it at all.",Rated 1 out of 5 stars,scam,i have been trying to cancel my spotify subscription for 2 months now whilst it taking 12 out of my account they dont get back to you no option to even cancel it at all,1
2025-11-17,Greedy little piggies,"OMG - so many issues! Apparently I cannot ""close my account"" without providing the bank account details to the online chat? Do you think I'm an idiot? Can't change subscription without going online, can't change country even if you are online, and now, can't close account unless you wait for the next billing cycle. ie. cashgrab.",Rated 1 out of 5 stars,greedy little piggies,omg  so many issues apparently i cannot close my account without providing the bank account details to the online chat do you think im an idiot cant change subscription without going online cant change country even if you are online and now cant close account unless you wait for the next billing cycle ie cashgrab,1
2025-11-17,Audiobook rip off.,"Audiobook rip off. Don’t bother starting a “free” audiobook on Spotify. I pay for premium duo, and get 15 hours of free audiobook listening a month. I started a good book and was 87% of the way through when it suddenly changed from being on the free list to being a paid for book at £16! No notice, no emails, no warning, just now a locked book when I’m getting to the good bit at the end. I contacted Spotify, and they confirmed I hadn’t used my 15 hours, but the books sometimes move from being free, to being a paid addition. They move WITHOUT NOTICE. It’s now pointless starting an audiobook, as you will never know if you can finish it without paying for the last chapter! I now need to decide if I want to pay £16 to finish the book. I think not, I’ll be cancelling my subscription and buy the physical book. Back to Apple Music it is.",Rated 1 out of 5 stars,audiobook rip off,audiobook rip off dont bother starting a free audiobook on spotify i pay for premium duo and get 15 hours of free audiobook listening a month i started a good book and was 87 of the way through when it suddenly changed from being on the free list to being a paid for book at 16 no notice no emails no warning just now a locked book when im getting to the good bit at the end i contacted spotify and they confirmed i hadnt used my 15 hours but the books sometimes move from being free to being a paid addition they move without notice its now pointless starting an audiobook as you will never know if you can finish it without paying for the last chapter i now need to decide if i want to pay 16 to finish the book i think not ill be cancelling my subscription and buy the physical book back to apple music it is,1
2025-11-17,Deceiful marketing of extra audiobook…,"Deceitful marketing of extra audiobook hours. Paid for 12 months use +15hours, lost after one month. No recourse from chat only customer service. Switching to a service with customer service and less deliberate deceitful sales tactics. Could have owned the particular Audiobook, if purchased from the competition.",Rated 1 out of 5 stars,deceiful marketing of extra audiobook,deceitful marketing of extra audiobook hours paid for 12 months use 15hours lost after one month no recourse from chat only customer service switching to a service with customer service and less deliberate deceitful sales tactics could have owned the particular audiobook if purchased from the competition,1
2025-11-16,Price goes up and up,"Price goes up, service goes down. Money grabbing opportunists.",Rated 1 out of 5 stars,price goes up and up,price goes up service goes down money grabbing opportunists,1
2025-11-16,At least 15days before pitching -Spotify- really?,"How is it that the pitching of a song on Spotify advises that it should be pitched at least 15 days before the release date to be placed in a playlist? I purposely had a 50-day gap between the release date of a song that I pitched; it´s been 31 days, and no playlist! How do they pretend to do what they say in 15 days, if they can even do it in 30 days? Something is very wrong. Is it because I am a new artist? Is it because it's a Spanish song?",Rated 1 out of 5 stars,at least 15days before pitching spotify really,how is it that the pitching of a song on spotify advises that it should be pitched at least 15 days before the release date to be placed in a playlist i purposely had a 50day gap between the release date of a song that i pitched its been 31 days and no playlist how do they pretend to do what they say in 15 days if they can even do it in 30 days something is very wrong is it because i am a new artist is it because its a spanish song,1
2025-11-16,Just another greedy company,Was a paying customere for years but they just keep putting the price up. Asked if this time they could give the same deal as a new customer (one month free) to mitigate the price for one year and they said no. Just another greedy company who will give new customers a deal but not long standing ones. So i've cancelled the subscripton and i wont be using their free version either.,Rated 1 out of 5 stars,just another greedy company,was a paying customere for years but they just keep putting the price up asked if this time they could give the same deal as a new customer one month free to mitigate the price for one year and they said no just another greedy company who will give new customers a deal but not long standing ones so ive cancelled the subscripton and i wont be using their free version either,1
2025-11-16,An immoral company,"An immoral company supporting AI, ICE, and not supporting real artists and small musicians.",Rated 1 out of 5 stars,an immoral company,an immoral company supporting ai ice and not supporting real artists and small musicians,1
2025-11-16,Awful,"Awful, I feel like the customer service are well versed in prolonging the agony of trying to report bad behaviour, such as emails promising much and delivering less than nothing, I also think their platform doesnt suit how I want to listen to music, more geared towards selling music and not just allowing you to listen contentedly to your personal selections, i do not recommend, sadly the alternatives aren't all that great either :(",Rated 1 out of 5 stars,awful,awful i feel like the customer service are well versed in prolonging the agony of trying to report bad behaviour such as emails promising much and delivering less than nothing i also think their platform doesnt suit how i want to listen to music more geared towards selling music and not just allowing you to listen contentedly to your personal selections i do not recommend sadly the alternatives arent all that great either ,1
2025-11-16,Worst than ever,"Worst than ever, stupid algorithms/ki propose all what I don’t want to hear. My favorites styles I can’t find anymore, if I don’t know the exact name. It’s more difficult to find what I want than ever, via a browser/google it’s much easier. Thanks, I don’t need it anymore…",Rated 1 out of 5 stars,worst than ever,worst than ever stupid algorithmski propose all what i dont want to hear my favorites styles i cant find anymore if i dont know the exact name its more difficult to find what i want than ever via a browsergoogle its much easier thanks i dont need it anymore,1
2025-11-15,Suddenly playing ads,Suddenly playing ads in the middle of song is really awful.,Rated 1 out of 5 stars,suddenly playing ads,suddenly playing ads in the middle of song is really awful,1
2025-11-15,So many adverts,So many adverts . Same ones are being played from 1 year ago . 30 mins without adds ? More like 5 mins . Seems like Spotify can only play Miles Smith ads it’s actually sending me crazy.,Rated 2 out of 5 stars,so many adverts,so many adverts  same ones are being played from 1 year ago  30 mins without adds  more like 5 mins  seems like spotify can only play miles smith ads its actually sending me crazy,2
2025-11-15,The support team is a joke,The support team is a joke. You have to speak to them like children to help them understand basic concepts. Additionally they are breaking UK law with their price increases and forced continued subscriptions. They have charged me without permission plus put me on the free subscriptions when I complained but refused to refund. So to clarify: they charged me the premium fee while having me on the free account. I am not surprised by the amount of negative comments and the fact that the positive reviews are by people only ever leaving feedback for them.,Rated 1 out of 5 stars,the support team is a joke,the support team is a joke you have to speak to them like children to help them understand basic concepts additionally they are breaking uk law with their price increases and forced continued subscriptions they have charged me without permission plus put me on the free subscriptions when i complained but refused to refund so to clarify they charged me the premium fee while having me on the free account i am not surprised by the amount of negative comments and the fact that the positive reviews are by people only ever leaving feedback for them,1
2025-11-12,there is no customer support for artists...,"customer support for artists is essentially non-existent. they take you around in circles for hours, are ill trained to understand the most basic of issues, and block any access beyond them. utterly useless.",Rated 1 out of 5 stars,there is no customer support for artists,customer support for artists is essentially nonexistent they take you around in circles for hours are ill trained to understand the most basic of issues and block any access beyond them utterly useless,1
2025-11-12,They are now constantly increasing…,They are now constantly increasing prices. Now has gone to £11.99? In two months there was an increase already! I’m very disappointed. I’m have now cancelled my subscription. If we stop our subscriptions they won’t have any business and see how clever they are!,Rated 1 out of 5 stars,they are now constantly increasing,they are now constantly increasing prices now has gone to 1199 in two months there was an increase already im very disappointed im have now cancelled my subscription if we stop our subscriptions they wont have any business and see how clever they are,1
2025-11-11,Don't support hate,Spotify is promoting ICE recruitment ads and trump hateful and racist actions by this current administration.,Rated 1 out of 5 stars,dont support hate,spotify is promoting ice recruitment ads and trump hateful and racist actions by this current administration,1
2025-11-11,The new lossless music service scam,"The new lossless music service is a complete scam. Stick with Qobuz, Tidal, Apple The service is appalling, It is complicated, restrictive, can't even use Chrome Cast. A complete dog's breakfast, just like the new website.",Rated 1 out of 5 stars,the new lossless music service scam,the new lossless music service is a complete scam stick with qobuz tidal apple the service is appalling it is complicated restrictive cant even use chrome cast a complete dogs breakfast just like the new website,1
2025-11-09,Wasted half a day of my life,"I wasted literally half a day of my life trying to find an agent at Spotify who might know what they were talking about, but I failed. Spotify have a ruse whereby I cannot change from one Basic tariff to another Basic tariff. Eg from Basic Duo to Basic Family. Instead they will only allow me to move to Premium Family which means I am being forced to pay for their audiobooks service whether I want it or not. I don't want it. So I wasn't able to upgrade my plan.  The also have a ludicrous support/chat system which every 15 minutes automatically switches you to a different agent meaning you have to start the whole conversation again from scratch. What an abysmal company.",Rated 1 out of 5 stars,wasted half a day of my life,i wasted literally half a day of my life trying to find an agent at spotify who might know what they were talking about but i failed spotify have a ruse whereby i cannot change from one basic tariff to another basic tariff eg from basic duo to basic family instead they will only allow me to move to premium family which means i am being forced to pay for their audiobooks service whether i want it or not i dont want it so i wasnt able to upgrade my plan  the also have a ludicrous supportchat system which every 15 minutes automatically switches you to a different agent meaning you have to start the whole conversation again from scratch what an abysmal company,1
2025-11-08,B******s,"Well, well, well, there's a surprise! Here's another damming review. What sort of company takes money from an unwitting, vulnerable pensioner, without warning and for no valid reason. They are happy to take £12 from me for something I don't want and won't be making use of! I hope you're proud of your 1* review Spotify! I will avoid you like the plague you awful people!",Rated 1 out of 5 stars,bs,well well well theres a surprise heres another damming review what sort of company takes money from an unwitting vulnerable pensioner without warning and for no valid reason they are happy to take 12 from me for something i dont want and wont be making use of i hope youre proud of your 1 review spotify i will avoid you like the plague you awful people,1
2025-11-07,Terrible.,Terrible. Extremely slow and glitches all the time. Not worth the money.,Rated 1 out of 5 stars,terrible,terrible extremely slow and glitches all the time not worth the money,1
2025-11-07,I love the platform!,"everything is fine for me, thank you",Rated 5 out of 5 stars,i love the platform,everything is fine for me thank you,5
2025-11-07,Another price increase.,"Another price increase.. what an absolute joke. I have now requested to cancel my subscription. Never known a company to increase so many times in a short period of time. I thought phone contracts were bad. Add a bit more to the £13.99 and get a brand new phone on contract.. I only listen to music only in my car for approx 30 minutes each day, price increase is not relevent to me, we only use it for the car, we listen to same songs, and thats not even every day.. cancelled! More people who cancel - they'll understand how loyal us customers have been to them!!",Rated 1 out of 5 stars,another price increase,another price increase what an absolute joke i have now requested to cancel my subscription never known a company to increase so many times in a short period of time i thought phone contracts were bad add a bit more to the 1399 and get a brand new phone on contract i only listen to music only in my car for approx 30 minutes each day price increase is not relevent to me we only use it for the car we listen to same songs and thats not even every day cancelled more people who cancel  theyll understand how loyal us customers have been to them,1
2025-11-07,i get way to many adds but im broke can…,i get way to many adds but im broke can someone buy it for me pls:),Rated 1 out of 5 stars,i get way to many adds but im broke can,i get way to many adds but im broke can someone buy it for me pls,1
2025-11-06,"3 hours, 10 minutes online with Spotify support NO JOY","MY credit card is being charged by Spotify for a subscription that I do not want. None of my emails can be associated with a subscription, yet the card continues to be charged. I have spent 3 hours, 10 minutes with Spotify online Chat (no telephone support is available) and endured 4 hand-offs to ""specialty support"", and each hand-off made repeat request for information provided with each new contact person. No resolution to my problem.",Rated 1 out of 5 stars,3 hours 10 minutes online with spotify support no joy,my credit card is being charged by spotify for a subscription that i do not want none of my emails can be associated with a subscription yet the card continues to be charged i have spent 3 hours 10 minutes with spotify online chat no telephone support is available and endured 4 handoffs to specialty support and each handoff made repeat request for information provided with each new contact person no resolution to my problem,1
2025-11-06,Literally scammed me I bought Spotify…,"Literally scammed me I bought Spotify premium when I lived in India then I migrated to the Uk and in return they stripped me of my premium told me I need to re buy it, advisor Michelle S was useless just repeated themself over and over and would not listen refused to give me anything back just stole my money. AWFUL customer service",Rated 1 out of 5 stars,literally scammed me i bought spotify,literally scammed me i bought spotify premium when i lived in india then i migrated to the uk and in return they stripped me of my premium told me i need to re buy it advisor michelle s was useless just repeated themself over and over and would not listen refused to give me anything back just stole my money awful customer service,1
2025-11-05,Fraudsters,"Fraudsters. Even I cancelled, still they keep on. Charging",Rated 1 out of 5 stars,fraudsters,fraudsters even i cancelled still they keep on charging,1
2025-11-04,Stealing personal information,Why the F...K does Spotify need my address to verify the family subscription? Spotify js not eligible to ask for that personal information.,Rated 1 out of 5 stars,stealing personal information,why the fk does spotify need my address to verify the family subscription spotify js not eligible to ask for that personal information,1
2025-11-04,Extremely rude and unhelpful customer…,Extremely rude and unhelpful customer service department.  Good music platform though,Rated 1 out of 5 stars,extremely rude and unhelpful customer,extremely rude and unhelpful customer service department  good music platform though,1
2025-11-04,Thoughtless Company,"Usually good but just been emailed about a price rise for December. Dear Spotify Team. Two things: 1. I don't want any new features so I do not want to pay extra for things I do not want and will not use. At the moment everything works and is everything I need - if it isn't broken then don't waste money on ""fixing it"".  2. Who applies a price rise in the month of December - Christmas??. Whoever decided this did not think, at all. There are enough expenses in December. Can someone be a person, switch their brain on and if you have to do a price rise then apply the rise in February or something? Everyone knows that people have a lot of expenses in December and do their best to recover in January. Thoughtless. Completely thoughtless you are. Now this is something you can fix - defer this rise at the very least. Or ideally just don't do it. I am sure your company and directors are making enough money as it is. ",Rated 2 out of 5 stars,thoughtless company,usually good but just been emailed about a price rise for december dear spotify team two things 1 i dont want any new features so i do not want to pay extra for things i do not want and will not use at the moment everything works and is everything i need  if it isnt broken then dont waste money on fixing it  2 who applies a price rise in the month of december  christmas whoever decided this did not think at all there are enough expenses in december can someone be a person switch their brain on and if you have to do a price rise then apply the rise in february or something everyone knows that people have a lot of expenses in december and do their best to recover in january thoughtless completely thoughtless you are now this is something you can fix  defer this rise at the very least or ideally just dont do it i am sure your company and directors are making enough money as it is ,2
2025-11-04,Horrendous,"Horrendous, laggy, never works properly, if I didn’t use it for so long by now, I’d have stopped using it already. IT won’t let me play songs I actually want to play?? What’s the point?? YouTube is better, don’t use spotify you’ll regret it.",Rated 1 out of 5 stars,horrendous,horrendous laggy never works properly if i didnt use it for so long by now id have stopped using it already it wont let me play songs i actually want to play whats the point youtube is better dont use spotify youll regret it,1
2025-11-03,Con artists,Ordered and the company has shut down I now have to wait 30 days to see if they respond to the email I sent that came back as it didn't exist anymore (unsure how) or if they phone me from a number that doesn't exist anymore too. No help at all,Rated 1 out of 5 stars,con artists,ordered and the company has shut down i now have to wait 30 days to see if they respond to the email i sent that came back as it didnt exist anymore unsure how or if they phone me from a number that doesnt exist anymore too no help at all,1
2025-11-02,Yet another massive price hike from a music monster,"What happened to Spotify? We saw it as music freedom at one point, a way to rebel against big music labels and to access a wealth of artists from our desktop. It’s now a monster, grabbing money by every means it can from its user base. Just received an announcement that Spotify is increasing prices again by 10%. As a long-term customer (by default), I just can’t stand by and see prices increase time and time again, with superfluous features imposed as a seeming benefit while it uses it as an excuse for rising above inflation levels. It’s now more economic to go back to owning CDs and vinyl rather than the constant hiring of music from a cash-grabbing entity that seems to treat its customers and artists as resources to exploit. Now’s the time to choose other mediums or really look at the benefits of other music streaming services - I’ve truly had enough of the constant price increases and poor interfaces that seem to push unsolicited music choices upon you.",Rated 1 out of 5 stars,yet another massive price hike from a music monster,what happened to spotify we saw it as music freedom at one point a way to rebel against big music labels and to access a wealth of artists from our desktop its now a monster grabbing money by every means it can from its user base just received an announcement that spotify is increasing prices again by 10 as a longterm customer by default i just cant stand by and see prices increase time and time again with superfluous features imposed as a seeming benefit while it uses it as an excuse for rising above inflation levels its now more economic to go back to owning cds and vinyl rather than the constant hiring of music from a cashgrabbing entity that seems to treat its customers and artists as resources to exploit nows the time to choose other mediums or really look at the benefits of other music streaming services  ive truly had enough of the constant price increases and poor interfaces that seem to push unsolicited music choices upon you,1
2025-11-01,Spotify is Supporting the ICE…,"Spotify is Supporting the ICE Terrorists so im boycotting them for their support of terrorism, racism, and slave trafficking. i canceled my premium and wont be using Spotify on any of my devise.",Rated 1 out of 5 stars,spotify is supporting the ice,spotify is supporting the ice terrorists so im boycotting them for their support of terrorism racism and slave trafficking i canceled my premium and wont be using spotify on any of my devise,1
2025-10-31,Great experience,"I've been subscribed to Spotify for about 6 months and Honestly my experience has been flawless. The algorithm, and automatic music saving feature for offline listening has been amazing. Dj x is one feature I like on Spotify, it's an amazing feature as it recommends songs which I like, or I haven't heard but might like. No complaints from it",Rated 5 out of 5 stars,great experience,ive been subscribed to spotify for about 6 months and honestly my experience has been flawless the algorithm and automatic music saving feature for offline listening has been amazing dj x is one feature i like on spotify its an amazing feature as it recommends songs which i like or i havent heard but might like no complaints from it,5
2025-10-30,Another example of platform decay,"Another company with unjustified subscription price increases, random “smart” playlist algorithm isn't actually random but optimised to play the music which they pay the least for, known to underpay artists in general and has begun peddling AI slop. I can no longer recommend them.",Rated 1 out of 5 stars,another example of platform decay,another company with unjustified subscription price increases random smart playlist algorithm isnt actually random but optimised to play the music which they pay the least for known to underpay artists in general and has begun peddling ai slop i can no longer recommend them,1
2025-10-30,If I could give zero I would,"If I could give zero I would. They don’t deserve any stars! I’ve been with Spotify for 7 years, I paid membership for family plan, for three days I contacted customer service two agents transferred me couldn’t be bothered helping, third agent lied and said they will email me the next day 3 days later nothing. Contacted again an agent called Hanna Louise who said I’m making her uncomfortable? Right the amount of time I tried asking for help I get none, I’m done with Spotify and moved to YouTube music instead. Customer service is absolutely disgusting, save your money and pay for something better where they show you more respect then Spotify could ever, should learn how to respect! Waste of time",Rated 1 out of 5 stars,if i could give zero i would,if i could give zero i would they dont deserve any stars ive been with spotify for 7 years i paid membership for family plan for three days i contacted customer service two agents transferred me couldnt be bothered helping third agent lied and said they will email me the next day 3 days later nothing contacted again an agent called hanna louise who said im making her uncomfortable right the amount of time i tried asking for help i get none im done with spotify and moved to youtube music instead customer service is absolutely disgusting save your money and pay for something better where they show you more respect then spotify could ever should learn how to respect waste of time,1
2025-10-30,I AM CRASHING OUT,"I AM NEVER, EVER, EVER PUTTING MYSELF THROUGH THIS AGONY AGAIN. IT STARTS OUT ALL INNOCENT, OOH HERES A COOL SONG! WOW WHAT A COOL PLAYLIST SELECTION! WOW, THEY MUST HAVE EVERY SONG EVER ON THIS! THAT'S WHEN THINGS GO WRONG.  IT HAPPENS RIGHT WHEN YOU'RE CARVING A PLACE OUT FOR YOURSELF WITH WORKAROUNDS FOR ADS, AND MULTIPLE PLAYLISTS. MAYBE YOU'RE ENTERING A SPOTIFY COMMUNITY AND YOU HAVE A PLACE THERE AS WELL. JUST WHEN YOU'RE SETTLING IN, SUDDENLY EVERYTHING IS FLIPPED. YOUR PLAYLISTS STOP WORKING, THE ADS GET PUSHIER. IT CHANGES THINGS FOR YOU. SETTINGS STOP WORKING. YOUR ORIGINAL COMFORT IS TORN FROM YOUR MANICURED FINGERS AND REPLACED BY A COLD FEELING OF AUTHORITARIAN POWER OVER YOUR LISTENING. YOU TRY TO SHAKE IT, PUT THINGS BACK THE WAY THEY WERE BUT LOW AND BEHOLD THEY DON'T EVEN HAVE A PERSON TO SPEAK WITH YOU. JUST SOME SHODDY AI ASSISTANT WHO'S IDEA OF FIXING THINGS IS UNINSTALLING THE APP. AT THIS POINT, THE ONLY REASONABLE BUTTON THAT WILL DEFINITELY WORK IS THE UNINSTALL BUTTON. I IMPLORE YOU NOT TO PUT YOURSELF THROUGH THE AGONY OF HAVING YOUR SENSE OF COMFORT RIPPED FROM YOUR HANDS. THE AGONY OF WATCHING HOURS OF HARD WORK FALL APART BEFORE YOUR VERY EYES. PLEASE TRY TO FIND ANYTHING BETTER THAN THIS ABOMINATION. THIS CRUD SHOULD BE BURNING IN THE PITS IF HELL INSTEAD OF WALKING THESE STREETS IN THE FORM OF AN INNOCENT LOOKING APP.",Rated 1 out of 5 stars,i am crashing out,i am never ever ever putting myself through this agony again it starts out all innocent ooh heres a cool song wow what a cool playlist selection wow they must have every song ever on this thats when things go wrong  it happens right when youre carving a place out for yourself with workarounds for ads and multiple playlists maybe youre entering a spotify community and you have a place there as well just when youre settling in suddenly everything is flipped your playlists stop working the ads get pushier it changes things for you settings stop working your original comfort is torn from your manicured fingers and replaced by a cold feeling of authoritarian power over your listening you try to shake it put things back the way they were but low and behold they dont even have a person to speak with you just some shoddy ai assistant whos idea of fixing things is uninstalling the app at this point the only reasonable button that will definitely work is the uninstall button i implore you not to put yourself through the agony of having your sense of comfort ripped from your hands the agony of watching hours of hard work fall apart before your very eyes please try to find anything better than this abomination this crud should be burning in the pits if hell instead of walking these streets in the form of an innocent looking app,1
2025-10-30,We are done with Spotify until they…,We are done with Spotify until they take down their ice recruitment ads,Rated 1 out of 5 stars,we are done with spotify until they,we are done with spotify until they take down their ice recruitment ads,1
2025-10-29,used for on 3 months but i found yt…,used for on 3 months but i found yt music much more better on yt music i can listen any song in any version and i enjoy rather than spotify in my country yt music is also cheaper than spotify,Rated 3 out of 5 stars,used for on 3 months but i found yt,used for on 3 months but i found yt music much more better on yt music i can listen any song in any version and i enjoy rather than spotify in my country yt music is also cheaper than spotify,3
2025-10-29,Audio quality is bad and muffled,"Audio quality is bad and muffled, even in lossless mode. When trying to play artists albums, some of them are not the official albums but rather playlists made by members.",Rated 2 out of 5 stars,audio quality is bad and muffled,audio quality is bad and muffled even in lossless mode when trying to play artists albums some of them are not the official albums but rather playlists made by members,2
2025-10-28,I was ripped off money after I canceled…,I was ripped off money after I canceled the. They tried to tell me there is nothing they could do ..I love listening to Spotify. But customer service is terrible.,Rated 1 out of 5 stars,i was ripped off money after i canceled,i was ripped off money after i canceled the they tried to tell me there is nothing they could do i love listening to spotify but customer service is terrible,1
2025-10-28,spotify is money hungry,"how about spotify does its job and literally nothing else, stop forcing users who dont pay to have a bad time.",Rated 1 out of 5 stars,spotify is money hungry,how about spotify does its job and literally nothing else stop forcing users who dont pay to have a bad time,1
2025-10-27,Should be called Greedify,"I’ve been a loyal Spotify Premium subscriber since around 2019, and over the years I’ve spent close to $900 on this platform. Until now, I’ve genuinely enjoyed using it — but this recent decision to raise the subscription price to $16 a month is honestly infuriating and disappointing.  There have been no meaningful improvements or new features to justify this increase. Spotify keeps mentioning “innovation” and “investment in customer experience,” but as someone who’s been paying for six years, I’ve seen no real evidence of that. The app functions pretty much the same — ad-free music and playlists. If ad-free listening is still the only real benefit, then charging $16 a month feels like pure greed, not innovation.  Spotify claims to offer “plans tailored to different needs,” but these mainly benefit students, couples, and families. What about single users, retirees, or low-income individuals who don’t qualify for those discounts? The lack of fair or flexible options for these groups feels exclusionary, especially at a time when the cost of living is rising globally.  What frustrates me most is the templated responses from customer support. I understand they have to follow protocol, but nothing in their message addressed the real question — what exactly are we paying more for? If there’s no visible improvement, it’s impossible to justify a higher price tag.  I’ve supported Spotify for years because I believed in the service, but this latest move shows a lack of respect for long-term subscribers. It’s disappointing to see a company so focused on profit over people. I will no longer be paying for this service!  Shame on Spotify for forgetting the loyalty of its users.",Rated 1 out of 5 stars,should be called greedify,ive been a loyal spotify premium subscriber since around 2019 and over the years ive spent close to 900 on this platform until now ive genuinely enjoyed using it  but this recent decision to raise the subscription price to 16 a month is honestly infuriating and disappointing  there have been no meaningful improvements or new features to justify this increase spotify keeps mentioning innovation and investment in customer experience but as someone whos been paying for six years ive seen no real evidence of that the app functions pretty much the same  adfree music and playlists if adfree listening is still the only real benefit then charging 16 a month feels like pure greed not innovation  spotify claims to offer plans tailored to different needs but these mainly benefit students couples and families what about single users retirees or lowincome individuals who dont qualify for those discounts the lack of fair or flexible options for these groups feels exclusionary especially at a time when the cost of living is rising globally  what frustrates me most is the templated responses from customer support i understand they have to follow protocol but nothing in their message addressed the real question  what exactly are we paying more for if theres no visible improvement its impossible to justify a higher price tag  ive supported spotify for years because i believed in the service but this latest move shows a lack of respect for longterm subscribers its disappointing to see a company so focused on profit over people i will no longer be paying for this service  shame on spotify for forgetting the loyalty of its users,1
2025-10-27,If I could give them a 0 I would.,"If I could give them a 0 I would.  I've never seen a company make something simple so unnecessarily difficult. They refused to override a pointless 12 month restriction, mind you the reason the restriction popped up was because of a mistake on THEIR end. The restriction was clearly unfair and easily fixable. I reached out to support expecting at least a human response, but all I got were copy pasted ""policy"" lines and zero help (im not joking, I spoke to 8 different agents PLUS their escalation team).  It's insane a company this big cant show even basic flexibility for a paying customer (over 10 years). They do not care about user experience or loyalty. If your system can't handle exceptions for legitimate cases, that's laziness. Save your money and go somewhere that values their customers, or at least pretends to care. I'll be moving a different platform.",Rated 1 out of 5 stars,if i could give them a 0 i would,if i could give them a 0 i would  ive never seen a company make something simple so unnecessarily difficult they refused to override a pointless 12 month restriction mind you the reason the restriction popped up was because of a mistake on their end the restriction was clearly unfair and easily fixable i reached out to support expecting at least a human response but all i got were copy pasted policy lines and zero help im not joking i spoke to 8 different agents plus their escalation team  its insane a company this big cant show even basic flexibility for a paying customer over 10 years they do not care about user experience or loyalty if your system cant handle exceptions for legitimate cases thats laziness save your money and go somewhere that values their customers or at least pretends to care ill be moving a different platform,1
2025-10-27,Unable to play audio books in my region…,Unable to play audio books in my region but it allows me to download them. Second time it’s happened this year after they update their app. Reach out to support and basically get sent around in circles suggesting it’s nothing to do with their app and for me to send stupid amounts of evidence to suggest I’m not lieing. Awful organisation!,Rated 1 out of 5 stars,unable to play audio books in my region,unable to play audio books in my region but it allows me to download them second time its happened this year after they update their app reach out to support and basically get sent around in circles suggesting its nothing to do with their app and for me to send stupid amounts of evidence to suggest im not lieing awful organisation,1
2025-10-26,FREE 2 Month Subscription Trial From YouTube Music!!!!,"I have few problems up to NOW. Suspended my account for NON-PAYMENT.  ALSO....Been charging me 12.99 and I JUST NOW CAUGHT THIS!  11.99 Is the ADVERTISED PRICE.  Contact ""SUPPORT"" and they tell me its more expensive thru GOOGLE PAY??????  what the ""F""?  They have ALWAYS tried to draft a payment in the middle of the month with luck sometimes and sometimes NOT.  I'm often broke by the 20something of a month.  They have never Suspended my PAID subscription until now.  You know what Spotify?  Not the ONLY game in town!  YouTube Music seems to be working just fine for FREE!!!!  SCREW YOU SPOTIFY!",Rated 1 out of 5 stars,free 2 month subscription trial from youtube music,i have few problems up to now suspended my account for nonpayment  alsobeen charging me 1299 and i just now caught this  1199 is the advertised price  contact support and they tell me its more expensive thru google pay  what the f  they have always tried to draft a payment in the middle of the month with luck sometimes and sometimes not  im often broke by the 20something of a month  they have never suspended my paid subscription until now  you know what spotify  not the only game in town  youtube music seems to be working just fine for free  screw you spotify,1
2025-10-25,Disrespectful Pawcify!!,I ordered a few items from Pawcify which is obviously a subsidiary. Under Shopufy...I have been playing aemail game with ADAM from Pawcify I spent close to $300.00 and never ever got a tracking number ADAM is very disrespectful and basically laughing in my face.i have asked multiple times for track number and I get nothing. Shopify and Pawcify go through e-commerce SO WHY IS IT SO DIFFICULT...ADAM?? I am basically screwed by both companies. Lesson learned do not order on line. I WILL STICK TO AMAZON at least I get 5 star service!!!,Rated 1 out of 5 stars,disrespectful pawcify,i ordered a few items from pawcify which is obviously a subsidiary under shopufyi have been playing aemail game with adam from pawcify i spent close to 30000 and never ever got a tracking number adam is very disrespectful and basically laughing in my facei have asked multiple times for track number and i get nothing shopify and pawcify go through ecommerce so why is it so difficultadam i am basically screwed by both companies lesson learned do not order on line i will stick to amazon at least i get 5 star service,1
2025-10-25,IMPOSSIBLE FOR FREE LISTENERS,"If you're planning to use spotify without paying for premium then good luck. They've made the app in a way that it is unbearable for free listeners, there's literally 3 ads back to back (like a minute and a half worth of ads) every 3 songs you play, even if you skip the 3 songs. The daily mixes also just recycle the same songs everyday instead of putting new music and the algorithms are definitely flawed.",Rated 1 out of 5 stars,impossible for free listeners,if youre planning to use spotify without paying for premium then good luck theyve made the app in a way that it is unbearable for free listeners theres literally 3 ads back to back like a minute and a half worth of ads every 3 songs you play even if you skip the 3 songs the daily mixes also just recycle the same songs everyday instead of putting new music and the algorithms are definitely flawed,1
2025-10-25,I have been a paid-up member for years,"I have been a paid-up member for years, and as a platform, it absolutely sucks. I have a list that ground to a halt at 10000 songs It has a completely useless shuffle function It plays the same songs all the time and ignores others. The latest nail in the coffin came today when they started throwing in random other artists in a playlist for just one artist. As soon as I find something better, I'm off. Don't sign up, they are useless.",Rated 1 out of 5 stars,i have been a paidup member for years,i have been a paidup member for years and as a platform it absolutely sucks i have a list that ground to a halt at 10000 songs it has a completely useless shuffle function it plays the same songs all the time and ignores others the latest nail in the coffin came today when they started throwing in random other artists in a playlist for just one artist as soon as i find something better im off dont sign up they are useless,1
2025-10-24,Support artists,"Spotify does not pay artists even the bare minimum. I want to support human artists. Not interested in AI generated music and Spotify is adding AI songs and artists on their playlists. We need to be able to distinguish between AI and real artist's music, which we can't at the moment. We need to find a way to keep art and music alive and the artists should get paid fairly. SUPPORT ARTISTS",Rated 1 out of 5 stars,support artists,spotify does not pay artists even the bare minimum i want to support human artists not interested in ai generated music and spotify is adding ai songs and artists on their playlists we need to be able to distinguish between ai and real artists music which we cant at the moment we need to find a way to keep art and music alive and the artists should get paid fairly support artists,1
2025-10-24,If I could give 0 stars I would,"If I could give 0 stars, I would. I called Spotify over two years ago to have a secondary account (that was using the same email AND username as my main) deactivated, as I was getting charged for two premium accounts at the same time. I got verbal confirmation over the phone from support that this would be taken care of.  Over two years later, I accidentally logged into the deactivated account, and to my glorious surprise, found that not only was the account not deactivated, but was still premium, and I had been paying for two separate accounts.  When I contacted their support to get a refund and have this resolved, they offered me a month (out of over two years of unauthorized payments) refund.  Naturally I fought this, and after several conversations, was able to get a 6-month refund.  Coming from a multi billion dollar company, I find it repulsive that due to Spotify's mistake, I'm unable to get a full refund on account I never use that I was promised would be deactivated.  I'll never use Spotify again, and I highly recommend you don't either after speaking with their joke of a support team.",Rated 1 out of 5 stars,if i could give 0 stars i would,if i could give 0 stars i would i called spotify over two years ago to have a secondary account that was using the same email and username as my main deactivated as i was getting charged for two premium accounts at the same time i got verbal confirmation over the phone from support that this would be taken care of  over two years later i accidentally logged into the deactivated account and to my glorious surprise found that not only was the account not deactivated but was still premium and i had been paying for two separate accounts  when i contacted their support to get a refund and have this resolved they offered me a month out of over two years of unauthorized payments refund  naturally i fought this and after several conversations was able to get a 6month refund  coming from a multi billion dollar company i find it repulsive that due to spotifys mistake im unable to get a full refund on account i never use that i was promised would be deactivated  ill never use spotify again and i highly recommend you dont either after speaking with their joke of a support team,1
2025-10-24,"Music is nice, Nazi propaganda sucks","The music part is nice, the Nazi propaganda not so much.",Rated 1 out of 5 stars,music is nice nazi propaganda sucks,the music part is nice the nazi propaganda not so much,1
2025-10-24,They make it impossible to do anything. Its obvious they just want your money and make.it impossible for you to dispute anything. Its sad that this is where service is going. You cant do anything,They make it impossible to so anything. Its obvious their main concern is gett,Rated 1 out of 5 stars,they make it impossible to do anything its obvious they just want your money and makeit impossible for you to dispute anything its sad that this is where service is going you cant do anything,they make it impossible to so anything its obvious their main concern is gett,1
2025-10-23,Absolutely crap!,"Absolutely crap!! My father died and there is no way I can login, it doesn’t cater for this!!  Absolutely shambles",Rated 1 out of 5 stars,absolutely crap,absolutely crap my father died and there is no way i can login it doesnt cater for this  absolutely shambles,1
2025-10-23,Ads and rising prices,"I pay premium and sadly the price has ramped up over the years, yet I get more ads than ever. Some podcasts have repetitive ads every 5 minutes, and the ads are completely unrelated to anything.",Rated 1 out of 5 stars,ads and rising prices,i pay premium and sadly the price has ramped up over the years yet i get more ads than ever some podcasts have repetitive ads every 5 minutes and the ads are completely unrelated to anything,1
2025-10-22,Solid streaming quality and large…,"Solid streaming quality and large catalogue, but offline downloads can be buggy and storage management is awkward. Useful but frustrating at times.",Rated 3 out of 5 stars,solid streaming quality and large,solid streaming quality and large catalogue but offline downloads can be buggy and storage management is awkward useful but frustrating at times,3
2025-10-22,Absolutely piss poor this morning i…,Absolutely piss poor this morning i have a daily mix 06 witch says Ben Howard and mumford and sons but unfortunately there are no tracks by any of these artists in this new mix ?????? Wtf but there is drum and bass music and hard house witch I never search for ????,Rated 1 out of 5 stars,absolutely piss poor this morning i,absolutely piss poor this morning i have a daily mix 06 witch says ben howard and mumford and sons but unfortunately there are no tracks by any of these artists in this new mix  wtf but there is drum and bass music and hard house witch i never search for ,1
2025-10-22,Very negative experience,"Very negative experience, now they ask for ID verification which is extremely suspicious.",Rated 1 out of 5 stars,very negative experience,very negative experience now they ask for id verification which is extremely suspicious,1
2025-10-22,Horrible service,Horrible service Too many ads,Rated 1 out of 5 stars,horrible service,horrible service too many ads,1
2025-10-21,Spotify is my daily basis thing but…,Spotify is my daily basis thing but adds and popups are really annoying according to me they should reduce these things.,Rated 3 out of 5 stars,spotify is my daily basis thing but,spotify is my daily basis thing but adds and popups are really annoying according to me they should reduce these things,3
2025-10-21,"Don't care about customers at all, as long as they take your money","My husband and I have been on the Duo plan for some time. Recently, he wanted to listen to the audio book. However it's only the plan manager has access to this function. Since I was the plan manager but I never used audiobook, I asked if I could to change him to be the plan manager - no can do!! We were told to cancel existing plan and start a new one with my husband being the plan manager. We did that, but only after payment was accepted we found out I could not re-join him on the Duo plan, because ""I had to wait for 12 months to use a different plan!"". How ridiculous this is!  After many attempts, I eventually got hold of someone (not sure if it's a bot tbh) on live chat. And the answer was repeatedly ""You have to wait 12 months no matter what the reason is for your change!"" But then how come my husband can start a new plan, and payment was accepted?! Their practice is questionable and their customer service is a joke. We are moving to Apple next month.",Rated 1 out of 5 stars,dont care about customers at all as long as they take your money,my husband and i have been on the duo plan for some time recently he wanted to listen to the audio book however its only the plan manager has access to this function since i was the plan manager but i never used audiobook i asked if i could to change him to be the plan manager  no can do we were told to cancel existing plan and start a new one with my husband being the plan manager we did that but only after payment was accepted we found out i could not rejoin him on the duo plan because i had to wait for 12 months to use a different plan how ridiculous this is  after many attempts i eventually got hold of someone not sure if its a bot tbh on live chat and the answer was repeatedly you have to wait 12 months no matter what the reason is for your change but then how come my husband can start a new plan and payment was accepted their practice is questionable and their customer service is a joke we are moving to apple next month,1
2025-10-20,Worst service,No Content,Rated 1 out of 5 stars,worst service,no content,1
2025-10-19,Any company that won’t refund you…,Any company that won’t refund you within 5 minutes of receiving a surprise auto-renewal to their credit card doesn’t deserve to exist. Spotify sucks.,Rated 1 out of 5 stars,any company that wont refund you,any company that wont refund you within 5 minutes of receiving a surprise autorenewal to their credit card doesnt deserve to exist spotify sucks,1
2025-10-19,Racist company working with ice.,No Content,Rated 1 out of 5 stars,racist company working with ice,no content,1
2025-10-19,It is stealing my money,It is stealing my money. When I pay for premium it says it hasn’t received the money but when I check receipts it shows I have paid. I’m so pissed,Rated 2 out of 5 stars,it is stealing my money,it is stealing my money when i pay for premium it says it hasnt received the money but when i check receipts it shows i have paid im so pissed,2
2025-10-19,Worst company,"Worst company, worst customer service, just there to rip your money on the name of free trial.",Rated 1 out of 5 stars,worst company,worst company worst customer service just there to rip your money on the name of free trial,1
2025-10-18,Getting adverts in podcasts,"Getting adverts in podcasts, don't give me it's part of the podcast, it's from 2017 and the latest ad was for Adobe AI content, and is complete with the full ""your podcast will continue after the advertisement"" screen.  This is not on, one reason I signed up to a subscription was to drift off to podcasts uninterrupted and these noisy sodding adverts (which are often louder) wake me up. ",Rated 2 out of 5 stars,getting adverts in podcasts,getting adverts in podcasts dont give me its part of the podcast its from 2017 and the latest ad was for adobe ai content and is complete with the full your podcast will continue after the advertisement screen  this is not on one reason i signed up to a subscription was to drift off to podcasts uninterrupted and these noisy sodding adverts which are often louder wake me up ,2
2025-10-18,Coroner Needs To Give This One a TOD,"Quite possibly the worst desktop app available out there. I think they gave up trying around the early 2000s and just stay active to load in the money and not provide any workable updates. It's time to pull the plug on this one. It's slow, non-responsive, stalls, freezes, all the things that make working with an app so appealing.",Rated 1 out of 5 stars,coroner needs to give this one a tod,quite possibly the worst desktop app available out there i think they gave up trying around the early 2000s and just stay active to load in the money and not provide any workable updates its time to pull the plug on this one its slow nonresponsive stalls freezes all the things that make working with an app so appealing,1
2025-10-17,Spotify has a very bad taste,"The choice Spotify gives you based on your playlist is extremely miserable. Every time I listen to my music and suddenly some generic stuff starts spilling into my ears, I know — choice is ""carefully"" made for me. It’s also missing some good musicians, and the search tools are TOO primitive to discover anything new or worthy. So, for searching I have to find music through my own channels and then primitively type it in and add it to my playlist. 8) Communication doesn’t exist on Spotify. We end up sharing music through WhatsApp, for example. The only reason I pay those whatever 10 euros is just not to hear the disgusting screams of German advertising during my outdoor runs.",Rated 1 out of 5 stars,spotify has a very bad taste,the choice spotify gives you based on your playlist is extremely miserable every time i listen to my music and suddenly some generic stuff starts spilling into my ears i know  choice is carefully made for me its also missing some good musicians and the search tools are too primitive to discover anything new or worthy so for searching i have to find music through my own channels and then primitively type it in and add it to my playlist 8 communication doesnt exist on spotify we end up sharing music through whatsapp for example the only reason i pay those whatever 10 euros is just not to hear the disgusting screams of german advertising during my outdoor runs,1
2025-10-16,Spotify boosts their own ai generated music so they have to pay less to real artists,"F this AI-farming, genocide warmachine bullshit. and pay your artists fairly! Daniel Ek, more like Daniel ick.  Spotify boosts their own ai generated music so they have to pay less to real artists",Rated 1 out of 5 stars,spotify boosts their own ai generated music so they have to pay less to real artists,f this aifarming genocide warmachine bullshit and pay your artists fairly daniel ek more like daniel ick  spotify boosts their own ai generated music so they have to pay less to real artists,1
2025-10-15,Tried to get in touch with someone,"Wanted to find out how to revert the DJ back to how it used to be (if possible).  Nothing on app. Went to feedback page, their AI was useless. It sent me to community help and found nothing there.  If there is an email address to send for help it is well hidden. Unless toyr question is something very specific there is no help.",Rated 1 out of 5 stars,tried to get in touch with someone,wanted to find out how to revert the dj back to how it used to be if possible  nothing on app went to feedback page their ai was useless it sent me to community help and found nothing there  if there is an email address to send for help it is well hidden unless toyr question is something very specific there is no help,1
2025-10-14,the best,"I was surprised to see all the negative reviews here about spotify. My family absolutely enjoys their service. Spotify is easily the best streaming platform out of all of them. Not to mention they're the cheapest.  Love them, can't go on a day without using spotify.",Rated 5 out of 5 stars,the best,i was surprised to see all the negative reviews here about spotify my family absolutely enjoys their service spotify is easily the best streaming platform out of all of them not to mention theyre the cheapest  love them cant go on a day without using spotify,5
2025-10-13,My cat died from a heart attack while…,My cat died from a heart attack while listening to death metal. I blame spotify for this.,Rated 1 out of 5 stars,my cat died from a heart attack while,my cat died from a heart attack while listening to death metal i blame spotify for this,1
2025-10-11,Disgraceful non existent customer…,"Disgraceful non existent customer service. Service reps that are as useful as an umbrella on a sinking ship! My card was scammed so payment would come out, as soon as my new card came I updated it but the family accounts were deleted and despite the main account saying it had premium….it didn’t and for some reason the so called “ customer service advisor” continually ignored my question then eventually, cut me off, for the second time. Despite my address being recognised on all search software….Spotifys software didn’t! The rep told me to just make one up, maybe a neighbours !!! Do yourself a favor, use Apple Music or another alternative that actually has a customer service and doesn’t just take your money and ignore you!",Rated 1 out of 5 stars,disgraceful non existent customer,disgraceful non existent customer service service reps that are as useful as an umbrella on a sinking ship my card was scammed so payment would come out as soon as my new card came i updated it but the family accounts were deleted and despite the main account saying it had premiumit didnt and for some reason the so called  customer service advisor continually ignored my question then eventually cut me off for the second time despite my address being recognised on all search softwarespotifys software didnt the rep told me to just make one up maybe a neighbours  do yourself a favor use apple music or another alternative that actually has a customer service and doesnt just take your money and ignore you,1
2025-10-11,Pay or You'll just have ADs,"If you are not paying for it, it is basically an AD farm; just played a song and it played an AD before ht 3min song and then played the same AD right after the 3min song. It use to be alright to use the free verison but anymore, you should just use YT, there are less ADs on it even without an AD blocker. Paid for this for 15years, stop to try it without for a bit, makes me not want to ever sign back up for it they are just so bad. ADs shouldn't out do songs in an hour of play.",Rated 1 out of 5 stars,pay or youll just have ads,if you are not paying for it it is basically an ad farm just played a song and it played an ad before ht 3min song and then played the same ad right after the 3min song it use to be alright to use the free verison but anymore you should just use yt there are less ads on it even without an ad blocker paid for this for 15years stop to try it without for a bit makes me not want to ever sign back up for it they are just so bad ads shouldnt out do songs in an hour of play,1
2025-10-10,Fade in-out doesn't work as expected or…,Fade in-out doesn't work as expected or sometimes doesn't work at all.,Rated 3 out of 5 stars,fade inout doesnt work as expected or,fade inout doesnt work as expected or sometimes doesnt work at all,3
2025-10-10,Absolute rubbish i was a premium…,Absolute rubbish i was a premium subscriber until i could not justify the monthly fee for a service now littered with stupid podcasts and unbearable audio books cancelled my subscription after 9 years and now its littered with advertising what absolute garbage service i hope the service collapses it used to be good but its just become a scam.,Rated 1 out of 5 stars,absolute rubbish i was a premium,absolute rubbish i was a premium subscriber until i could not justify the monthly fee for a service now littered with stupid podcasts and unbearable audio books cancelled my subscription after 9 years and now its littered with advertising what absolute garbage service i hope the service collapses it used to be good but its just become a scam,1
2025-10-07,Spotify dumb algorithms,"Spotify, your algorithms are a joke. I’m an artist with 245 monthly listeners, uploading real music, never paid for promotion, never pushed into playlists—and yet my tracks are deleted because of 'suspicious activity'. Is this how you 'support' new talent? By suffocating us before we even get a chance?  Your platform pretends to help artists, but in reality, it only serves the already popular. Fix your broken, soul-crushing algorithms, or admit that Spotify is just a playground for big names while small creators starve in silence.",Rated 1 out of 5 stars,spotify dumb algorithms,spotify your algorithms are a joke im an artist with 245 monthly listeners uploading real music never paid for promotion never pushed into playlistsand yet my tracks are deleted because of suspicious activity is this how you support new talent by suffocating us before we even get a chance  your platform pretends to help artists but in reality it only serves the already popular fix your broken soulcrushing algorithms or admit that spotify is just a playground for big names while small creators starve in silence,1
2025-10-06,I host a podcast on Spotify that I…,I host a podcast on Spotify that I wanted to delete because they recently invested in a military startup. There is no option for you to delete your podcast and the support team of Spotify for Creators did not help me to remove my show. Your company helps to kill people and I do not want to be part of this anymore. I want you to remove my podcast now.,Rated 1 out of 5 stars,i host a podcast on spotify that i,i host a podcast on spotify that i wanted to delete because they recently invested in a military startup there is no option for you to delete your podcast and the support team of spotify for creators did not help me to remove my show your company helps to kill people and i do not want to be part of this anymore i want you to remove my podcast now,1
2025-10-05,Very disappointed with Spotify lately,"Very disappointed with Spotify lately. The app keeps crashing and sometimes doesn’t even load songs properly. Too many ads on the free version, and even with Premium I’ve had songs skip or stop for no reason. The recommendations used to be great but now they repeat the same tracks over and over.  Customer support isn’t very helpful either — I tried to fix my issue but got no proper response. Honestly, the app has gone downhill and needs serious improvement.",Rated 1 out of 5 stars,very disappointed with spotify lately,very disappointed with spotify lately the app keeps crashing and sometimes doesnt even load songs properly too many ads on the free version and even with premium ive had songs skip or stop for no reason the recommendations used to be great but now they repeat the same tracks over and over  customer support isnt very helpful either  i tried to fix my issue but got no proper response honestly the app has gone downhill and needs serious improvement,1
2025-10-04,Appalled.,I've just spent 4 hours 35 minutes trying to update my credit card details on Spotify. It has proved so difficult I consulted A.I. After endless loops of advice I am unable to place a new card onto my Spotify account. Utterly ridiculous and an outrage. I've seen reviews elsewhere echoing the same issue. Really Spotify? Could you make it more challenging?,Rated 1 out of 5 stars,appalled,ive just spent 4 hours 35 minutes trying to update my credit card details on spotify it has proved so difficult i consulted ai after endless loops of advice i am unable to place a new card onto my spotify account utterly ridiculous and an outrage ive seen reviews elsewhere echoing the same issue really spotify could you make it more challenging,1
2025-10-04,Too old to rock and roll or age discrimination?,"Tried to set up an account but when I entered my date of birth I was informed that I 'didn't meet Spotify's age requirement'. At 61 years old? Oh well, luckily I still have my gramophone and radiogram. Isn't there a law about age discrimination? To be honest, I can't be bothered.",Rated 1 out of 5 stars,too old to rock and roll or age discrimination,tried to set up an account but when i entered my date of birth i was informed that i didnt meet spotifys age requirement at 61 years old oh well luckily i still have my gramophone and radiogram isnt there a law about age discrimination to be honest i cant be bothered,1
2025-10-04,I signed up for a 3 month free trial,"I signed up for a 3 month free trial. I found an audio book that I wanted to listen to. 1/2 way through the book they said my reading time had run out. I had two choices…either pay $12.99 to upgrade or wait 25 days to listen to the rest of the book. This is totally unacceptable to me, Im canceling and will never use Spotify again. Your tactics to get people to spend money has backfired…you just lost me as a customer.",Rated 2 out of 5 stars,i signed up for a 3 month free trial,i signed up for a 3 month free trial i found an audio book that i wanted to listen to 12 way through the book they said my reading time had run out i had two choiceseither pay 1299 to upgrade or wait 25 days to listen to the rest of the book this is totally unacceptable to me im canceling and will never use spotify again your tactics to get people to spend money has backfiredyou just lost me as a customer,2
2025-10-03,Advertising in increased volume!,"My only complain regarding Spotify: I understand that they place ads on Spotify when it's freely used—without any subscription. However, I don't understand why they double up the volume of certain ads—Advertising in increased volume, causing discrepancies in the overall volume!",Rated 4 out of 5 stars,advertising in increased volume,my only complain regarding spotify i understand that they place ads on spotify when its freely usedwithout any subscription however i dont understand why they double up the volume of certain adsadvertising in increased volume causing discrepancies in the overall volume,4
2025-10-02,They allowed my 13yr old son to sign up…,They allowed my 13yr old son to sign up for a free subscription. Didn’t tell him they would email when started taking payments. He lost access to the account but they kept taking payments. Refused a refund even though they sold this to an underage person,Rated 1 out of 5 stars,they allowed my 13yr old son to sign up,they allowed my 13yr old son to sign up for a free subscription didnt tell him they would email when started taking payments he lost access to the account but they kept taking payments refused a refund even though they sold this to an underage person,1
2025-09-30,Hard to cancel,Hard to cancel,Rated 1 out of 5 stars,hard to cancel,hard to cancel,1
2025-09-30,Poor experience,"Poor experience, lack of integrations, faulty lossless implementation meaning you can't actually get lossless streaming.",Rated 1 out of 5 stars,poor experience,poor experience lack of integrations faulty lossless implementation meaning you cant actually get lossless streaming,1
2025-09-28,Only four words,This company is trash,Rated 1 out of 5 stars,only four words,this company is trash,1
2025-09-27,Greedy company,"If I could give a 0 I would. I have used Spotify for many years and only changed for a short while when I had a free trial with another streaming provider. I returned 15 months ago. Now I have been wondering why I had a PayPal and Spotify payment on my bank transactions just days apart and thought it was a glitch. It’s come to my attention that a completely inactive account has been charged every month for 15 months (£179.85 in total) alongside my religiously active account (also paying £179.85). I’ve proven the account was inactive all that time, I’ve proven every double payment. And all I was given was 3 months free. £35.97 refund from a £179.85 bill for services I did not use. The company are big enough to employ a scanning system for inactive accounts and instead of doing so to establish who isn’t accessing the services they’ve opted for greed and have continued (and would have continued) to receive payments for absolutely nothing!! Shame on such a large company.",Rated 1 out of 5 stars,greedy company,if i could give a 0 i would i have used spotify for many years and only changed for a short while when i had a free trial with another streaming provider i returned 15 months ago now i have been wondering why i had a paypal and spotify payment on my bank transactions just days apart and thought it was a glitch its come to my attention that a completely inactive account has been charged every month for 15 months 17985 in total alongside my religiously active account also paying 17985 ive proven the account was inactive all that time ive proven every double payment and all i was given was 3 months free 3597 refund from a 17985 bill for services i did not use the company are big enough to employ a scanning system for inactive accounts and instead of doing so to establish who isnt accessing the services theyve opted for greed and have continued and would have continued to receive payments for absolutely nothing shame on such a large company,1
2025-09-26,"Don’t bother with this app, get another one","So, yeah. The latest update was what I thought would be the nicest thing they had ever offered to phone users, that was until this little “songs play in a random order” banner popped up. This is lowkey close to being worse than the times when we only had like, 4 daily mixes we could choose songs from. Not only do we have the ads and the 6 skips per days but in addition, restricted amount of time we can choose songs we actually want to listen to.",Rated 1 out of 5 stars,dont bother with this app get another one,so yeah the latest update was what i thought would be the nicest thing they had ever offered to phone users that was until this little songs play in a random order banner popped up this is lowkey close to being worse than the times when we only had like 4 daily mixes we could choose songs from not only do we have the ads and the 6 skips per days but in addition restricted amount of time we can choose songs we actually want to listen to,1
2025-09-26,If I could my rate it is -1 especially…,"If I could my rate it is -1 especially after I left Spotify account! I'm not even able to download the songs that I paid to listen years after years. Also if you try to listen some music Spotify will bombard you of adverts. In my own opinion, I'm happy to have left Spotify.",Rated 1 out of 5 stars,if i could my rate it is 1 especially,if i could my rate it is 1 especially after i left spotify account im not even able to download the songs that i paid to listen years after years also if you try to listen some music spotify will bombard you of adverts in my own opinion im happy to have left spotify,1
2025-09-25,SAVE YOURSELF!!!!!,"DO NOT USE SPOTIFY DESKTOP OR MOBILE!!! I haven't had an enjoyable, antipicated experience with spotify's service in nearly a years time. You, yes you, will ALWAYS lag severely (NO, its not your internet, it IS Spotify backend server lag) during your experience with Spotify. I receive the impression that their cloud based 12 figure corporation is run DIRECTLY off of a kirkland toaster. Everyday for well over 9 months I've had a gutteral exhausting experience that leaves me asking how a TWELVE FIGURE CORPORATION could provide a service so impressively terrible. At this point I am sincerely convinced a middle schooler could program and host his own (far superior) music streaming platform with nothing more than a $40 NAS and a chromebook.",Rated 1 out of 5 stars,save yourself,do not use spotify desktop or mobile i havent had an enjoyable antipicated experience with spotifys service in nearly a years time you yes you will always lag severely no its not your internet it is spotify backend server lag during your experience with spotify i receive the impression that their cloud based 12 figure corporation is run directly off of a kirkland toaster everyday for well over 9 months ive had a gutteral exhausting experience that leaves me asking how a twelve figure corporation could provide a service so impressively terrible at this point i am sincerely convinced a middle schooler could program and host his own far superior music streaming platform with nothing more than a 40 nas and a chromebook,1
2025-09-25,Worst customer service I have ever experienced,No exaggeration. Worst customer service I have ever had. They will cut you off and close the conversation like that. I will likely cut off my Spotify premium account. I can't picture dealing with a company whose customer service is that bad. I am going to start searching for another service.,Rated 1 out of 5 stars,worst customer service i have ever experienced,no exaggeration worst customer service i have ever had they will cut you off and close the conversation like that i will likely cut off my spotify premium account i cant picture dealing with a company whose customer service is that bad i am going to start searching for another service,1
2025-09-24,I hate it to be honest,I hate it to be honest. The amount of adverts after each song is just a joke!,Rated 1 out of 5 stars,i hate it to be honest,i hate it to be honest the amount of adverts after each song is just a joke,1
2025-09-24,if i could give spotify 0 i would,if i could give spotify 0 i would. its impossible to simply delete a track you are listening to so i end up listening to the same thing i never want to hear again. plus i can only listen to an audio book for so long then i have to pay more what a rip off. then theres this new improved sound oh ye when and how and i can take my playlist with me to another professional service if only it was american im sure it would work i hate spotify but im stuck with this rubbish,Rated 1 out of 5 stars,if i could give spotify 0 i would,if i could give spotify 0 i would its impossible to simply delete a track you are listening to so i end up listening to the same thing i never want to hear again plus i can only listen to an audio book for so long then i have to pay more what a rip off then theres this new improved sound oh ye when and how and i can take my playlist with me to another professional service if only it was american im sure it would work i hate spotify but im stuck with this rubbish,1
2025-09-24,I am unfortunately leaving Spotify…,I am unfortunately leaving Spotify after 15 yrs. My decision comes from the choice of owner to invest in military AI drones. I will not support this. Period.It has nothing to do with love of music and entertainment.,Rated 1 out of 5 stars,i am unfortunately leaving spotify,i am unfortunately leaving spotify after 15 yrs my decision comes from the choice of owner to invest in military ai drones i will not support this periodit has nothing to do with love of music and entertainment,1
2025-09-23,"Spotify removed my music, charged a fee","CD Baby pulled my debut EP from Spotify after detecting ""irregular"" streaming in 1 of the 4 songs on the EP. Someone (not me!) had placed one of my songs on a playlist that had bots streaming it. Instead of going after the playlister or the bots (which would be very easy to do from a technical standpoint), Spotify and CD Baby are colluding against independent artists so they don't have to pay them royalties. You can read about this occurring all over Reddit to many indie artists. On top of removing an EP that I had paid to distribute, CD Baby is now also trying to withhold $11.70 for the 600 streams that occurred on the bot playlist. The funny thing is, we all know that Spotify and CD Baby do not pay out anywhere near $11.70 for 600 streams. You would earn maybe $2 from 600 streams and then CD Baby takes a cut. So why would they withhold more money than they pay out for the equivalent amount of streams? They never paid out those streams to begin with! Everything about this is shady. I'm sure they are counting down the days to AI music replacing all of us so that they don't have to pay out any royalties at all.",Rated 1 out of 5 stars,spotify removed my music charged a fee,cd baby pulled my debut ep from spotify after detecting irregular streaming in 1 of the 4 songs on the ep someone not me had placed one of my songs on a playlist that had bots streaming it instead of going after the playlister or the bots which would be very easy to do from a technical standpoint spotify and cd baby are colluding against independent artists so they dont have to pay them royalties you can read about this occurring all over reddit to many indie artists on top of removing an ep that i had paid to distribute cd baby is now also trying to withhold 1170 for the 600 streams that occurred on the bot playlist the funny thing is we all know that spotify and cd baby do not pay out anywhere near 1170 for 600 streams you would earn maybe 2 from 600 streams and then cd baby takes a cut so why would they withhold more money than they pay out for the equivalent amount of streams they never paid out those streams to begin with everything about this is shady im sure they are counting down the days to ai music replacing all of us so that they dont have to pay out any royalties at all,1
2025-09-22,I wanted to make a complaint but…,"I wanted to make a complaint but Spotify customer service didn't want to take a complaint and try to fix the problem, they tust kept on saying "" go to the forum and give your thoughts "" I didn't want to "" give my thoughts "" I wanted Spotify to work on my complaint and escalate it to fruition but they couldn't even do that. I don't even see why they have a customer service department because they don't actually to anything.",Rated 1 out of 5 stars,i wanted to make a complaint but,i wanted to make a complaint but spotify customer service didnt want to take a complaint and try to fix the problem they tust kept on saying  go to the forum and give your thoughts  i didnt want to  give my thoughts  i wanted spotify to work on my complaint and escalate it to fruition but they couldnt even do that i dont even see why they have a customer service department because they dont actually to anything,1
2025-09-20,Blocked from listening to my own CDs,"I've had to uninstall spotify from my phone. I have audio files stored on my phone, recordings of CDs which I've bought in the past, and Spotify won't let me access them because I don't have Premium. I think that's outrageous! So I've uninstalled Spotify and I can listen to my old CDs again.",Rated 1 out of 5 stars,blocked from listening to my own cds,ive had to uninstall spotify from my phone i have audio files stored on my phone recordings of cds which ive bought in the past and spotify wont let me access them because i dont have premium i think thats outrageous so ive uninstalled spotify and i can listen to my old cds again,1
2025-09-20,Spotify support is useless,I’ve been experiencing the exact same ad appearing every time on my account for 5 whole months now. It’s genuinely horrible and about 2 months ago I started contacting Spotify support asking for them to please fix the problem. Now I’ve probably spoken to about 30 different people and not one of them has even made an attempt to fix the problem which I’m still experiencing. The app is honestly insufferable if you don’t have premium and the fact that Spotify support exists when they don’t bother to help you is ridiculous.,Rated 1 out of 5 stars,spotify support is useless,ive been experiencing the exact same ad appearing every time on my account for 5 whole months now its genuinely horrible and about 2 months ago i started contacting spotify support asking for them to please fix the problem now ive probably spoken to about 30 different people and not one of them has even made an attempt to fix the problem which im still experiencing the app is honestly insufferable if you dont have premium and the fact that spotify support exists when they dont bother to help you is ridiculous,1
2025-09-20,Spotify support is the worst,"Spotify support is the worst. AI like response, multiple different agents, nobody checks previous messages in the stream. You have to explain your problem multiple times and most of the advisors repeat the same ""solutions"" that you've already said aren't the problem/don't work. They simply don't want to solve any issues at all. Are they even real people or just bots? After 17 emails, you give up on trying to solve it. Also, they are intentionally unhelpful and when you get annoyed, they threaten to end the chat because of your tone. Spotify is good for music, which is why I have premium. But, their support is the worst I've ever seen.",Rated 1 out of 5 stars,spotify support is the worst,spotify support is the worst ai like response multiple different agents nobody checks previous messages in the stream you have to explain your problem multiple times and most of the advisors repeat the same solutions that youve already said arent the problemdont work they simply dont want to solve any issues at all are they even real people or just bots after 17 emails you give up on trying to solve it also they are intentionally unhelpful and when you get annoyed they threaten to end the chat because of your tone spotify is good for music which is why i have premium but their support is the worst ive ever seen,1
2025-09-20,Beware of the student discount,"I was actually quite satisfied, but now I needed to extend my student status and had to use something called SheerID to do so.  They were unable to recognise my student ID, my enrolment certificate and my Bafäg certificate (!) and the support team closed my ticket without comment after about a week.  A complaint to Spotify support did nothing except confirm that verification must be done through SheerID.  I am now forced to back up all my playlists and find another way to listen to just under half an hour of music every day. Very poor service.",Rated 2 out of 5 stars,beware of the student discount,i was actually quite satisfied but now i needed to extend my student status and had to use something called sheerid to do so  they were unable to recognise my student id my enrolment certificate and my bafäg certificate  and the support team closed my ticket without comment after about a week  a complaint to spotify support did nothing except confirm that verification must be done through sheerid  i am now forced to back up all my playlists and find another way to listen to just under half an hour of music every day very poor service,2
2025-09-19,I’m sorry but why can’t you choose what…,"I’m sorry but why can’t you choose what song to play on your playlists anymore? You have to get premium to do so? Spotify is a scam. The evidence is overwhelming. On my laptop, you have to press the play button to play the song about 48 times before it actually plays. The app is significantly bugged, and when I had premium, (I don’t now), it does not work off WiFi and the sound is worse even though it says better music. Pathetic. Such a bad way to scam people.",Rated 1 out of 5 stars,im sorry but why cant you choose what,im sorry but why cant you choose what song to play on your playlists anymore you have to get premium to do so spotify is a scam the evidence is overwhelming on my laptop you have to press the play button to play the song about 48 times before it actually plays the app is significantly bugged and when i had premium i dont now it does not work off wifi and the sound is worse even though it says better music pathetic such a bad way to scam people,1
2025-09-19,Typical corporate greed,They have insane policies for artists. This company is absolutely $$$ hungry.,Rated 1 out of 5 stars,typical corporate greed,they have insane policies for artists this company is absolutely  hungry,1
2025-09-18,Used to be great,"Used to be great, lost its way and now very unethical.",Rated 1 out of 5 stars,used to be great,used to be great lost its way and now very unethical,1
2025-09-18,Why am I a subscriber and you put ads on podcasts??,No Content,Rated 1 out of 5 stars,why am i a subscriber and you put ads on podcasts,no content,1
2025-09-18,Spotify quality is slowly going down the drain,"Had I written this review 3-4 years ago, it would have been a 5 stars, in an age where video streaming services were racing to the bottom, Spotify was still providing a user-oriented experience, with all-in-one-place kind of offer, unlike netflix, hulu, disney+ that were racing to recreate Cable 2.0.  It seems now that it was only a matter of time, Spotify has been on the decline ever since: - Its recommendation algorithm, that used to help me discover many artists back, is now shittier than ever, and only recycles the same ""Oh you liked this song ? How about you listen to it a 100 times"" - I have since learned that this trend is now pushed even further with their unethical spying algorithm, that spies on your current activity and mood to exacerbate instead on focusing on music distribution. - They keep spiking the price of their subscriptions while actively making them worse, and artificially enflating them with services that should be on a opt-in, opt-out basis, like audiobooks, but instead come in undivisible packages. or the smart shuffle algorithm, which is, once again, not neearly as qualitative as their old algprhtms used to be. - The unability to provide lossless audio years after their concurence has. - And now, on the latests, their predatory DMCA strikes on open-source team of ReVanced, that once again signals active efforts and means put into anything but creating a better experience.  I have been a long time user and advocate for Spotify usage throughout the years, but it seems even I have nearly reached the point of no return, I merely do not know yet out wether the drop that broke the camel's back is yet to come, or it is past but I have not realized yet.  I hope to see improvements from the Spotify team in the upcoming weeks, or I'll be taking my business elsewhere, as many others will I surmise",Rated 2 out of 5 stars,spotify quality is slowly going down the drain,had i written this review 34 years ago it would have been a 5 stars in an age where video streaming services were racing to the bottom spotify was still providing a useroriented experience with allinoneplace kind of offer unlike netflix hulu disney that were racing to recreate cable 20  it seems now that it was only a matter of time spotify has been on the decline ever since  its recommendation algorithm that used to help me discover many artists back is now shittier than ever and only recycles the same oh you liked this song  how about you listen to it a 100 times  i have since learned that this trend is now pushed even further with their unethical spying algorithm that spies on your current activity and mood to exacerbate instead on focusing on music distribution  they keep spiking the price of their subscriptions while actively making them worse and artificially enflating them with services that should be on a optin optout basis like audiobooks but instead come in undivisible packages or the smart shuffle algorithm which is once again not neearly as qualitative as their old algprhtms used to be  the unability to provide lossless audio years after their concurence has  and now on the latests their predatory dmca strikes on opensource team of revanced that once again signals active efforts and means put into anything but creating a better experience  i have been a long time user and advocate for spotify usage throughout the years but it seems even i have nearly reached the point of no return i merely do not know yet out wether the drop that broke the camels back is yet to come or it is past but i have not realized yet  i hope to see improvements from the spotify team in the upcoming weeks or ill be taking my business elsewhere as many others will i surmise,2
2025-09-18,"Low monthly subscriptions, and smart ai shuffle","Using spotify to listen to music, and without a subscription it’s very bad. Honestly, it’s not possible to listen because of the number of ads… gotta use other services 4 that. However, the subscriptions are not expensive at all, and the amount of comfort their application brings is crazy. Ai mixes are good, and podcasts are being updated regularly",Rated 5 out of 5 stars,low monthly subscriptions and smart ai shuffle,using spotify to listen to music and without a subscription its very bad honestly its not possible to listen because of the number of ads gotta use other services 4 that however the subscriptions are not expensive at all and the amount of comfort their application brings is crazy ai mixes are good and podcasts are being updated regularly,5
2025-09-17,Spotify audiobooks is a joke.,Spotify audiobooks is a joke.,Rated 1 out of 5 stars,spotify audiobooks is a joke,spotify audiobooks is a joke,1
2025-09-13,I use the app everyday and can find…,I use the app everyday and can find every artist i have searched for. Love that it notifies u when new songs from artists u like are added.,Rated 5 out of 5 stars,i use the app everyday and can find,i use the app everyday and can find every artist i have searched for love that it notifies u when new songs from artists u like are added,5
2025-09-12,why make a big deal of a new feature…,"why make a big deal of a new feature and roll it out SO SLOWLY  the feature is DJ mode  does Spotify know nothing about managing users' EXPECTATIONS  here is my chat exchange today:  Spotify (Prudhvi T at 05:26 PM, Sep 12): ""As with all of our features, availability varies across markets. We'll continue to find new ways to create unique experiences that bring users even closer to the artists they love. DJ is still in beta and we'll continue to iterate and innovate the experience. Stay tuned for what's to come!""  Me (at 05:32 PM, Sep 12): ""that's marketing BS. when will i get it?""  Spotify: ""Thanks for asking, I'm sorry to say we don't have an exact date, but we can assure that as soon as fast you can see that feature.""  come on guys",Rated 1 out of 5 stars,why make a big deal of a new feature,why make a big deal of a new feature and roll it out so slowly  the feature is dj mode  does spotify know nothing about managing users expectations  here is my chat exchange today  spotify prudhvi t at 0526 pm sep 12 as with all of our features availability varies across markets well continue to find new ways to create unique experiences that bring users even closer to the artists they love dj is still in beta and well continue to iterate and innovate the experience stay tuned for whats to come  me at 0532 pm sep 12 thats marketing bs when will i get it  spotify thanks for asking im sorry to say we dont have an exact date but we can assure that as soon as fast you can see that feature  come on guys,1
2025-09-11,How do you find ANYTHING in this…,"How do you find ANYTHING in this gigantic trashcan? Where are the authors, the audiobooks???? What a total trash!!!! Is your room like that also!??? Your head certainly is.",Rated 1 out of 5 stars,how do you find anything in this,how do you find anything in this gigantic trashcan where are the authors the audiobooks what a total trash is your room like that also your head certainly is,1
2025-09-10,I am a premium individual subscriber of…,I am a premium individual subscriber of Spotify and I raised the concern and confusion with Reddit thread bearing the logo and name of Spotify with support/complaint megathread. I already told them that the moderator is rude. Spotify escalation staff Francheska said they are not in any way affiliated to that reddit community. But being a brand they don't seem to care about their user's confusion especially that ones who are paying. I already told the moderator of R/Spotify that he is impersonating and breaking trademark infringement as Francheska said they are in no way related to them. It is under their privacy policy that Spotify is a registered trademark.,Rated 1 out of 5 stars,i am a premium individual subscriber of,i am a premium individual subscriber of spotify and i raised the concern and confusion with reddit thread bearing the logo and name of spotify with supportcomplaint megathread i already told them that the moderator is rude spotify escalation staff francheska said they are not in any way affiliated to that reddit community but being a brand they dont seem to care about their users confusion especially that ones who are paying i already told the moderator of rspotify that he is impersonating and breaking trademark infringement as francheska said they are in no way related to them it is under their privacy policy that spotify is a registered trademark,1
2025-09-10,Customer service is hard to deal with &…,Customer service is hard to deal with & they made changes to my 5 year family plan I have had and removed my wife and children from my FAMILY plan and won’t reimburse or cancel my family plan that they removed my family from: walk with fear for what they will just do and make you pay for. Unacceptable.,Rated 1 out of 5 stars,customer service is hard to deal with ,customer service is hard to deal with  they made changes to my 5 year family plan i have had and removed my wife and children from my family plan and wont reimburse or cancel my family plan that they removed my family from walk with fear for what they will just do and make you pay for unacceptable,1
2025-09-09,The worst customer service ever received,"My account has been locked due to supposed fraudulent activity. I contacted Spotify using the online chat function. They then told me there was no way for my account to be recovered, yet they are still charging me.  I was never notified about this fraudulent activity or given an opportunity to recover my account.  I am not able to create a new account with my email address as it is still associated with my old account. I have now lost access to years worth of music and playlists.  When asking for extra support, the customer service support team ended the chat.  Easily the worst customer service I have ever received.",Rated 1 out of 5 stars,the worst customer service ever received,my account has been locked due to supposed fraudulent activity i contacted spotify using the online chat function they then told me there was no way for my account to be recovered yet they are still charging me  i was never notified about this fraudulent activity or given an opportunity to recover my account  i am not able to create a new account with my email address as it is still associated with my old account i have now lost access to years worth of music and playlists  when asking for extra support the customer service support team ended the chat  easily the worst customer service i have ever received,1
2025-09-08,Will continue to charge your CC,It was great until they continue to charge CC even when subscription ended.,Rated 2 out of 5 stars,will continue to charge your cc,it was great until they continue to charge cc even when subscription ended,2
2025-09-08,What I think about Spotify,"I closed my account but they didn’t ask my feedback or the reason behind closing it so here it is. You don’t care about artists and I wish for Spotify to loose all the customers and artists.  The Spotify chief executive, Daniel Ek, recently led a €600m ($1.07bn) investment in a German defence company called Helsing, which specialises in AI-driven autonomous weapon systems, through his investment firm Prima Materia.  It’s a disgrace, it’s unethical, it’s shameful!",Rated 1 out of 5 stars,what i think about spotify,i closed my account but they didnt ask my feedback or the reason behind closing it so here it is you dont care about artists and i wish for spotify to loose all the customers and artists  the spotify chief executive daniel ek recently led a 600m 107bn investment in a german defence company called helsing which specialises in aidriven autonomous weapon systems through his investment firm prima materia  its a disgrace its unethical its shameful,1
2025-09-08,Ze mogen je content gebruiken voor hun eigen gewin?,"Nieuwe gebruikersvoorwaarden ontvangen, en omdat ik toch wakker lag die maar eens doorgelezen. Misschien begrijp ik het verkeerd, maar door hun service te gebruiken mogen ze de content die jij deelt (dus ook je eigen muziek) gebruiken voor henzelf. Zie tekst hieronder. Ik hoop dat ik het verkeerd begrijp, maar gezien al hun slechte zetten de afgelopen jaren, is het vast zoals ik het lees.  ""Licenses that you grant to us User Content  You retain ownership of your User Content when you post it to the Spotify Service. However, in order for us to make your User Content available on the Spotify Service and to provide you with certain features and functions, we do need a limited license from you to that User Content. Accordingly, you hereby grant to Spotify a non-exclusive, transferable, sublicensable, royalty-free, fully paid, irrevocable, worldwide license to reproduce, make available, perform and display, translate, modify, create derivative works from, distribute, and otherwise use any such User Content through any medium, whether alone or in combination with other Content or materials, in any manner and by any means, method or technology, whether now known or hereafter created, in connection with the Spotify Service. Where applicable and to the extent permitted under applicable law, you also agree to waive, and not to enforce, any ""moral rights"" or equivalent rights, such as your right to be identified as the author of any User Content, including Feedback, and your right to object to derogatory treatment of such User Content.""  Naast bovenstaande erger ik me ook door aan de stroom aan AI-'muziek' die het platform overspoeld. Ik luister graag naar mensen, niet naar een computer. Al jaren Spotify Premium gehad, nu zelfs Family, maar ik houd er mee op. Van dat geld kunnen we ook iedere maand een cd kopen van een echte artiest. Verdienen die artiesten ook meer aan trouwens, dus win-win!",Rated 1 out of 5 stars,ze mogen je content gebruiken voor hun eigen gewin,nieuwe gebruikersvoorwaarden ontvangen en omdat ik toch wakker lag die maar eens doorgelezen misschien begrijp ik het verkeerd maar door hun service te gebruiken mogen ze de content die jij deelt dus ook je eigen muziek gebruiken voor henzelf zie tekst hieronder ik hoop dat ik het verkeerd begrijp maar gezien al hun slechte zetten de afgelopen jaren is het vast zoals ik het lees  licenses that you grant to us user content  you retain ownership of your user content when you post it to the spotify service however in order for us to make your user content available on the spotify service and to provide you with certain features and functions we do need a limited license from you to that user content accordingly you hereby grant to spotify a nonexclusive transferable sublicensable royaltyfree fully paid irrevocable worldwide license to reproduce make available perform and display translate modify create derivative works from distribute and otherwise use any such user content through any medium whether alone or in combination with other content or materials in any manner and by any means method or technology whether now known or hereafter created in connection with the spotify service where applicable and to the extent permitted under applicable law you also agree to waive and not to enforce any moral rights or equivalent rights such as your right to be identified as the author of any user content including feedback and your right to object to derogatory treatment of such user content  naast bovenstaande erger ik me ook door aan de stroom aan aimuziek die het platform overspoeld ik luister graag naar mensen niet naar een computer al jaren spotify premium gehad nu zelfs family maar ik houd er mee op van dat geld kunnen we ook iedere maand een cd kopen van een echte artiest verdienen die artiesten ook meer aan trouwens dus winwin,1
2025-09-07,Ruthless company that shows no mercy…,Ruthless company that shows no mercy when forgetting to cancel the free subscription after 2 months. It said you can only get a refund after 14 days and that is from the start of the FREE subscription which doesn't really make much sense. How can you refund a free subscription?,Rated 1 out of 5 stars,ruthless company that shows no mercy,ruthless company that shows no mercy when forgetting to cancel the free subscription after 2 months it said you can only get a refund after 14 days and that is from the start of the free subscription which doesnt really make much sense how can you refund a free subscription,1
2025-09-07,Spotify is a black hole,"Spotify is a black hole. When you subscribe you can’t change your mind, even though you cancel your subscription, follow rules rightly, they keep take/steal your money, and they don’t being reachable anymore, but they still take your money and you don’t figure out how to stop this theft . They are like a cult or a criminal organization",Rated 1 out of 5 stars,spotify is a black hole,spotify is a black hole when you subscribe you cant change your mind even though you cancel your subscription follow rules rightly they keep takesteal your money and they dont being reachable anymore but they still take your money and you dont figure out how to stop this theft  they are like a cult or a criminal organization,1
2025-09-06,it has horrible conditions for the…,it has horrible conditions for the artists.,Rated 3 out of 5 stars,it has horrible conditions for the,it has horrible conditions for the artists,3
2025-09-06,Best music platform,"I use spotify every day for work and the gym. Playlists are easy to customize, and I love discovering new artists.",Rated 5 out of 5 stars,best music platform,i use spotify every day for work and the gym playlists are easy to customize and i love discovering new artists,5
2025-09-05,App is very slow,App is very slow. It pushes reels and other tricks to keep you hooked on the screen. No genuine music discovery. Pop-ups in app. Pricing has become too high for the experience we get. Unsubbed for now.,Rated 1 out of 5 stars,app is very slow,app is very slow it pushes reels and other tricks to keep you hooked on the screen no genuine music discovery popups in app pricing has become too high for the experience we get unsubbed for now,1
2025-09-05,Financing war,"First, it has horrible conditions for the artists. Second, our money is used to finance militar drones. They could have used our money to create a better world. Farewell Spotify. Just deleted my account.",Rated 1 out of 5 stars,financing war,first it has horrible conditions for the artists second our money is used to finance militar drones they could have used our money to create a better world farewell spotify just deleted my account,1
2025-09-05,A platform built on music but…,"A platform built on music but undervalues the very artists who make it , while its priorities seem increasingly far from the art itself ….",Rated 1 out of 5 stars,a platform built on music but,a platform built on music but undervalues the very artists who make it  while its priorities seem increasingly far from the art itself ,1
2025-09-05,Both my wife and I have had problems…,Both my wife and I have had problems with Spotify recently. They were still trying to bill my wife even a month after they sent an email to confirm she had left! They sent me an email about billing me even though I did not subscribe to them. Unbelievable!,Rated 1 out of 5 stars,both my wife and i have had problems,both my wife and i have had problems with spotify recently they were still trying to bill my wife even a month after they sent an email to confirm she had left they sent me an email about billing me even though i did not subscribe to them unbelievable,1
2025-09-04,I should have used amazon prime which…,"I should have used amazon prime which comes with free music. bad customer service, basically was threatened that Maria form Spotify would end the chat with me because I was using a bad tone and made her uncomfortable when I challenged her she just sent a standard autopilot response ' I wish I could help you'  Get far far more from amazon, I wish i knew sooner!",Rated 1 out of 5 stars,i should have used amazon prime which,i should have used amazon prime which comes with free music bad customer service basically was threatened that maria form spotify would end the chat with me because i was using a bad tone and made her uncomfortable when i challenged her she just sent a standard autopilot response  i wish i could help you  get far far more from amazon i wish i knew sooner,1
2025-09-04,"Spotify is such a awful music platform, especially in terms of customer service","Spotify wouldn't allow you to use the family plan when you are travelling, and even typing in your home address still does not work. Customer service is a robot, won't even answer or understand your question. Until you request a real person advisor, but they cannot do anything, and disappear during the chats from time to time. Interesting. Recommend other music platforms.",Rated 1 out of 5 stars,spotify is such a awful music platform especially in terms of customer service,spotify wouldnt allow you to use the family plan when you are travelling and even typing in your home address still does not work customer service is a robot wont even answer or understand your question until you request a real person advisor but they cannot do anything and disappear during the chats from time to time interesting recommend other music platforms,1
2025-09-03,Adverts are the only things I listen to other than THE music,"I honestly find Spotify working well on my device though when I choose to dislike the adverts it's says it will change the adverts I see but I see the same. And I get 2 adverts every 3 songs or show. not recommend to those who like to skip ads, i might move to Deezer.",Rated 3 out of 5 stars,adverts are the only things i listen to other than the music,i honestly find spotify working well on my device though when i choose to dislike the adverts its says it will change the adverts i see but i see the same and i get 2 adverts every 3 songs or show not recommend to those who like to skip ads i might move to deezer,3
2025-09-03,No changes at all,"Daily mixes never changes at all!  There is NO new music at all; just the same music over and over and over again; no way to discover new music only the ones pushed by spotify.  When you listen to 1(!!) other song, and you get spammed with crap as if it is youtube.  And now the stupid AI slop which you cannot recognize as such.  Terrible monopoly way of getting in the money without doing anything useful.  Streaming is killing true music.",Rated 2 out of 5 stars,no changes at all,daily mixes never changes at all  there is no new music at all just the same music over and over and over again no way to discover new music only the ones pushed by spotify  when you listen to 1 other song and you get spammed with crap as if it is youtube  and now the stupid ai slop which you cannot recognize as such  terrible monopoly way of getting in the money without doing anything useful  streaming is killing true music,2
2025-09-02,Losing a premium user due to how you treat your free users.,"Having been a Spotify Premium user for 3-4 years now, I am unable to renew my subscription due to current financial constraints. I figured I'd use the free--with ads-- version for a while until I can renew. That said, I am so disappointed by the amount of ads you are forced to listen to that it's not even worth it. There's a good chance I won't renew with Spotify because I'm ready to find a new service after only five days of free listening.  To show what I'm talking about, here is an hour worth of listening and how many ads I had to endure in that time. If you consider that the total amount of ads was 9 minutes out of 65 minutes, that means that ~15% of what you listen to is ads. While that isn't a disproportionately large amount (compared to old-school TV stations which were often 25% ads), the problem is it is impossible to get into your music when you are interrupted every couple songs by loud ads. Some of the ad sets were no more than 6.5 minutes apart. As a result you only get to hear 2-3 songs between 1.5 minute ad sets. This is particularly unbearable for someone like me who likes to listen to music at high volume, just to be blasted with obnoxiously loud ads after every 2nd or 3rd song.  12:03 - 4 ads 1.5m (ended at 12:04.5) 12:12.5 - 3 ads 1.5m (ended at 12:14) 12:20.5 - 2 ads 1.5m (ended at 12:22) -- One song automatically skipped after 30 seconds and next ads came even sooner at 6.5 minutes 12:29.5 - 3 ads 1.5m (ended at 12:31) 12:39.75 - 3 ads 1.5m (ended at 12.41.25) -- Long 5s+ pause between multiple songs for no reason on this set 12:53.75 - 3 ads 1.75m (ended at 12:55.5) 01:07.5 - 3 ads 1.25m (ended at 01:08.75)  This is abrasive and abusive towards your free users. You could easily do longer ad sets with longer ad-free listening in between so that people can actually turn up their favorite music and enjoy it without being jolted with anxiety every 7.5 minutes when an obnoxious ad blasts over the speakers.  Furthermore, I noticed a couple other things that have degraded my opinion of Spotify.  1) A song automatically skipped a few seconds inn. While this happens occasionally even with Premium, this time I was made to listen to ads even sooner, after a mere 6.5 minutes, despite that I'm not the one who skipped the song. 2) During one set there were multiple long pauses between songs for no reason. I have 300MB download speed, and this never happened with Premium, so I know it wasn't on my end. This leads me to believe that these random 5 second pauses are just to pad your listening and decrease costs while keeping the same amount of ad revenue between songs sets. 3) When my premium first expired I was getting 10-20 minutes between ad sets. The longer I have listened without premium, the less actual music I get to listen to. In only five days, 10-20 minutes has degraded to less than 9 on average. Like an intentional manipulation to push the user towards buying premium (and if they don't, you don't care because they're obviously willing to accept garbage if they keep using the service for free). 4) Pausing the music seems to be a bad idea, and it seems like every time I return, the one song finishes out and then I have to listen to another ad set--even if that was the first song after the last ad set. This is unnecessary and probably the most abusive part of all of this. If I haven't been listening, I shouldn't have to ""earn"" more free listening by listening to a second set of ads. This is a common tactic I see in streaming platforms these days. Hulu being the worst I've seen, where they intentionally set your show or movie back up to 10 minutes to try and put you behind an ad set you already watched. Yet if you are watching an ad free movie, it never sets you back at all. Blatant abuse.",Rated 1 out of 5 stars,losing a premium user due to how you treat your free users,having been a spotify premium user for 34 years now i am unable to renew my subscription due to current financial constraints i figured id use the freewith ads version for a while until i can renew that said i am so disappointed by the amount of ads you are forced to listen to that its not even worth it theres a good chance i wont renew with spotify because im ready to find a new service after only five days of free listening  to show what im talking about here is an hour worth of listening and how many ads i had to endure in that time if you consider that the total amount of ads was 9 minutes out of 65 minutes that means that 15 of what you listen to is ads while that isnt a disproportionately large amount compared to oldschool tv stations which were often 25 ads the problem is it is impossible to get into your music when you are interrupted every couple songs by loud ads some of the ad sets were no more than 65 minutes apart as a result you only get to hear 23 songs between 15 minute ad sets this is particularly unbearable for someone like me who likes to listen to music at high volume just to be blasted with obnoxiously loud ads after every 2nd or 3rd song  1203  4 ads 15m ended at 12045 12125  3 ads 15m ended at 1214 12205  2 ads 15m ended at 1222  one song automatically skipped after 30 seconds and next ads came even sooner at 65 minutes 12295  3 ads 15m ended at 1231 123975  3 ads 15m ended at 124125  long 5s pause between multiple songs for no reason on this set 125375  3 ads 175m ended at 12555 01075  3 ads 125m ended at 010875  this is abrasive and abusive towards your free users you could easily do longer ad sets with longer adfree listening in between so that people can actually turn up their favorite music and enjoy it without being jolted with anxiety every 75 minutes when an obnoxious ad blasts over the speakers  furthermore i noticed a couple other things that have degraded my opinion of spotify  1 a song automatically skipped a few seconds inn while this happens occasionally even with premium this time i was made to listen to ads even sooner after a mere 65 minutes despite that im not the one who skipped the song 2 during one set there were multiple long pauses between songs for no reason i have 300mb download speed and this never happened with premium so i know it wasnt on my end this leads me to believe that these random 5 second pauses are just to pad your listening and decrease costs while keeping the same amount of ad revenue between songs sets 3 when my premium first expired i was getting 1020 minutes between ad sets the longer i have listened without premium the less actual music i get to listen to in only five days 1020 minutes has degraded to less than 9 on average like an intentional manipulation to push the user towards buying premium and if they dont you dont care because theyre obviously willing to accept garbage if they keep using the service for free 4 pausing the music seems to be a bad idea and it seems like every time i return the one song finishes out and then i have to listen to another ad seteven if that was the first song after the last ad set this is unnecessary and probably the most abusive part of all of this if i havent been listening i shouldnt have to earn more free listening by listening to a second set of ads this is a common tactic i see in streaming platforms these days hulu being the worst ive seen where they intentionally set your show or movie back up to 10 minutes to try and put you behind an ad set you already watched yet if you are watching an ad free movie it never sets you back at all blatant abuse,1
2025-09-01,My spotify has gone way down hill been,My spotify has gone way down hill i been using Spotify for 9 years in November or December and I got around 5 hundred songs and keep going back to start to the same songs in the same order on shuffle if it my phone that making it slow let me know if im right?,Rated 1 out of 5 stars,my spotify has gone way down hill been,my spotify has gone way down hill i been using spotify for 9 years in november or december and i got around 5 hundred songs and keep going back to start to the same songs in the same order on shuffle if it my phone that making it slow let me know if im right,1
2025-08-31,"It’s great for listening to when cleaning,playing,sports,etc",No Content,Rated 5 out of 5 stars,its great for listening to when cleaningplayingsportsetc,no content,5
2025-08-31,Scammed and lied to me,"Stay away from Spotify. They are scam artists who use your information to overcharge you. Then when you try to contact them they do not respond for weeks and finally when they respond they say it's too late for a refund. I was fraudulently charged around $14 on August 18th and when I finally got a response it was august 30rh and they claimed that it was past the 2 week period to cancel (the product I didn't even purchase or use). So I responded and showed them that it has not been over 2 weeks. They then asked me to open the app and give them information from it, and used that to say that I used the product, but I still insisted that it was less than two weeks so they started claiming that they stole my money on July 18th and that I can still use the product until September 18th. They scam people for small amounts and hope that people either don't realize it or just give up since it's only $14. Be aware of there scams and I recommend that you go directly to your credit card or payment method when they scam you, not try to contact them where they make you wait and do things to trap you.",Rated 1 out of 5 stars,scammed and lied to me,stay away from spotify they are scam artists who use your information to overcharge you then when you try to contact them they do not respond for weeks and finally when they respond they say its too late for a refund i was fraudulently charged around 14 on august 18th and when i finally got a response it was august 30rh and they claimed that it was past the 2 week period to cancel the product i didnt even purchase or use so i responded and showed them that it has not been over 2 weeks they then asked me to open the app and give them information from it and used that to say that i used the product but i still insisted that it was less than two weeks so they started claiming that they stole my money on july 18th and that i can still use the product until september 18th they scam people for small amounts and hope that people either dont realize it or just give up since its only 14 be aware of there scams and i recommend that you go directly to your credit card or payment method when they scam you not try to contact them where they make you wait and do things to trap you,1
2025-08-31,LIES,"I have a personal premium trial subscription. It is not possible to manage the subscription on the mobile app, only on the website. Spotify LIES to me as they mentioned that my subscription will end IMMEDIATELY in case of cancellation of the trial, which was not the case.",Rated 2 out of 5 stars,lies,i have a personal premium trial subscription it is not possible to manage the subscription on the mobile app only on the website spotify lies to me as they mentioned that my subscription will end immediately in case of cancellation of the trial which was not the case,2
2025-08-31,I took the offer of Spotify premium…,"I took the offer of Spotify premium which is supposed to end in December they took a payment but then I got a message stating I had requested a refund which I had not I contacted their customer service and chatted with someone called Stephen but then I got a message telling me thAt I can't continue with the offer but I can join for the full amount,then message would not reply I have been with Spotify for years but now am am deleting their app if this is the way they treat their customers it is disgusting",Rated 1 out of 5 stars,i took the offer of spotify premium,i took the offer of spotify premium which is supposed to end in december they took a payment but then i got a message stating i had requested a refund which i had not i contacted their customer service and chatted with someone called stephen but then i got a message telling me that i cant continue with the offer but i can join for the full amountthen message would not reply i have been with spotify for years but now am am deleting their app if this is the way they treat their customers it is disgusting,1
2025-09-03,Spotify likes to add songs to YOUR…,"Spotify likes to add songs to YOUR playlist! Too much money. Can't download music to your device. Many songs are not the original. I have a free PREMIUM membership for 3 months with Microsoft rewards. NO WAY am I getting a ""premium"" membership. Either Spotify sucks, or Microsoft and Spotify together are scamming.",Rated 1 out of 5 stars,spotify likes to add songs to your,spotify likes to add songs to your playlist too much money cant download music to your device many songs are not the original i have a free premium membership for 3 months with microsoft rewards no way am i getting a premium membership either spotify sucks or microsoft and spotify together are scamming,1
2025-08-30,Spotify’s price hike feels like a…,"Spotify’s price hike feels like a betrayal to loyal users. While the platform offers great value with its massive library, the increase seems unjustifiable. As streaming prices climb, it leaves you wondering if we’re getting more for our money, or if it’s just another push for profit. No, thank you. I have just unsubscribed.",Rated 1 out of 5 stars,spotifys price hike feels like a,spotifys price hike feels like a betrayal to loyal users while the platform offers great value with its massive library the increase seems unjustifiable as streaming prices climb it leaves you wondering if were getting more for our money or if its just another push for profit no thank you i have just unsubscribed,1
2025-08-28,Spotify is a bad company that despises subscribers,"Spotify is completely unfair to its paid subscribers. There are ads in the middle of podcasts. There are huge gaps in the songs, which are played on YouTube but not on Spotify. The app on the computer is very bad and there are no editing options on mobile. So if Spotify were a little more fair, they would provide customer service to paid subscribers. But they don't!! I will cancel my subscription at the end of the month, when I block the Spotify direct debit on my credit card.  I got in touch with Spotify's ""customer service"" today. My question was focused, technical. I was put on hold for an hour and a half by service representatives with polite promises that they would help me soon and thank me for my patience. After an hour and a half, the bastards hung up the chat. What else? You can't choose what to see on the login page. You can't remove things you don't want to see. Not all playlists are shown to other people even though they are public! People don't see playlists in alphabetical order. When you want to hear something privately - Spotify limits it to only six views. God, what a shitty company!",Rated 1 out of 5 stars,spotify is a bad company that despises subscribers,spotify is completely unfair to its paid subscribers there are ads in the middle of podcasts there are huge gaps in the songs which are played on youtube but not on spotify the app on the computer is very bad and there are no editing options on mobile so if spotify were a little more fair they would provide customer service to paid subscribers but they dont i will cancel my subscription at the end of the month when i block the spotify direct debit on my credit card  i got in touch with spotifys customer service today my question was focused technical i was put on hold for an hour and a half by service representatives with polite promises that they would help me soon and thank me for my patience after an hour and a half the bastards hung up the chat what else you cant choose what to see on the login page you cant remove things you dont want to see not all playlists are shown to other people even though they are public people dont see playlists in alphabetical order when you want to hear something privately  spotify limits it to only six views god what a shitty company,1
2025-08-28,Premium user - still get ripped off,"I'm a Spotify premium user, and pay extra to have my husband on my account. I like the enormous library of content, audio books, podcasts, etc. The problem I have and why I'm leaving a bad review, is because of the ads on podcasts. Spotify claims it has no control over which ads are ran during a podcast because the content creator chooses the ads to help pay for their programing. But I'm not talking about sponsors here. I'll listen to a podcast where the host reads an advertisement for a sponsor. Sometimes a few times during an episode they'll do that with different sponsors. But Spotify, on TOP of that, is allowing prerecorded ads, either at the beginning of an episode, or in the middle of an episode randomly. These ads are NOT sponsors of the podcast. I know this because some of the ads are about brands or subjecs, or even have certain language in them that goes against the type of genre podcast I'm listening. If you go online and look up this issue, thousands of premium users are experiencing the same thing. I reached out to Spotify at one point about this issue, and they said there wasn't anything they could do, that's it's not their doing, it's the Podcast itself who does this. Yet magically, for a few months after contacting them, there were no more interruptions from outside ads in the podcasts I was listening to. Eventually though, when I start a new podcast, it returns. Unfortunately Spotify knows that as long as we continue to pay for premium, they can get away with ripping their customers off. I understand a business needs to make money, but I'm so sick of all these companies becoming more greedy.",Rated 2 out of 5 stars,premium user  still get ripped off,im a spotify premium user and pay extra to have my husband on my account i like the enormous library of content audio books podcasts etc the problem i have and why im leaving a bad review is because of the ads on podcasts spotify claims it has no control over which ads are ran during a podcast because the content creator chooses the ads to help pay for their programing but im not talking about sponsors here ill listen to a podcast where the host reads an advertisement for a sponsor sometimes a few times during an episode theyll do that with different sponsors but spotify on top of that is allowing prerecorded ads either at the beginning of an episode or in the middle of an episode randomly these ads are not sponsors of the podcast i know this because some of the ads are about brands or subjecs or even have certain language in them that goes against the type of genre podcast im listening if you go online and look up this issue thousands of premium users are experiencing the same thing i reached out to spotify at one point about this issue and they said there wasnt anything they could do thats its not their doing its the podcast itself who does this yet magically for a few months after contacting them there were no more interruptions from outside ads in the podcasts i was listening to eventually though when i start a new podcast it returns unfortunately spotify knows that as long as we continue to pay for premium they can get away with ripping their customers off i understand a business needs to make money but im so sick of all these companies becoming more greedy,2
2025-08-28,I encountered issues while trying to…,"I encountered issues while trying to claim the 1-month free trial with my payment method. It kept prompting me to use a different card, stating that this one wasn’t valid, along with multiple other errors. I reached out to support numerous times but was essentially dismissed and eventually ignored.",Rated 1 out of 5 stars,i encountered issues while trying to,i encountered issues while trying to claim the 1month free trial with my payment method it kept prompting me to use a different card stating that this one wasnt valid along with multiple other errors i reached out to support numerous times but was essentially dismissed and eventually ignored,1
2025-08-28,I discovered guap boy dez on Spotify…,I discovered guap boy dez on Spotify but that's the only good thing about it I can't pay for premium again,Rated 5 out of 5 stars,i discovered guap boy dez on spotify,i discovered guap boy dez on spotify but thats the only good thing about it i cant pay for premium again,5
2025-08-27,Horrible customer service,"Horrible customer service - signed up for free trial that promised a warning email 3 days before the charge and none ever appeared in my inbox so I got charged and cancelled the very same day and asked for a refund on the basis that the email never came that was promised and got such a cold response from the team. Be careful signing up, they are definitely quite ruthless!",Rated 1 out of 5 stars,horrible customer service,horrible customer service  signed up for free trial that promised a warning email 3 days before the charge and none ever appeared in my inbox so i got charged and cancelled the very same day and asked for a refund on the basis that the email never came that was promised and got such a cold response from the team be careful signing up they are definitely quite ruthless,1
2025-08-27,I am highly disappointed with the way…,"I am highly disappointed with the way Spotify handles billing flexibility. I specifically enquired about changing my billing date because the current one is highly inconvenient I end up being charged multiple times before my payday, which leads to unnecessary debit order penalties that I have to carry, the response I received was that the only solution is to cancel my subscription and then re-subscribe on the day I want to be billed. This is not only impractical but also deeply inconvenient, especially for someone who uses Spotify Premium daily. Now, I am forced to endure the free version with ads a downgrade I never asked for simply because Spotify refuses to offer a basic level of billing flexibility that many other subscription services already provide, this experience has shown me that Spotify prioritizes rigid policies over customer convenience, and as a paying customer, I feel undervalued. Instead of finding a customer-friendly solution, I was given a workaround that punishes my loyalty and disrupts my user experience Because of this, I will not be returning to Spotify Premium",Rated 1 out of 5 stars,i am highly disappointed with the way,i am highly disappointed with the way spotify handles billing flexibility i specifically enquired about changing my billing date because the current one is highly inconvenient i end up being charged multiple times before my payday which leads to unnecessary debit order penalties that i have to carry the response i received was that the only solution is to cancel my subscription and then resubscribe on the day i want to be billed this is not only impractical but also deeply inconvenient especially for someone who uses spotify premium daily now i am forced to endure the free version with ads a downgrade i never asked for simply because spotify refuses to offer a basic level of billing flexibility that many other subscription services already provide this experience has shown me that spotify prioritizes rigid policies over customer convenience and as a paying customer i feel undervalued instead of finding a customerfriendly solution i was given a workaround that punishes my loyalty and disrupts my user experience because of this i will not be returning to spotify premium,1
2025-08-26,Sound quality's okay,"Sound quality's okay, but the constant ads on the free version are unbearable. Just switched to a competitor – far less intrusive. Shame, as the app itself is alright.",Rated 1 out of 5 stars,sound qualitys okay,sound qualitys okay but the constant ads on the free version are unbearable just switched to a competitor  far less intrusive shame as the app itself is alright,1
2025-08-26,Gone downhill,"Ads even on premium which is frustrating as I listen to podcasts, needs to sort this out, not the same listening experience as it was when it first came out",Rated 2 out of 5 stars,gone downhill,ads even on premium which is frustrating as i listen to podcasts needs to sort this out not the same listening experience as it was when it first came out,2
2025-08-26,can't get paid unless a track gets over…,"can't get paid unless a track gets over a 1,000 plays? Wackness. I never listen on spotify and never will. Have several albums up there. It's just a joke.",Rated 1 out of 5 stars,cant get paid unless a track gets over,cant get paid unless a track gets over a 1000 plays wackness i never listen on spotify and never will have several albums up there its just a joke,1
2025-08-26,Will not refund me for service I wasn’t…,"Will not refund me for service I wasn’t aware I had. I signed up for a trial, it said the payment didn’t go through and I forgot about it. Funny how the payment worked when they want to take my money for a service I haven’t used",Rated 1 out of 5 stars,will not refund me for service i wasnt,will not refund me for service i wasnt aware i had i signed up for a trial it said the payment didnt go through and i forgot about it funny how the payment worked when they want to take my money for a service i havent used,1
2025-08-26,I totally love this platform!,"It’s kinda funny seeing people complain about the free version. You’re literally using one of the best music platforms in the world for free and mad about ads? Just spend the $5. Seriously, it’s nothing (btw and I’m not even rich), but it’s 100% worth it. Spotify’s algorithm has introduced me to so many incredible songs and artists I would’ve never found otherwise. Honestly, it’s the best investment I’ve made for such a symbolic price. I’m so glad this platform exists, can’t imagine my life without it. Thank you, Spotify!!!",Rated 5 out of 5 stars,i totally love this platform,its kinda funny seeing people complain about the free version youre literally using one of the best music platforms in the world for free and mad about ads just spend the 5 seriously its nothing btw and im not even rich but its 100 worth it spotifys algorithm has introduced me to so many incredible songs and artists i wouldve never found otherwise honestly its the best investment ive made for such a symbolic price im so glad this platform exists cant imagine my life without it thank you spotify,5
2025-08-25,I used the free version and it works…,"I used the free version and it works well for me. I find the Ads come on every now and then, and its okay. Music collection is good.",Rated 4 out of 5 stars,i used the free version and it works,i used the free version and it works well for me i find the ads come on every now and then and its okay music collection is good,4
2025-08-25,this app is useless unless you got…,this app is useless unless you got premium.,Rated 1 out of 5 stars,this app is useless unless you got,this app is useless unless you got premium,1
2025-08-24,Communication and Processes Awful,"Signed up for Spotify 3 month free trial 1 week ago. Had an issue with confirming payment but it worked in the end, I received email confirmation and a receipt. Premium didn’t seem to be working after couple of days so I rechecked everything, emails, logged out and in, tried different devices and reinstalling apps and clearing history but nothing. Contacted customer service only to be told that they had cancelled my trial because their records show I already had used a trial period (I hadn’t). Before I could explain this and ask why they didn’t contact me, on the online chat (the only way to contact them) it was abuptly ended saying it couldn’t help me further. No thanks or goodbye or anything. Rude, difficult, disrespectful, discourteous and horrible way to treat customers.",Rated 1 out of 5 stars,communication and processes awful,signed up for spotify 3 month free trial 1 week ago had an issue with confirming payment but it worked in the end i received email confirmation and a receipt premium didnt seem to be working after couple of days so i rechecked everything emails logged out and in tried different devices and reinstalling apps and clearing history but nothing contacted customer service only to be told that they had cancelled my trial because their records show i already had used a trial period i hadnt before i could explain this and ask why they didnt contact me on the online chat the only way to contact them it was abuptly ended saying it couldnt help me further no thanks or goodbye or anything rude difficult disrespectful discourteous and horrible way to treat customers,1
2025-08-21,Another predatory monthly billing cycle…,Another predatory monthly billing cycle scam with a User agreement that only benefits the company.,Rated 1 out of 5 stars,another predatory monthly billing cycle,another predatory monthly billing cycle scam with a user agreement that only benefits the company,1
2025-08-21,Have used for years,"Have used for years. If you pay for a subscription, the experience is perfectly seamless. If not, you should consider it.",Rated 5 out of 5 stars,have used for years,have used for years if you pay for a subscription the experience is perfectly seamless if not you should consider it,5
2025-08-21,This is by far the best music service…,"This is by far the best music service on the market. Addtionally it gives you free audibooks and podcats. Best search, discover algorithm, UI. Never go with apple music or anything else.",Rated 5 out of 5 stars,this is by far the best music service,this is by far the best music service on the market addtionally it gives you free audibooks and podcats best search discover algorithm ui never go with apple music or anything else,5
2025-08-20,utterly disapointed,utterly disapointed. just tried to listen to a random song. it kept playing random different song without saying why this was. the worst user experience ever.,Rated 1 out of 5 stars,utterly disapointed,utterly disapointed just tried to listen to a random song it kept playing random different song without saying why this was the worst user experience ever,1
2025-08-20,I hate the Spotify premium adds after every song,I hate the Spotify premium adds after each song I need to close and open the app again to close the add and it can’t be skipped,Rated 1 out of 5 stars,i hate the spotify premium adds after every song,i hate the spotify premium adds after each song i need to close and open the app again to close the add and it cant be skipped,1
2025-08-20,solid music app,I listed daily and like the the playlists. Just wish the app worked a little smoother when switching between phone and laptop.,Rated 4 out of 5 stars,solid music app,i listed daily and like the the playlists just wish the app worked a little smoother when switching between phone and laptop,4
2025-08-20,Slowly getting worse,"Sure I use Spotify, but god it's horrible now. Ads are always longer than they need to be, I can't pick what song I want when I want, it's just unpleasnt. They say they try and make Spotify the best it can be but they ARE only making it worse. I'm considering just deleting Spotify as a whole at this point.",Rated 2 out of 5 stars,slowly getting worse,sure i use spotify but god its horrible now ads are always longer than they need to be i cant pick what song i want when i want its just unpleasnt they say they try and make spotify the best it can be but they are only making it worse im considering just deleting spotify as a whole at this point,2
2025-08-19,CAN NOT SHUFFLE YOUR ENTIRE MUSIC LIBRARY,"After all this time using Spotify. Couldn't understand WHY I was hearing all the same tracks over and over EVEN though I've thousands of songs in my library at hundreds of hours of total play time. Thought I'd contact Spotify and find out. Turns out they CAN NOT even do a BASIC feature like shuffle each and every song in your library. They can only generate a ""queue"" and play a sample of your tracks up to 50 on shuffle at any one time. I literally laughed in disgust. Ended the chat and as a lifelong Android and Samsung man have now found myself utilising Apple Music simply for this basic feature!!! Ridiculous. Used Android Soundiiz via Apples Songshift to seamlessly transfer my ENTIRE array of songs and custom playlists AWAY from Spotify over to Apple Music. I guess a) Can now shuffle every song and entire library and b) utilise Dolby Atmos with Spatial Sound at Hi-Res Lossless so thanks Apple I guess you win this round.",Rated 1 out of 5 stars,can not shuffle your entire music library,after all this time using spotify couldnt understand why i was hearing all the same tracks over and over even though ive thousands of songs in my library at hundreds of hours of total play time thought id contact spotify and find out turns out they can not even do a basic feature like shuffle each and every song in your library they can only generate a queue and play a sample of your tracks up to 50 on shuffle at any one time i literally laughed in disgust ended the chat and as a lifelong android and samsung man have now found myself utilising apple music simply for this basic feature ridiculous used android soundiiz via apples songshift to seamlessly transfer my entire array of songs and custom playlists away from spotify over to apple music i guess a can now shuffle every song and entire library and b utilise dolby atmos with spatial sound at hires lossless so thanks apple i guess you win this round,1
2025-08-18,WORST CUSTOMER SUPPORTS,"Pranjali R, Sravanthi, and Jabin B, are the worst customer support. They never helped. They never acknowledge my request, and all they want to feel for themselves is being uncomfortable because of my frustration. This company charged me monthly w/o me knowing and refused to give me a refund.",Rated 1 out of 5 stars,worst customer supports,pranjali r sravanthi and jabin b are the worst customer support they never helped they never acknowledge my request and all they want to feel for themselves is being uncomfortable because of my frustration this company charged me monthly wo me knowing and refused to give me a refund,1
2025-08-18,For some reason I have been logged out…,"For some reason I have been logged out of Spotify. I set this up years ago and on an old e mail address I no longer use. I am going round in circles as the only way to log back in is to verify on the old e mail address which I can’t get in to. Seems impossible to contact Spotify! Looks like I will have to delete it, cancel direct debit and start all over again! And lose all play lists no doubt. Very frustrating service.",Rated 1 out of 5 stars,for some reason i have been logged out,for some reason i have been logged out of spotify i set this up years ago and on an old e mail address i no longer use i am going round in circles as the only way to log back in is to verify on the old e mail address which i cant get in to seems impossible to contact spotify looks like i will have to delete it cancel direct debit and start all over again and lose all play lists no doubt very frustrating service,1
2025-08-18,I've used it for years,"I've used it for years too many ads for free users, customer support is slow",Rated 2 out of 5 stars,ive used it for years,ive used it for years too many ads for free users customer support is slow,2
2025-08-18,"Cancel Subscription, NO REFOUND","What you make more happy? Enjoy the service for free with annoying commercials or Pay a Monthly fee and no commercials? Whatever you choose, what is very bad from Spotify, is that if you do not cancel the subscription BEFORE the day of payment, there is no way that they Will Refound you, even the same day. Unbelievable rude and not fair for who decide that do not want to pay a service for a month. All other companies immediately give your money back if you ask same day, I mean... there are better companies that treat you better. No doubts.",Rated 2 out of 5 stars,cancel subscription no refound,what you make more happy enjoy the service for free with annoying commercials or pay a monthly fee and no commercials whatever you choose what is very bad from spotify is that if you do not cancel the subscription before the day of payment there is no way that they will refound you even the same day unbelievable rude and not fair for who decide that do not want to pay a service for a month all other companies immediately give your money back if you ask same day i mean there are better companies that treat you better no doubts,2
2025-08-18,"Spotify is a really good app ,if you…","Spotify is a really good app ,if you have Spotify premium. Overall it a good app",Rated 3 out of 5 stars,spotify is a really good app if you,spotify is a really good app if you have spotify premium overall it a good app,3
2025-08-17,Customer Service is a joke and they…,"Customer Service is a joke and they will lie to you and even with a student discount, I won't use your service! How you can improve? Close your business or lose your stealing money ways.",Rated 1 out of 5 stars,customer service is a joke and they,customer service is a joke and they will lie to you and even with a student discount i wont use your service how you can improve close your business or lose your stealing money ways,1
2025-08-16,Terrible !!,"Just set up Spotify and it's telling me to extra for audiobooks!!!! What joke I pay subscribtion and you try and con me out of more money !!! What a joke, these greedy companies need to change there ways ...",Rated 1 out of 5 stars,terrible ,just set up spotify and its telling me to extra for audiobooks what joke i pay subscribtion and you try and con me out of more money  what a joke these greedy companies need to change there ways ,1
2025-08-16,I've had a Spotify account for about 20…,"I've had a Spotify account for about 20 years however I'm thinking of leaving for another service. Every song uploaded now is no longer than two minutes long. I listen to a lot of progressive house music and anyone else who listens to will be aware them tracks dont even get going to around the two minutes mark so with Spotify you are basically getting non of the music. The song ends as its about to begin, I have no idea who thought this would be a good idea it's literally destroyed house music on Spotify. I'm finding more and more that I'm looking to YouTube and finding the extended versions, why the hell aren't these on Spotify? You should be giving customers the option of both as you used to. At this point I really see no point keeping a Spotify subscription when I can get YouTube music for the same price and the full length of songs which I believe if you are paying for something you should be dam well getting.",Rated 2 out of 5 stars,ive had a spotify account for about 20,ive had a spotify account for about 20 years however im thinking of leaving for another service every song uploaded now is no longer than two minutes long i listen to a lot of progressive house music and anyone else who listens to will be aware them tracks dont even get going to around the two minutes mark so with spotify you are basically getting non of the music the song ends as its about to begin i have no idea who thought this would be a good idea its literally destroyed house music on spotify im finding more and more that im looking to youtube and finding the extended versions why the hell arent these on spotify you should be giving customers the option of both as you used to at this point i really see no point keeping a spotify subscription when i can get youtube music for the same price and the full length of songs which i believe if you are paying for something you should be dam well getting,2
2025-08-15,Just tried reversing a charge that…,"Just tried reversing a charge that happened 2 hrs ago. They cant reverse charges... it just happened. Hasn't even cleared on my card. But... they are so sorry and wish they could help but it just isn't within their power to reverse the charge (that just happened 2 hours prior). I asked for a telephone # and they wouldn't give me one. It is impossible to talk to a representative on the phone... And then I was informed my 15 free listening hrs do not transfer over from month to month... but they can carryover automatic charges. Too funny. I get it, it's my fault I forgot to set an alarm to cancel the subscription before autopay happened but for me to catch it and contact them within 2 hours of the charge posting on paypal to be told there is absolutely nothing they can do about it and they are so so sorry... a tad upsetting",Rated 1 out of 5 stars,just tried reversing a charge that,just tried reversing a charge that happened 2 hrs ago they cant reverse charges it just happened hasnt even cleared on my card but they are so sorry and wish they could help but it just isnt within their power to reverse the charge that just happened 2 hours prior i asked for a telephone  and they wouldnt give me one it is impossible to talk to a representative on the phone and then i was informed my 15 free listening hrs do not transfer over from month to month but they can carryover automatic charges too funny i get it its my fault i forgot to set an alarm to cancel the subscription before autopay happened but for me to catch it and contact them within 2 hours of the charge posting on paypal to be told there is absolutely nothing they can do about it and they are so so sorry a tad upsetting,1
2025-08-15,Fraudulent premium charges,"I was notified in 2023 that my email was changed and received a Spotify email, i responded that it was wrong, since then they charged me € 19.99 for premium and any attempt to ask them to stop remains unanswered, I stopped my credit card a few times and for some reason they still get paid from my new card and its baffling how they manage this. Spotify is a bunch of crooks",Rated 1 out of 5 stars,fraudulent premium charges,i was notified in 2023 that my email was changed and received a spotify email i responded that it was wrong since then they charged me  1999 for premium and any attempt to ask them to stop remains unanswered i stopped my credit card a few times and for some reason they still get paid from my new card and its baffling how they manage this spotify is a bunch of crooks,1
2025-08-15,Every Spotify podcast doesnt have a list of avaailable episodes,"Every Spotify podcast doesnt have a list of available episodes. They all say ""There are no episodes available for this podcast. Please check later"". I've given up.",Rated 1 out of 5 stars,every spotify podcast doesnt have a list of avaailable episodes,every spotify podcast doesnt have a list of available episodes they all say there are no episodes available for this podcast please check later ive given up,1
2025-08-11,Scam baiting ads!!,"""Enjoy the next 30mins add free"" = one song then 3 adds!!  After a two x 1.5 hr conversations with tech support including comprehensive screen grabs, their response was 'ill pass this to the developers. No guarantee of a response. Go away!'  Suffice to say, I'm uninstalling Spotify",Rated 1 out of 5 stars,scam baiting ads,enjoy the next 30mins add free  one song then 3 adds  after a two x 15 hr conversations with tech support including comprehensive screen grabs their response was ill pass this to the developers no guarantee of a response go away  suffice to say im uninstalling spotify,1
2025-08-09,"Great for music, a bit pricey though","I’ve been using Spotify for a couple of years now. The music library is huge and I like how it suggests new songs I might enjoy.  The only small downside is the monthly fee — not a deal breaker, but I wish it was a bit cheaper.  Overall, it’s reliable and works well on both my phone and laptop.",Rated 4 out of 5 stars,great for music a bit pricey though,ive been using spotify for a couple of years now the music library is huge and i like how it suggests new songs i might enjoy  the only small downside is the monthly fee  not a deal breaker but i wish it was a bit cheaper  overall its reliable and works well on both my phone and laptop,4
2025-08-08,Terrible service,I took on a offer and cancelled within the offer time. Payment was still taken once offer finished and was told they are unable to refund the 11.99 i was charged. Terrible service. Done so people get charged. Won’t use again and recommend others do the same!,Rated 1 out of 5 stars,terrible service,i took on a offer and cancelled within the offer time payment was still taken once offer finished and was told they are unable to refund the 1199 i was charged terrible service done so people get charged wont use again and recommend others do the same,1
2025-08-06,Spotify is now requiring ID to keep…,Spotify is now requiring ID to keep your account in the UK. Massive over reach. Cancelled my subscription and switching to Apple Music.,Rated 1 out of 5 stars,spotify is now requiring id to keep,spotify is now requiring id to keep your account in the uk massive over reach cancelled my subscription and switching to apple music,1
2025-08-06,Beware the free trial,"I took out the offer of three months trial membership, I was notified that the trial was ending and decided that I didn’t use it enough for the £12 per month fee. I followed the process on the website and cancelled my membership, I noticed a week later that a further payment had been taken and my membership was still in place, since then I have been given the run around by Spotify ‘support’ who use a tactic of signing every email with a different name and asking for the same information over and over again. I have given up trying to resolve the matter which is clearly the result they intended and cancelled my membership again. I strongly advise anyone taking out the free trial membership to keep every email as you will need them, also cancel your payment with whichever source you use to make it. I will never deal with these people again. Spotify will probably reply to this review saying how sorry they are with this situation and asking me to contact Spotify support, yes, well, I have wasted enough time doing that already.",Rated 1 out of 5 stars,beware the free trial,i took out the offer of three months trial membership i was notified that the trial was ending and decided that i didnt use it enough for the 12 per month fee i followed the process on the website and cancelled my membership i noticed a week later that a further payment had been taken and my membership was still in place since then i have been given the run around by spotify support who use a tactic of signing every email with a different name and asking for the same information over and over again i have given up trying to resolve the matter which is clearly the result they intended and cancelled my membership again i strongly advise anyone taking out the free trial membership to keep every email as you will need them also cancel your payment with whichever source you use to make it i will never deal with these people again spotify will probably reply to this review saying how sorry they are with this situation and asking me to contact spotify support yes well i have wasted enough time doing that already,1
2025-08-05,I mainly listen to music here,"I mainly listen to music here, I like the daily playlist selection.",Rated 5 out of 5 stars,i mainly listen to music here,i mainly listen to music here i like the daily playlist selection,5
2025-08-05,Pay premium for ads still,"I pay for premium and now I have started getting Spotify ads, these are not podcasters ads as you can't fast forward them. So been on to Spotify and they have informed me that the podcaster as given them permission to put there ads on. So why am I paying for a premium. So good bye Spotify.",Rated 1 out of 5 stars,pay premium for ads still,i pay for premium and now i have started getting spotify ads these are not podcasters ads as you cant fast forward them so been on to spotify and they have informed me that the podcaster as given them permission to put there ads on so why am i paying for a premium so good bye spotify,1
2025-08-05,sigh,"Although I have Premium and are fortunate I don't have to deal with the horrors of Spotify Free, I can't say the same for others.  The ""30 minutes free listening"" ad feels like a scam. You know what, it IS a scam. I could be listening to music through my friend's headphones, from their phone, and we'd both sigh a sigh of relief at that ad. 30 minutes. Yay, right?  No.  We couldn't even get through TWO songs without feeling the looming wrath of the random STI ad. 30 minutes my left buttcheek.",Rated 2 out of 5 stars,sigh,although i have premium and are fortunate i dont have to deal with the horrors of spotify free i cant say the same for others  the 30 minutes free listening ad feels like a scam you know what it is a scam i could be listening to music through my friends headphones from their phone and wed both sigh a sigh of relief at that ad 30 minutes yay right  no  we couldnt even get through two songs without feeling the looming wrath of the random sti ad 30 minutes my left buttcheek,2
2025-08-05,"Spotify Using Facial Recognition? As a Cybersecurity Professional, This is Reckless.","Facial recognition for a music app is not just unnecessary — it’s a security risk.  As someone in cybersecurity, I can tell you: biometric data is not like a password. You can’t change your face when it gets breached. Storing or even processing facial data creates a massive attack surface for hackers and data brokers — and Spotify doesn’t have a clean enough record to justify this level of invasive tech.  This isn’t banking or healthcare. It’s music. There is no reason for a streaming service to request biometric scans. Once this data exists, it’s a target — and the user has zero control over how it’s stored, shared, or potentially sold.  Facial recognition is already notorious for bias, misidentification, and abuse. For Spotify to normalize this in the entertainment space is a terrifying precedent.  If this isn’t immediately walked back, I’ll be canceling my subscription and advising everyone — clients, friends, and colleagues — to do the same. Your playlist is not worth your privacy.",Rated 1 out of 5 stars,spotify using facial recognition as a cybersecurity professional this is reckless,facial recognition for a music app is not just unnecessary  its a security risk  as someone in cybersecurity i can tell you biometric data is not like a password you cant change your face when it gets breached storing or even processing facial data creates a massive attack surface for hackers and data brokers  and spotify doesnt have a clean enough record to justify this level of invasive tech  this isnt banking or healthcare its music there is no reason for a streaming service to request biometric scans once this data exists its a target  and the user has zero control over how its stored shared or potentially sold  facial recognition is already notorious for bias misidentification and abuse for spotify to normalize this in the entertainment space is a terrifying precedent  if this isnt immediately walked back ill be canceling my subscription and advising everyone  clients friends and colleagues  to do the same your playlist is not worth your privacy,1
2025-08-03,AGE Verification,You need my ID for a song that might have a naughty word in it?  What a joke.,Rated 1 out of 5 stars,age verification,you need my id for a song that might have a naughty word in it  what a joke,1
2025-07-30,SPOTIFY PREMIUM IS A SCAM,SPOTIFY PREMIUM IS A SCAM. I was offered 2 months free Spotify premium until the 30th July. I went to cancel today (30th July) only to find they have already taken money out. they also don't give you the 24h notice like promised. I messaged customer support and found that even though it's two months I then found out you can only cancel within 14 days of having the trail so all of those month free or 2 or 3 months free deals are scams. I am not being given my money back despite cancelling on time and asking for it back. THIS IS A SCAM DO NOT GET PREMIUM TRIALS. Also - premium is not worth it.,Rated 1 out of 5 stars,spotify premium is a scam,spotify premium is a scam i was offered 2 months free spotify premium until the 30th july i went to cancel today 30th july only to find they have already taken money out they also dont give you the 24h notice like promised i messaged customer support and found that even though its two months i then found out you can only cancel within 14 days of having the trail so all of those month free or 2 or 3 months free deals are scams i am not being given my money back despite cancelling on time and asking for it back this is a scam do not get premium trials also  premium is not worth it,1
2025-07-30,Ragebaiting app,"Ive been using spotify for years okay. I am losing it because i want to log in on a different device, keep putting the same exact CORRECT logins and it keeps telling me its wrong. The fact that this app is a money sucking machine is an other thing but this sent me off the edge. After an hour of changing my login information, still ""wrong"" logins. I lose it atp and suddenly still the same logins, it lets me through? does it want to see me lose it or is it ragebaiting me? what is this shit",Rated 1 out of 5 stars,ragebaiting app,ive been using spotify for years okay i am losing it because i want to log in on a different device keep putting the same exact correct logins and it keeps telling me its wrong the fact that this app is a money sucking machine is an other thing but this sent me off the edge after an hour of changing my login information still wrong logins i lose it atp and suddenly still the same logins it lets me through does it want to see me lose it or is it ragebaiting me what is this shit,1
2025-08-19,non-transparent refund system,"Spotify has become completely unrecognizable and unreliable, especially when it comes to customer service.  I recently subscribed to the student plan again after not using the service for a long time. I was charged five days ago, even though I had not intended to reactivate the subscription. When I contacted support, they told me that even though I paid on the 25th, they consider the subscription to have started on the 4th — just because that was the original sign-up date months ago.  In other words, their 14-day refund policy does not count from the date of payment, but from the original subscription date, regardless of how long you’ve been inactive or whether you’ve used the service. Even if I hadn’t paid or used Spotify for months, they claim I “could have used it” — and for that reason, they won’t refund me.  So now I’m being charged for a service I didn’t ask for, based on a date that doesn’t reflect when I actually paid. According to them, too many days have passed, even though I paid only 5 days ago.  It’s completely unreasonable, and they refuse to help or refund me. Very disappointing.  Starting from today I’m done with Spotify forever  After all this I contacted apple and they indeed refunded me, I got my money back and now it's a big bye bye to spotify, also: I DON'T LIKE DRONES",Rated 1 out of 5 stars,nontransparent refund system,spotify has become completely unrecognizable and unreliable especially when it comes to customer service  i recently subscribed to the student plan again after not using the service for a long time i was charged five days ago even though i had not intended to reactivate the subscription when i contacted support they told me that even though i paid on the 25th they consider the subscription to have started on the 4th  just because that was the original signup date months ago  in other words their 14day refund policy does not count from the date of payment but from the original subscription date regardless of how long youve been inactive or whether youve used the service even if i hadnt paid or used spotify for months they claim i could have used it  and for that reason they wont refund me  so now im being charged for a service i didnt ask for based on a date that doesnt reflect when i actually paid according to them too many days have passed even though i paid only 5 days ago  its completely unreasonable and they refuse to help or refund me very disappointing  starting from today im done with spotify forever  after all this i contacted apple and they indeed refunded me i got my money back and now its a big bye bye to spotify also i dont like drones,1
2025-07-29,Where is my order.?,"I ordered something on Sunday on Spotify.com thought it was the company's site , I ordered something ,Sunday, Still not had any updates. Was on rosser hair company Was the viaggio travel hairdryer and straighteners. No more updates",Rated 1 out of 5 stars,where is my order,i ordered something on sunday on spotifycom thought it was the companys site  i ordered something sunday still not had any updates was on rosser hair company was the viaggio travel hairdryer and straighteners no more updates,1
2025-07-27,Tau Ceti 😏,SPYify is complete TRASH 🗑️.I will NEVER use them again especially after what Sweden did to ASAP Rocky and Rihana as well as Spotify’s habit of DOWNPLAYING WAY MORE QUALIFIED ARTISTS like Ayra Starr. Have fun with that water BOY on 🪐💥🧨🤣😆👋🏾,Rated 1 out of 5 stars,tau ceti ,spyify is complete trash i will never use them again especially after what sweden did to asap rocky and rihana as well as spotifys habit of downplaying way more qualified artists like ayra starr have fun with that water boy on ,1
2025-07-26,Everything is premium,Everything is premium. I have been using spotify for about a year. There is way too many ads and now recently I'm not able to play any type of music on spotify. It keeps asking me to upgrade to premium. I tried asking help on spotify.help but it was useless. Spotify fix your app.,Rated 1 out of 5 stars,everything is premium,everything is premium i have been using spotify for about a year there is way too many ads and now recently im not able to play any type of music on spotify it keeps asking me to upgrade to premium i tried asking help on spotifyhelp but it was useless spotify fix your app,1
2025-07-23,Awful - misleading adverts,Awful - followed a link for a 3-month free trial. They took all my details and then said I couldn't have the trial even though I showed them links to their own website with the offer on. Before you say it - I've never been a Spotify customer before and now probably never will if they falsely advertise like this.,Rated 1 out of 5 stars,awful  misleading adverts,awful  followed a link for a 3month free trial they took all my details and then said i couldnt have the trial even though i showed them links to their own website with the offer on before you say it  ive never been a spotify customer before and now probably never will if they falsely advertise like this,1
2025-07-21,dont ever think to buy from this…,"dont ever think to buy from this company , scammers",Rated 1 out of 5 stars,dont ever think to buy from this,dont ever think to buy from this company  scammers,1
2025-07-21,Great system but the price hikes are…,Great system but the price hikes are making it unsustainable to keep,Rated 3 out of 5 stars,great system but the price hikes are,great system but the price hikes are making it unsustainable to keep,3
2025-07-21,Back to Pandora,Great sound. They don’t listen to their constituents I’ve asked to get Bit by Bit by Merging Traffic added also Goin Down by Greg Guidry the original version and if that’s the way that you want it by Diamond Head also Leaving LA by Deliverance but they refuse to add thes great songs and Spotify has way too many commercials on some of my stations Spotify plays one song then four commercials. Ridiculous!!!!! Back to Pandora for me. Barry Leslie,Rated 1 out of 5 stars,back to pandora,great sound they dont listen to their constituents ive asked to get bit by bit by merging traffic added also goin down by greg guidry the original version and if thats the way that you want it by diamond head also leaving la by deliverance but they refuse to add thes great songs and spotify has way too many commercials on some of my stations spotify plays one song then four commercials ridiculous back to pandora for me barry leslie,1
2025-07-20,One star is too generous,"I wish I could give this platform a Zero rating. If for any reason you have to suspend your paid subscription, you will be bombarded with commercials and it’s literally at least 3 commercials 25 seconds long for each song you want to listen… Disgusting..,",Rated 1 out of 5 stars,one star is too generous,i wish i could give this platform a zero rating if for any reason you have to suspend your paid subscription you will be bombarded with commercials and its literally at least 3 commercials 25 seconds long for each song you want to listen disgusting,1
2025-07-16,Put up the wrong track for upcoming…,"Put up the wrong track for upcoming release, customer service wasted time and refused to correct the information on profile.",Rated 1 out of 5 stars,put up the wrong track for upcoming,put up the wrong track for upcoming release customer service wasted time and refused to correct the information on profile,1
2025-07-13,HORRIBLE CUSTOMER SERVICE I WOULD NOT…,HORRIBLE CUSTOMER SERVICE I WOULD NOT TOUCH THIS APP EVEN IF IT WAS FREE!!! Terrible company!!!,Rated 1 out of 5 stars,horrible customer service i would not,horrible customer service i would not touch this app even if it was free terrible company,1
2025-07-13,Very deceitful company,Very deceitful company! They offered a 2mth free trial . That was false. They billed me $12.99+tax. AND it isn't refundable.  Really BAD company! Not to be trusted.,Rated 1 out of 5 stars,very deceitful company,very deceitful company they offered a 2mth free trial  that was false they billed me 1299tax and it isnt refundable  really bad company not to be trusted,1
2025-07-12,Spotify has been a constant companion,"Spotify has been a constant companion through life's challenges, from moments of depression to needing a good cry. Its music has allowed me to fully experience my emotions. I've also really enjoyed Spotify Wrapped, and the seamless integration with Apple CarPlay in my 2017 Subaru has been a fantastic bonus. No matter what, Spotify has always been there for me.",Rated 5 out of 5 stars,spotify has been a constant companion,spotify has been a constant companion through lifes challenges from moments of depression to needing a good cry its music has allowed me to fully experience my emotions ive also really enjoyed spotify wrapped and the seamless integration with apple carplay in my 2017 subaru has been a fantastic bonus no matter what spotify has always been there for me,5
2025-07-10,Loud ads,Its worst app out there. The ADS ... are so often and so loud it wakes you up and disturb neighbours. I had police called on me because of their loud ads in middle of the night. BIG NO,Rated 1 out of 5 stars,loud ads,its worst app out there the ads  are so often and so loud it wakes you up and disturb neighbours i had police called on me because of their loud ads in middle of the night big no,1
2025-07-09,Disgrace of a company,Disgrace - the chat advisors are rude and disrespectful They purposely hide behind the corporate brand - shocking and sad they so big and profitable,Rated 1 out of 5 stars,disgrace of a company,disgrace  the chat advisors are rude and disrespectful they purposely hide behind the corporate brand  shocking and sad they so big and profitable,1
2025-07-09,I'm happy using Spotify,"I'm happy using Spotify, it's very easy to use and I listen to podcasts mainly. Music quality could be improved and as far as I know they don't pay good money to artists and content creators that's why I give 4/5.",Rated 3 out of 5 stars,im happy using spotify,im happy using spotify its very easy to use and i listen to podcasts mainly music quality could be improved and as far as i know they dont pay good money to artists and content creators thats why i give 45,3
2025-07-08,I recently got charged $4.99 by Spotify…,"I recently got charged $4.99 by Spotify right after my free Premium trial ended. I didn’t receive any warning, and the charge happened automatically. I canceled the subscription immediately after noticing the payment and contacted support the same day — just a couple of hours later.  I explained everything clearly and politely, asking for a one-time refund since this was my first ever paid charge after the trial. Despite that, Spotify support simply copy-pasted their refund policy and refused to help. Even though I acted immediately and never intended to continue the paid plan, they wouldn’t make an exception.  This shows a complete lack of flexibility and care for genuine users who don’t abuse the system. The service itself is good, but the customer support experience was honestly frustrating and disappointing.  I expected more from a company of this size.",Rated 1 out of 5 stars,i recently got charged 499 by spotify,i recently got charged 499 by spotify right after my free premium trial ended i didnt receive any warning and the charge happened automatically i canceled the subscription immediately after noticing the payment and contacted support the same day  just a couple of hours later  i explained everything clearly and politely asking for a onetime refund since this was my first ever paid charge after the trial despite that spotify support simply copypasted their refund policy and refused to help even though i acted immediately and never intended to continue the paid plan they wouldnt make an exception  this shows a complete lack of flexibility and care for genuine users who dont abuse the system the service itself is good but the customer support experience was honestly frustrating and disappointing  i expected more from a company of this size,1
2025-07-08,I’ve been using Spotify for years,"I’ve been using Spotify for years, and it’s still my go-to for music. The playlists are great, and the sound quality is solid. I just wish lyrics were available on more songs, and that the app used a bit less battery on mobile.  Still, it does what I need — can’t imagine commuting without it.",Rated 3 out of 5 stars,ive been using spotify for years,ive been using spotify for years and its still my goto for music the playlists are great and the sound quality is solid i just wish lyrics were available on more songs and that the app used a bit less battery on mobile  still it does what i need  cant imagine commuting without it,3
2025-07-08,Perfection,"The selection, the playlists, the price, the sound quality couldn't be better. I have so much fun creating playlists and exploring others. It's exciting when your playlists start to get a following.You're on stage now, lol. Customer service is the best I've ever had! They definitely follow the Golden Rule 🫶 selection ✅ sound quality ✅, price💲✅ customer service ✅ Flawless😁✌️❤️😃",Rated 5 out of 5 stars,perfection,the selection the playlists the price the sound quality couldnt be better i have so much fun creating playlists and exploring others its exciting when your playlists start to get a followingyoure on stage now lol customer service is the best ive ever had they definitely follow the golden rule  selection  sound quality  price customer service  flawless,5
2025-07-06,Took far too long to get in and play…,"Took far too long to get in and play something, just went back to YT.",Rated 1 out of 5 stars,took far too long to get in and play,took far too long to get in and play something just went back to yt,1
2025-07-06,Spotify helps scammers and bandits and destroys artists,"I am very disappointed that Spotify has created rules that help scammers, bandits and unscrupulous artists to destroy releases and even entire Spotify accounts. Scammers and bandits are actually extorting money from honest artists, blackmailing us by saying that they can very easily destroy our releases and even Spotify accounts and you help them do this. You delete releases and artist accounts when you find unscrupulous plays, although the artist has nothing to do with it. Some time ago, such a scammer wrote to me and offered to pay him money so that he would not touch my songs on Spotify and not carry out unscrupulous plays of my songs. Of course, I did not cooperate with this scammer, because I believed that Spotify is an honest business and understands the problems, helps to solve them, and does not blame artists for things they have nothing to do with. After that, the scammer started actively conducting unfair listening of my songs using bots. For this, you punished my distributor, the distributor removed my songs from Spotify. Thus, it turns out that honest artists cannot survive on Spotify. Your rules benefit scammers and bandits, not honest artists. We have no way to defend ourselves against the arbitrariness of scammers and bandits, because Spotify helps them, not artists.",Rated 1 out of 5 stars,spotify helps scammers and bandits and destroys artists,i am very disappointed that spotify has created rules that help scammers bandits and unscrupulous artists to destroy releases and even entire spotify accounts scammers and bandits are actually extorting money from honest artists blackmailing us by saying that they can very easily destroy our releases and even spotify accounts and you help them do this you delete releases and artist accounts when you find unscrupulous plays although the artist has nothing to do with it some time ago such a scammer wrote to me and offered to pay him money so that he would not touch my songs on spotify and not carry out unscrupulous plays of my songs of course i did not cooperate with this scammer because i believed that spotify is an honest business and understands the problems helps to solve them and does not blame artists for things they have nothing to do with after that the scammer started actively conducting unfair listening of my songs using bots for this you punished my distributor the distributor removed my songs from spotify thus it turns out that honest artists cannot survive on spotify your rules benefit scammers and bandits not honest artists we have no way to defend ourselves against the arbitrariness of scammers and bandits because spotify helps them not artists,1
2025-07-06,Unwanted tracks added to playlist,"On the whole, as a premium member, I love Spotify. However, my one real criticism is that it annoys me when a contributor will add random artists to the playlist. I download a particular artist play list because I want to hear them. Otherwise I would choose a random playlist.",Rated 4 out of 5 stars,unwanted tracks added to playlist,on the whole as a premium member i love spotify however my one real criticism is that it annoys me when a contributor will add random artists to the playlist i download a particular artist play list because i want to hear them otherwise i would choose a random playlist,4
2025-07-05,Greedy,"Greedy, money sucking company. I signed after using youtube for years but after promising start this is the worst music platform I have ever seen. Avoid.",Rated 1 out of 5 stars,greedy,greedy money sucking company i signed after using youtube for years but after promising start this is the worst music platform i have ever seen avoid,1
2025-07-05,Spotify not interested in customer choice.,Spotify insists on subjecting customers to material in podcasts they cannot delete. When I pointed this out one gets the usual corporate response of saying how they take customer complaints extremely seriously. The truth is they try and capture you through playlists but ultimately are not responsive to customers.,Rated 1 out of 5 stars,spotify not interested in customer choice,spotify insists on subjecting customers to material in podcasts they cannot delete when i pointed this out one gets the usual corporate response of saying how they take customer complaints extremely seriously the truth is they try and capture you through playlists but ultimately are not responsive to customers,1
2025-07-04,Avoid Trials-Disappointed by Spotify’s Inflexibility During a Hard Time,"Disappointed by Spotify’s Inflexibility During a Hard Time  I signed up for a trial with Spotify and barely used it. Life got busy, and like many people, I forgot to cancel. Then came an unexpected charge — during a time when every penny counts. I’m a student, balancing studies and rent, and genuinely struggling financially.  I reached out and spoke to two agents — Paula and Pandita. They were kind in tone, full of empathy, but unfortunately, empathy was all they could offer. Both said their “hands were tied” and that guidelines don’t allow refunds beyond a certain window — even when the subscription was barely used and I was clearly in distress.  Spotify may be following policy, but where’s the human side of customer care? One payment might mean nothing to a corporation, but it meant food or fuel to me.  If they truly listened — as they said they did — this wouldn’t have ended in a scripted shutdown. It would’ve ended with compassion.  Deeply disappointed. If you’re considering a trial and you live on a tight budget — beware.",Rated 1 out of 5 stars,avoid trialsdisappointed by spotifys inflexibility during a hard time,disappointed by spotifys inflexibility during a hard time  i signed up for a trial with spotify and barely used it life got busy and like many people i forgot to cancel then came an unexpected charge  during a time when every penny counts im a student balancing studies and rent and genuinely struggling financially  i reached out and spoke to two agents  paula and pandita they were kind in tone full of empathy but unfortunately empathy was all they could offer both said their hands were tied and that guidelines dont allow refunds beyond a certain window  even when the subscription was barely used and i was clearly in distress  spotify may be following policy but wheres the human side of customer care one payment might mean nothing to a corporation but it meant food or fuel to me  if they truly listened  as they said they did  this wouldnt have ended in a scripted shutdown it wouldve ended with compassion  deeply disappointed if youre considering a trial and you live on a tight budget  beware,1
2025-07-03,Garbage,"Spotify is garbage! I already know this, and judging by the reviews more people may switch to the awsome youtube music or Amazon music. Spotify 🤣🤣is a joke shittee app",Rated 1 out of 5 stars,garbage,spotify is garbage i already know this and judging by the reviews more people may switch to the awsome youtube music or amazon music spotify is a joke shittee app,1
2025-06-30,"They keep increasing ads and prices, unethical founder",They keep increasing ads and prices. The founder need money becausr he openly invest in weapons (helsing). Boycott this app if you love peace!!,Rated 1 out of 5 stars,they keep increasing ads and prices unethical founder,they keep increasing ads and prices the founder need money becausr he openly invest in weapons helsing boycott this app if you love peace,1
2025-06-30,Great music app but a bit too repetitive.,"Spotify is a great app overall with a clean interface and good sound quality but the shuffle feature is very frustrating because they play the same set of songs they always play and it's just weird because don't you guys have millions of songs?  Also, I think the ""Discover"" feature should be diverse and broader and not just restricted to three or four genres especially when my listening habits are diverse too. I'd love to see more unexpected or adventurous recommendations.",Rated 3 out of 5 stars,great music app but a bit too repetitive,spotify is a great app overall with a clean interface and good sound quality but the shuffle feature is very frustrating because they play the same set of songs they always play and its just weird because dont you guys have millions of songs  also i think the discover feature should be diverse and broader and not just restricted to three or four genres especially when my listening habits are diverse too id love to see more unexpected or adventurous recommendations,3
2025-06-28,Scummy company,"Where do I start with this terrible company? Over 1000 songs on my playlist and it repeats the same 20 tracks with a minimum of 2 adverts between every damn song. They absolutely abuse the artists that generate their revenue, paying them peanuts whilst making millions in ad revenue from their music. Let's not forget that the Spotify CEO has just invested $600million in military AI instead of paying the artists that fund his extravagant lifestyle. Absolute scum company!",Rated 1 out of 5 stars,scummy company,where do i start with this terrible company over 1000 songs on my playlist and it repeats the same 20 tracks with a minimum of 2 adverts between every damn song they absolutely abuse the artists that generate their revenue paying them peanuts whilst making millions in ad revenue from their music lets not forget that the spotify ceo has just invested 600million in military ai instead of paying the artists that fund his extravagant lifestyle absolute scum company,1
2025-06-28,Unless you are a major company you're wasting your time and money.,"Unless you are a major company you're wasting your money and time. If you want to upload as an independent you have to have another company upload on your behalf, such as CD baby. Spotify has its own rules and if they don't like you that is tough luck. This company is a prime example of rich people exploiting in the poor!",Rated 1 out of 5 stars,unless you are a major company youre wasting your time and money,unless you are a major company youre wasting your money and time if you want to upload as an independent you have to have another company upload on your behalf such as cd baby spotify has its own rules and if they dont like you that is tough luck this company is a prime example of rich people exploiting in the poor,1
2025-06-26,Bad customer service!,"Bad customer service!! I switched payment methods on my subscription. They charged an extra $1.01 that's been sitting in my account. I'm guessing it'll be reversed, but want to confirm, since it's been many days.  Can't speak to a human in customer service, but get a bot that's useless. Then I get a human in the chat who doesn't answer the question and disappears in the middle of the conversation. Then a new person appears.  In the meantime, I call Discover, get a human, she's awesome, answers my question and I'm done - before the 3rd Spotify contact has even responded.  Time to look for an alternative to Spotify. I hate lousy customer service.",Rated 1 out of 5 stars,bad customer service,bad customer service i switched payment methods on my subscription they charged an extra 101 thats been sitting in my account im guessing itll be reversed but want to confirm since its been many days  cant speak to a human in customer service but get a bot thats useless then i get a human in the chat who doesnt answer the question and disappears in the middle of the conversation then a new person appears  in the meantime i call discover get a human shes awesome answers my question and im done  before the 3rd spotify contact has even responded  time to look for an alternative to spotify i hate lousy customer service,1
2025-06-26,The connection is extremely bad,The connection is extremely bad . I don't recommend,Rated 1 out of 5 stars,the connection is extremely bad,the connection is extremely bad  i dont recommend,1
2025-06-25,There are better Audiobook platforms out there.,"Am a bit disillusioned with Spotify. I like to listen to audiobooks and recently realised I had provision on my membership to listen to audiobooks which for me was a bonus. However, I don't like how it's set up, listening time rather than titles. Only 9 minutes from the end of my book, I was cut off and told I had run out of time. Time includes rewinding, which I use quite a bit, especially when I pick up from where I left off and need a bit of a recap. I had to buy top up time, which meant spending a further £8.99 for a further 10 hours of listening just so I could catch the end of the book. If you like to listen to audiobooks rather than music, maybe Spotify isn't the best option.",Rated 3 out of 5 stars,there are better audiobook platforms out there,am a bit disillusioned with spotify i like to listen to audiobooks and recently realised i had provision on my membership to listen to audiobooks which for me was a bonus however i dont like how its set up listening time rather than titles only 9 minutes from the end of my book i was cut off and told i had run out of time time includes rewinding which i use quite a bit especially when i pick up from where i left off and need a bit of a recap i had to buy top up time which meant spending a further 899 for a further 10 hours of listening just so i could catch the end of the book if you like to listen to audiobooks rather than music maybe spotify isnt the best option,3
2025-06-25,Poor customer service and avoid a…,Poor customer service and avoid a refind af all cost i wont be using them anymore tbieving takkng money for soemthing you didnt sign up to i highly reccomend to stau away from this app,Rated 1 out of 5 stars,poor customer service and avoid a,poor customer service and avoid a refind af all cost i wont be using them anymore tbieving takkng money for soemthing you didnt sign up to i highly reccomend to stau away from this app,1
2025-06-24,Spotify has been great to me,"Spotify has been great to me. They offered me all the music that I required. I have quit them cause YouTube also offers me all the music I require as well as ad free video content. I would like to donate money to Spotify as a European streaming service. I don't need anything in return, other than a worthy cause you will spend it on. I tried to leave a suggestion on the Spotify site but got an error message. Guess it's cause I am no longer a paying member. Please think about it. Kind regards.",Rated 5 out of 5 stars,spotify has been great to me,spotify has been great to me they offered me all the music that i required i have quit them cause youtube also offers me all the music i require as well as ad free video content i would like to donate money to spotify as a european streaming service i dont need anything in return other than a worthy cause you will spend it on i tried to leave a suggestion on the spotify site but got an error message guess its cause i am no longer a paying member please think about it kind regards,5
2025-06-23,Never plays the right songs,Never plays the right songs. Always excessive amounts of ads,Rated 1 out of 5 stars,never plays the right songs,never plays the right songs always excessive amounts of ads,1
2025-06-23,After selling out venues Spotify still…,"After selling out venues Spotify still has K's band country Spotify has still not updated charts standings, should be easily in the top ten artists.",Rated 1 out of 5 stars,after selling out venues spotify still,after selling out venues spotify still has ks band country spotify has still not updated charts standings should be easily in the top ten artists,1
2025-06-23,Spotify doesn't offer refunds,"Spotify doesn't offer refunds, stay away from this service!! What a greedy company.",Rated 1 out of 5 stars,spotify doesnt offer refunds,spotify doesnt offer refunds stay away from this service what a greedy company,1
2025-06-22,Unfair Subscription Changes and Poor Customer Support – Very Disappointing Experience,"I am extremely disappointed with my recent experience with Spotify. I had paid for my subscription in advance using a gift card, expecting to enjoy uninterrupted service for the full period. However, Spotify suddenly changed my subscription and ended it prematurely without any valid explanation or warning or info. When I contacted customer service to resolve the issue it was completely pointless. The support team was unhelpful and did not offer any real solution or compensation. It seems impossible to reach anyone who can actually help and my complaint was simply ignored. I feel cheated out of the service I paid for and the lack of proper customer support only made things worse. I cannot recommend Spotify to anyone after this experience.",Rated 1 out of 5 stars,unfair subscription changes and poor customer support  very disappointing experience,i am extremely disappointed with my recent experience with spotify i had paid for my subscription in advance using a gift card expecting to enjoy uninterrupted service for the full period however spotify suddenly changed my subscription and ended it prematurely without any valid explanation or warning or info when i contacted customer service to resolve the issue it was completely pointless the support team was unhelpful and did not offer any real solution or compensation it seems impossible to reach anyone who can actually help and my complaint was simply ignored i feel cheated out of the service i paid for and the lack of proper customer support only made things worse i cannot recommend spotify to anyone after this experience,1
2025-06-22,software is bad,"software is bad, i was invited to a list, but can not add any music to it cuz'of software bug. music is good and why for god sake i shall renew my subs on website and can not do it on the app...? in china we say this ""put off your pant just to give a fart""...",Rated 2 out of 5 stars,software is bad,software is bad i was invited to a list but can not add any music to it cuzof software bug music is good and why for god sake i shall renew my subs on website and can not do it on the app in china we say this put off your pant just to give a fart,2
2025-06-21,Thives,Thives I have a family account and they still continue to charge my wife on her account. Tries to speak with the support hold me 45 m and didn't help . Thives better go to YouTube,Rated 1 out of 5 stars,thives,thives i have a family account and they still continue to charge my wife on her account tries to speak with the support hold me 45 m and didnt help  thives better go to youtube,1
2025-06-19,Cancellation not honoured,"Cancellation not honoured, after may's payment I cancelled due to extreme financial hardship - or so I thought.  When the further June payment came out I found that Spotify send you through several hoops in order to to cancel...  I immediately contacted them to refund for this new period - was met with condescending Tazeen who just repeated the same information rather than hearing what I was asking. I referenced wording on the Spotify site regarding payments eligible for refund - which were ignored and dodged.  When I asked to escalate the call, Tazeen refused, assured me the 'specialty team' would have nothing further to add then I was met with silence and left hanging.",Rated 1 out of 5 stars,cancellation not honoured,cancellation not honoured after mays payment i cancelled due to extreme financial hardship  or so i thought  when the further june payment came out i found that spotify send you through several hoops in order to to cancel  i immediately contacted them to refund for this new period  was met with condescending tazeen who just repeated the same information rather than hearing what i was asking i referenced wording on the spotify site regarding payments eligible for refund  which were ignored and dodged  when i asked to escalate the call tazeen refused assured me the specialty team would have nothing further to add then i was met with silence and left hanging,1
2025-06-18,Ads on paid plan,"Ads on paid plan, WTF?",Rated 2 out of 5 stars,ads on paid plan,ads on paid plan wtf,2
2025-06-18,Spotify Stole my money,"I paid for 6 months of spotify and after 1 week of use, they logged me out of my account. When I try to login - they say - there is no account with this email. When I go to register - they say - there is already account with this email. I wrote email to support. I waited 2 weeks. No effect ! SPOTIFY IS STEALING OUR MONEY ! GOOD JOB !",Rated 1 out of 5 stars,spotify stole my money,i paid for 6 months of spotify and after 1 week of use they logged me out of my account when i try to login  they say  there is no account with this email when i go to register  they say  there is already account with this email i wrote email to support i waited 2 weeks no effect  spotify is stealing our money  good job ,1
2025-06-18,Platform for Fraudsters,"I am a audio content owner, and have recently send a claim to Spotify for infringement, however after providing all the proof they did not accept my claim and keep letting my own content online uploaded by BMQ MUSIC LLC, Disgraceful operation ignoring the DMCA Act.",Rated 1 out of 5 stars,platform for fraudsters,i am a audio content owner and have recently send a claim to spotify for infringement however after providing all the proof they did not accept my claim and keep letting my own content online uploaded by bmq music llc disgraceful operation ignoring the dmca act,1
2025-06-17,full of ads,i get so mad when a song interrupts my 9 streak of ads.  i understand that you need money but come on.,Rated 3 out of 5 stars,full of ads,i get so mad when a song interrupts my 9 streak of ads  i understand that you need money but come on,3
2025-06-16,Bye bye outdated overpriced Spotify,"After years on Spotify, we’re leaving for YouTube Premium. Modern clean interface (Play next!), wider range of content including user-uploaded (great for hard to find tracks), and not charging for features we didn’t want (audiobooks). Spotify just keeps getting more expensive. YouTube appears to return more to artists, and Google does more to bridge the digital divide than most, so that’s where our money’s going. Bye Spotify. You used to be great, but you stopped trying.",Rated 2 out of 5 stars,bye bye outdated overpriced spotify,after years on spotify were leaving for youtube premium modern clean interface play next wider range of content including useruploaded great for hard to find tracks and not charging for features we didnt want audiobooks spotify just keeps getting more expensive youtube appears to return more to artists and google does more to bridge the digital divide than most so thats where our moneys going bye spotify you used to be great but you stopped trying,2
2025-06-16,Scam,Scam. Requested a refund on the same day as my account renewed and I told them I could no longer afford the payment. They refused.,Rated 1 out of 5 stars,scam,scam requested a refund on the same day as my account renewed and i told them i could no longer afford the payment they refused,1
2025-06-16,"Spotify is a ripoff - switched to Youtube Music, so much better!",Spotify is an absolute ripoff with no customer support whatsoever. I have given up trying to get a response from Spotify and are making a Consumer Guarantee's Act complaint. I've since switched to Youtube Premium which comes with Youtube Music and I love it as it costs less than Spotify but I get Youtube ad-free as a bonus and much better range of music. Good riddance Spotify!,Rated 1 out of 5 stars,spotify is a ripoff  switched to youtube music so much better,spotify is an absolute ripoff with no customer support whatsoever i have given up trying to get a response from spotify and are making a consumer guarantees act complaint ive since switched to youtube premium which comes with youtube music and i love it as it costs less than spotify but i get youtube adfree as a bonus and much better range of music good riddance spotify,1
2025-06-15,The app doesn't work well,The app doesn't work well. They don't fix it.,Rated 2 out of 5 stars,the app doesnt work well,the app doesnt work well they dont fix it,2
2025-06-14,I bought spotify premium,"I bought spotify premium - to avoid ads - but apparently there are lots of ads in podcasts!!!! So now I have to see if I can find another provider so I can listen to my podcasts without stress and noise.  Har købt spotify premium - for at undgå reklamer - men der er tilsyneladende masser af reklamer i podcast!!!! Så nu må jeg se om jeg kan finde en anden udbyder, så jeg kan høre mine podcast uden stress og støj.",Rated 1 out of 5 stars,i bought spotify premium,i bought spotify premium  to avoid ads  but apparently there are lots of ads in podcasts so now i have to see if i can find another provider so i can listen to my podcasts without stress and noise  har købt spotify premium  for at undgå reklamer  men der er tilsyneladende masser af reklamer i podcast så nu må jeg se om jeg kan finde en anden udbyder så jeg kan høre mine podcast uden stress og støj,1
2025-06-14,"Aggressive Pricing Enforcement, Poor Artist Reimbursement","I am extremely proud to say I don't pay for Spotify Premium because the free version has way too many advertisements that make me want to throw my headphones 🎧 at the wall. To some degree I believe music should be a human right. Just like the financial system of Fiat money, Few musicians are doing well. Many thousands more make pennies on the dollar, I'm not paying Spotify to suck away profit they Don't share proportionately with the artists (by percentage of profits, not lump sum) Spotify is robbing Artists who should be paid fairly. It's never ever going to sit well with me they have chosen the path of ruthless authoritarianism and financial dominance over financial democracy - PAY the artists who actually make your app possible, before I pay you.  Plus they are raising prices constantly, lots of playlists have been lost, and they keep clamping down on hacked version of Premium, a company that makes north of 1.5 Billion pounds a month, the people ""cheating"" you are a drop in the ocean and a blip on any radar.  What has gone wrong is the Listeners like myself, have given Spotify the Monopoly in terms of winning the streaming wars. If we all seek out a free version of premium (also serving as a much needed advertisement blocker relief valve) we can break their monopoly and demand action that you PAY THE MUSICIANS that use your service. Stop cheating them out and keeping all the subscription money to yourself  Also I did pay for premium one time. I paid, end of story. If buying isn't owning then pirating premium isn't stealing, I feel no remorse whatsoever. I feel justified in taking my stance. I want my favourite bands and solo artists to reap the rewards, NOT the platform.  Work on your double-standards. As for quality, yes Premium is the only way. Started to feel like Free tier is the audible equivalent to a dark and humid abandoned tunnel defaced by graffiti.  How wrong is it that the poorest in society have to listen to all the bs they can't afford, while wealthier clients IE those who could actually afford from vendors and businesses, are free from the inconvenience of listening to all the things they can afford.  It's ONLY thanks to the hackers, I can tolerate Spotify. I gave up on the free version long ago. Free Spotify?! It's like asking you if you want bread, you say yes and in return all you get is unwanted crusts. Still edible, but it's not bread it's crust. Don't do mental gymnastics with Me by saying ""hurry Durr but, but crust comes from bread, technically it's bread, be grateful""  That dodging responsibility corporate snake attitude doesn't wash with me. Never had, never will. The butt end of music is not music. I dare you to Call a spade a spade.  The Spotify free tier - is the greatest Troll of the 21st century. Nuff said. PAY your artists, Fairly!",Rated 3 out of 5 stars,aggressive pricing enforcement poor artist reimbursement,i am extremely proud to say i dont pay for spotify premium because the free version has way too many advertisements that make me want to throw my headphones  at the wall to some degree i believe music should be a human right just like the financial system of fiat money few musicians are doing well many thousands more make pennies on the dollar im not paying spotify to suck away profit they dont share proportionately with the artists by percentage of profits not lump sum spotify is robbing artists who should be paid fairly its never ever going to sit well with me they have chosen the path of ruthless authoritarianism and financial dominance over financial democracy  pay the artists who actually make your app possible before i pay you  plus they are raising prices constantly lots of playlists have been lost and they keep clamping down on hacked version of premium a company that makes north of 15 billion pounds a month the people cheating you are a drop in the ocean and a blip on any radar  what has gone wrong is the listeners like myself have given spotify the monopoly in terms of winning the streaming wars if we all seek out a free version of premium also serving as a much needed advertisement blocker relief valve we can break their monopoly and demand action that you pay the musicians that use your service stop cheating them out and keeping all the subscription money to yourself  also i did pay for premium one time i paid end of story if buying isnt owning then pirating premium isnt stealing i feel no remorse whatsoever i feel justified in taking my stance i want my favourite bands and solo artists to reap the rewards not the platform  work on your doublestandards as for quality yes premium is the only way started to feel like free tier is the audible equivalent to a dark and humid abandoned tunnel defaced by graffiti  how wrong is it that the poorest in society have to listen to all the bs they cant afford while wealthier clients ie those who could actually afford from vendors and businesses are free from the inconvenience of listening to all the things they can afford  its only thanks to the hackers i can tolerate spotify i gave up on the free version long ago free spotify its like asking you if you want bread you say yes and in return all you get is unwanted crusts still edible but its not bread its crust dont do mental gymnastics with me by saying hurry durr but but crust comes from bread technically its bread be grateful  that dodging responsibility corporate snake attitude doesnt wash with me never had never will the butt end of music is not music i dare you to call a spade a spade  the spotify free tier  is the greatest troll of the 21st century nuff said pay your artists fairly,3
2025-06-12,Rude customer service,"Just had a really rude encounter with a member of the Spotify team after problems with account. Clearly they do not understand what customer service is or what it involves. This staff member now has led to my belief that Spotify is a stain on humanity, rude and incompetent; which is what I think of them, and all my family and friends will be cancelling their subscriptions. Well done",Rated 1 out of 5 stars,rude customer service,just had a really rude encounter with a member of the spotify team after problems with account clearly they do not understand what customer service is or what it involves this staff member now has led to my belief that spotify is a stain on humanity rude and incompetent which is what i think of them and all my family and friends will be cancelling their subscriptions well done,1
2025-06-12,Paid subscription user,"Paid subscription user. Normally I have no issues, very easy to que songs. Somewhat difficult to find new music. The spotify generated playlists are absolute garbage. To find an artists top songs, by going to their profile you can only see 5 songs then you have to scroll through discography which is a nightmare. The strategy is to look up ""greatest hits"" or ""all time bests"" and find other user made playlists to find a specific artists. But recently their search engine has been broken. I am on 3 bars of wifi and good service at work where I never have connections issues. No other app on my phone is having problems, i restarted my phone, and spotify still wont load. Like what. Fix your crap. Over all 2.4/5",Rated 3 out of 5 stars,paid subscription user,paid subscription user normally i have no issues very easy to que songs somewhat difficult to find new music the spotify generated playlists are absolute garbage to find an artists top songs by going to their profile you can only see 5 songs then you have to scroll through discography which is a nightmare the strategy is to look up greatest hits or all time bests and find other user made playlists to find a specific artists but recently their search engine has been broken i am on 3 bars of wifi and good service at work where i never have connections issues no other app on my phone is having problems i restarted my phone and spotify still wont load like what fix your crap over all 245,3
2025-06-11,Cancelled my trial without any…,Cancelled my trial without any explanation. Even on cha they’re rude and cut me off twice without a proper explanation. Apparently I have had an account before which I absolutely have not.  I clearly won’t be subscribing!!!!,Rated 1 out of 5 stars,cancelled my trial without any,cancelled my trial without any explanation even on cha theyre rude and cut me off twice without a proper explanation apparently i have had an account before which i absolutely have not  i clearly wont be subscribing,1
2025-06-11,I uploaded my own music on Spotify and…,I uploaded my own music on Spotify and they took it down for infringement. My own music that I wrote. Written by me Laura Ross,Rated 1 out of 5 stars,i uploaded my own music on spotify and,i uploaded my own music on spotify and they took it down for infringement my own music that i wrote written by me laura ross,1
2025-06-09,i lost ability and freedom to play…,"i lost ability and freedom to play songs of my choosing from my playlists. annoying and time wasting user experience. time to quit this app... the importance of stable service, interface, fairness, etc cannot be underestemated, especially for ppl who might be elderly, with anxieties, learning difficulties and similar. businesses, please take note 🙏",Rated 1 out of 5 stars,i lost ability and freedom to play,i lost ability and freedom to play songs of my choosing from my playlists annoying and time wasting user experience time to quit this app the importance of stable service interface fairness etc cannot be underestemated especially for ppl who might be elderly with anxieties learning difficulties and similar businesses please take note ,1
2025-06-07,Spotify lets families down – Podcast ads despite paid subscription,"We’ve used Spotify Family Premium mainly for music, audiobooks, and kids' content.  Unfortunately, Spotify now inserts ads into podcasts like Die drei Rabauken – even though we’re paying for an ad-free experience. This especially affects our children, who are now exposed to frequent commercial interruptions in kid-friendly content.  Music and audiobooks like The Three ??? Kids are thankfully ad-free, but the fact that podcasts include ads despite a paid subscription feels misleading and unfair – especially for families.  We’ve cancelled our Family plan and switched to a service that truly respects ad-free listening for children.",Rated 1 out of 5 stars,spotify lets families down  podcast ads despite paid subscription,weve used spotify family premium mainly for music audiobooks and kids content  unfortunately spotify now inserts ads into podcasts like die drei rabauken  even though were paying for an adfree experience this especially affects our children who are now exposed to frequent commercial interruptions in kidfriendly content  music and audiobooks like the three  kids are thankfully adfree but the fact that podcasts include ads despite a paid subscription feels misleading and unfair  especially for families  weve cancelled our family plan and switched to a service that truly respects adfree listening for children,1
2025-06-07,tried to update my personal details &…,tried to update my personal details & change my email address spoke to someone online who did nothing. closed my account,Rated 1 out of 5 stars,tried to update my personal details ,tried to update my personal details  change my email address spoke to someone online who did nothing closed my account,1
2025-06-07,SCAM!!!,Cancelled my subscription before my previous month finished and they take another month off of me on a Saturday evening. Then tell me I should’ve screenshot the cancellation and the fact they took the money steady means they can’t refund it. I gut cut off mid chat and this is the second time they’ve wrongfully taken money out my account. Scumbag company,Rated 1 out of 5 stars,scam,cancelled my subscription before my previous month finished and they take another month off of me on a saturday evening then tell me i shouldve screenshot the cancellation and the fact they took the money steady means they cant refund it i gut cut off mid chat and this is the second time theyve wrongfully taken money out my account scumbag company,1
2025-06-07,awful customer service experience.,"awful customer service experience.  They advertised an event for an artist and got me into a ticket sale platform, I bought the tickets, just to find out that it was the wrong artist (name coincidence). Ok, that could happen, but the customer service after was awful, They made me lose so much time, talk with 4 different people, twice! for ""checking the issue"" just to tell me basically the same thing they told me at the beginning. What a waste of time. I just cancelled my premium account.",Rated 1 out of 5 stars,awful customer service experience,awful customer service experience  they advertised an event for an artist and got me into a ticket sale platform i bought the tickets just to find out that it was the wrong artist name coincidence ok that could happen but the customer service after was awful they made me lose so much time talk with 4 different people twice for checking the issue just to tell me basically the same thing they told me at the beginning what a waste of time i just cancelled my premium account,1
2025-06-07,I would give them a -100 Stars,"My songs suddenly vanished from my playlists on both my tablet and phone apps. They can only be accessed via Spotify Web.  I contacted the customer support over 24 hours, and different agents kept telling me to do the same thing!  When I told the agent that it is ridiculous that I am going round in circles, he claimed that he ""is feeling uncomfortable wth my tone"" to which I replied that I am going mad about losing playlists with thousands of songs that I have been building over several years.  Did he show empathy? Sympathy, perhaps? Nothing of the sort. He just closed the chat!",Rated 1 out of 5 stars,i would give them a 100 stars,my songs suddenly vanished from my playlists on both my tablet and phone apps they can only be accessed via spotify web  i contacted the customer support over 24 hours and different agents kept telling me to do the same thing  when i told the agent that it is ridiculous that i am going round in circles he claimed that he is feeling uncomfortable wth my tone to which i replied that i am going mad about losing playlists with thousands of songs that i have been building over several years  did he show empathy sympathy perhaps nothing of the sort he just closed the chat,1
2025-06-06,"Great idea, Terrible UI",Cant find album where song is playing. You have to search throughout all your albums to access it which is pretty stupid and annoying. Common sense would be to click the playing song and be directed to the album where the songs is located and not manually look for the album where the song is every-time.,Rated 1 out of 5 stars,great idea terrible ui,cant find album where song is playing you have to search throughout all your albums to access it which is pretty stupid and annoying common sense would be to click the playing song and be directed to the album where the songs is located and not manually look for the album where the song is everytime,1
2025-06-02,Extremely disappointed in Spotify for …,"Extremely disappointed in Spotify for removing the best podcast on there - The Viral Podcast. The guy who is copywriting it is faking everything and has no proof whatsoever, shame on you Spotify!!! Put back the podcast asap!!!!",Rated 1 out of 5 stars,extremely disappointed in spotify for ,extremely disappointed in spotify for removing the best podcast on there  the viral podcast the guy who is copywriting it is faking everything and has no proof whatsoever shame on you spotify put back the podcast asap,1
2025-06-02,"Annoying Autoplay, frustrating experience","Frustrating experience. Despite paying for premium, there’s no way to fully disable autoplay for podcasts in the app settings. It’s disappointing to be forced into unwanted behaviors by an app that should prioritize user control. For a paid service, it’s not acceptable to feel like your preferences are being ignored. This seems like a simple feature to offer, yet the app appears intentionally designed to limit user choice and degrade the overall experience. It doesn’t feel worth continuing to spend money on something that prioritizes control over customer satisfaction.",Rated 1 out of 5 stars,annoying autoplay frustrating experience,frustrating experience despite paying for premium theres no way to fully disable autoplay for podcasts in the app settings its disappointing to be forced into unwanted behaviors by an app that should prioritize user control for a paid service its not acceptable to feel like your preferences are being ignored this seems like a simple feature to offer yet the app appears intentionally designed to limit user choice and degrade the overall experience it doesnt feel worth continuing to spend money on something that prioritizes control over customer satisfaction,1
2025-06-02,I feel Spotify is harder to use than…,I feel Spotify is harder to use than others it plays tunes when I look to see what's playing next it is difficult to find I do not get this on others,Rated 2 out of 5 stars,i feel spotify is harder to use than,i feel spotify is harder to use than others it plays tunes when i look to see whats playing next it is difficult to find i do not get this on others,2
2025-06-01,Nightmare experience.,"The free version of Spotify is a complete nightmare which is basically unusable. Like, 6 song skips per hour is ok, still ridiculous, but it's at least 6. But the worst thing is you can't even normally listen to the album you want to listen, because it plays random songs of the same band instead of the album you want. And you can't choose the song you want to listen to. So if you want to just listen to one song in particular, you need to wait when it plays, which may take a hell lot of time if you're unlucky. And it all has ads. Horrible job, Spotify.",Rated 1 out of 5 stars,nightmare experience,the free version of spotify is a complete nightmare which is basically unusable like 6 song skips per hour is ok still ridiculous but its at least 6 but the worst thing is you cant even normally listen to the album you want to listen because it plays random songs of the same band instead of the album you want and you cant choose the song you want to listen to so if you want to just listen to one song in particular you need to wait when it plays which may take a hell lot of time if youre unlucky and it all has ads horrible job spotify,1
2025-06-01,ADDS,Played an add. Told me the next 30 of music is on its way. After one song ADDS. going back to Pandora,Rated 2 out of 5 stars,adds,played an add told me the next 30 of music is on its way after one song adds going back to pandora,2
2025-06-01,Spotify charged me for a premium…,"Spotify charged me for a premium account, on the same day they cancelled my account and they didn't want to refund my money, and Paypal were OK with that. No response from Spotify and Paypal didn't do anything either. Terrible service, and barely legal practices.",Rated 1 out of 5 stars,spotify charged me for a premium,spotify charged me for a premium account on the same day they cancelled my account and they didnt want to refund my money and paypal were ok with that no response from spotify and paypal didnt do anything either terrible service and barely legal practices,1
2025-05-30,Good overall but could improve a few things,"I use Spotify almost every day — mostly for music while working or driving, and sometimes for podcasts. The app is easy to use and the playlists usually do a good job of matching my taste. I like that it remembers where I left off and that I can switch between devices without losing my spot.  Only complaint is the ads on the free version are a little much if you’re listening for longer periods, and sometimes it repeats the same few songs on certain playlists. But overall, it’s reliable and does what I need it to do.  I’ve tried other apps but always end up coming back to this one.",Rated 4 out of 5 stars,good overall but could improve a few things,i use spotify almost every day  mostly for music while working or driving and sometimes for podcasts the app is easy to use and the playlists usually do a good job of matching my taste i like that it remembers where i left off and that i can switch between devices without losing my spot  only complaint is the ads on the free version are a little much if youre listening for longer periods and sometimes it repeats the same few songs on certain playlists but overall its reliable and does what i need it to do  ive tried other apps but always end up coming back to this one,4
2025-05-30,Premium paid accounts for stupid ads…,Premium paid accounts for stupid ads and low quality audio.  Apple Music 😘👌,Rated 1 out of 5 stars,premium paid accounts for stupid ads,premium paid accounts for stupid ads and low quality audio  apple music ,1
2025-05-30,They make you pay for premium even tho…,They make you pay for premium even tho your at your house using wifi at home. Like I’ll just use YouTube if I can’t even pick the songs I want to listen to. Bad idea whoever came up with that. Free version should convince you to buy it. Not make you go to other apps to do the same thing. For an easier for less annoying ways. Even if you’re at home. I used to love this app but discriminates the users that are in the free mode even tho they will buy premium later. Treats those users like garbage.,Rated 1 out of 5 stars,they make you pay for premium even tho,they make you pay for premium even tho your at your house using wifi at home like ill just use youtube if i cant even pick the songs i want to listen to bad idea whoever came up with that free version should convince you to buy it not make you go to other apps to do the same thing for an easier for less annoying ways even if youre at home i used to love this app but discriminates the users that are in the free mode even tho they will buy premium later treats those users like garbage,1
2025-05-29,Ripping off UK users,"I’m a long-time Spotify user in the UK, and I’m writing to express my concern about your current pricing structure.  The monthly Premium cost in the UK (£10.99) is significantly higher than in many other countries — including the US, Sweden, and Hungary — even though those countries often have higher average incomes and VAT rates.  For example: • In Sweden, Premium is around £9.00/month • In Hungary, it’s around £4.40/month • Even in the US, after tax, it’s still cheaper than the UK  This pricing disparity feels increasingly unfair, especially since the service provided is identical worldwide. It creates the impression that UK customers are being overcharged simply because we’re seen as a “Tier 1” market.  I urge you to review your regional pricing and consider making it more equitable. Otherwise, I — and many others — will seriously reconsider continuing our subscriptions when other services offer better value.",Rated 1 out of 5 stars,ripping off uk users,im a longtime spotify user in the uk and im writing to express my concern about your current pricing structure  the monthly premium cost in the uk 1099 is significantly higher than in many other countries  including the us sweden and hungary  even though those countries often have higher average incomes and vat rates  for example  in sweden premium is around 900month  in hungary its around 440month  even in the us after tax its still cheaper than the uk  this pricing disparity feels increasingly unfair especially since the service provided is identical worldwide it creates the impression that uk customers are being overcharged simply because were seen as a tier 1 market  i urge you to review your regional pricing and consider making it more equitable otherwise i  and many others  will seriously reconsider continuing our subscriptions when other services offer better value,1
2025-05-29,Spotify premium is a scam for anyone…,Spotify premium is a scam for anyone who wants to listen to audiobooks. 12hours listening time per month and the 1CHF PER HOUR? Seriously????  Shame on you Spotify! I’m gonna quit my premium plan and go somewhere else. You‘re ripping off both musicians and customers.,Rated 1 out of 5 stars,spotify premium is a scam for anyone,spotify premium is a scam for anyone who wants to listen to audiobooks 12hours listening time per month and the 1chf per hour seriously  shame on you spotify im gonna quit my premium plan and go somewhere else youre ripping off both musicians and customers,1
2025-05-27,I hate Spotify,I hate Spotify. I have to listen to 6 ads to listen to any music. What’s the point? Waste of my damn time.,Rated 1 out of 5 stars,i hate spotify,i hate spotify i have to listen to 6 ads to listen to any music whats the point waste of my damn time,1
2025-05-27,About the app,"I love listening songs in Spotify but, sometimes it irritated me with its ads showing in nonstop that's I have it a solid 4 on 5 stars",Rated 4 out of 5 stars,about the app,i love listening songs in spotify but sometimes it irritated me with its ads showing in nonstop thats i have it a solid 4 on 5 stars,4
2025-05-26,listen to spotify for at least 18 hours…,listen to spotify for at least 18 hours a day almost every day. They have so much music . It is like Aladdins cave of music. Always have it playing in the background .Was able to listen to classical baroque Jazz pop swing and every possible genre in the galaxy. I use bluetooth headphones and listen to spotify when working out at the gym . It gets the adrenalin going.  For adds you just turn the volume down and then back up again after a minute or two and no pesky adds. Or open spotify on firefox after you install u block. No adds on spotify or you tube ever . Life is good again.,Rated 5 out of 5 stars,listen to spotify for at least 18 hours,listen to spotify for at least 18 hours a day almost every day they have so much music  it is like aladdins cave of music always have it playing in the background was able to listen to classical baroque jazz pop swing and every possible genre in the galaxy i use bluetooth headphones and listen to spotify when working out at the gym  it gets the adrenalin going  for adds you just turn the volume down and then back up again after a minute or two and no pesky adds or open spotify on firefox after you install u block no adds on spotify or you tube ever  life is good again,5
2025-05-26,Spotify has very weak data protection…,"Spotify has very weak personal data protection!! They let your personal data leak!! My account was hacked three times in a row two days ago from Brazil, Mexico and Poland! Someone had listen songs from my account, there were couple unknown songs in my recents. Be aware of that fact and consider to cancel the subscription!!!",Rated 1 out of 5 stars,spotify has very weak data protection,spotify has very weak personal data protection they let your personal data leak my account was hacked three times in a row two days ago from brazil mexico and poland someone had listen songs from my account there were couple unknown songs in my recents be aware of that fact and consider to cancel the subscription,1
2025-05-25,If you make a comment on Spotify that…,If you make a comment on Spotify that might possibly be considered politically incorrect despite being absolutely the truth spotifys AI censor will delete it and send you a email threatening to terminate your account. The audio streaming quality is low and makes for crappy listening to music. YouTube music is very much superior of a platform in every way.,Rated 1 out of 5 stars,if you make a comment on spotify that,if you make a comment on spotify that might possibly be considered politically incorrect despite being absolutely the truth spotifys ai censor will delete it and send you a email threatening to terminate your account the audio streaming quality is low and makes for crappy listening to music youtube music is very much superior of a platform in every way,1
2025-05-24,Had an add every 3 songs for the last…,Had an add every 3 songs for the last 4hours absolutely disgraceful sort it out,Rated 1 out of 5 stars,had an add every 3 songs for the last,had an add every 3 songs for the last 4hours absolutely disgraceful sort it out,1
2025-05-24,This is a very dishonest company to…,"This is a very dishonest company to it's customers. They are hard to contact for service, but easy to contact about money. They will secretly report what you are listening to to other outside companies without contacting their customer who is paying for that account. Although you are paying you can't listen to what you choose to listen to in your own home. You know as they say their is always two sides to a story. This company will ask you nothing about your account, but gathers all it's information from some outside company. You will be betrayed. But they will still want your money. Once again this company will ONLY collect your money every month while you mean nothing to them. PLEASE, PLEASE don't share your money with DISHONEST companies like this one. Companies like this mean you NO good.",Rated 1 out of 5 stars,this is a very dishonest company to,this is a very dishonest company to its customers they are hard to contact for service but easy to contact about money they will secretly report what you are listening to to other outside companies without contacting their customer who is paying for that account although you are paying you cant listen to what you choose to listen to in your own home you know as they say their is always two sides to a story this company will ask you nothing about your account but gathers all its information from some outside company you will be betrayed but they will still want your money once again this company will only collect your money every month while you mean nothing to them please please dont share your money with dishonest companies like this one companies like this mean you no good,1
2025-05-24,Switching to YouTube Music,"After many years of prime subscription, l'm switching to YouTube Music. They asked me to confirm my province which I did. And even then they stopped my subscription. Family plan is a fake at Spotify.",Rated 1 out of 5 stars,switching to youtube music,after many years of prime subscription lm switching to youtube music they asked me to confirm my province which i did and even then they stopped my subscription family plan is a fake at spotify,1
2025-05-23,To Many ADS!,I just hate it when ads appear so you can`t listen to music and spotify premium is just a scam.You might as well listento music on youtube with only a few ads(or geta uBlockLite so you do not have any ads)(does not work on spotify).,Rated 1 out of 5 stars,to many ads,i just hate it when ads appear so you cant listen to music and spotify premium is just a scamyou might as well listento music on youtube with only a few adsor geta ublocklite so you do not have any adsdoes not work on spotify,1
2025-05-23,What a scam I’m paying not to get ads…,What a scam I’m paying not to get ads however I get them anyway. I’ve just cancelled my subscription being held for a fool I will not. You should give us our money back 🤬,Rated 1 out of 5 stars,what a scam im paying not to get ads,what a scam im paying not to get ads however i get them anyway ive just cancelled my subscription being held for a fool i will not you should give us our money back ,1
2025-05-22,Spotify Premium is a scam for anyone…,"Spotify Premium is a scam for anyone who wants to listen to audiobooks. They make you think it’s included, then suddenly you find out — only after using it — that there’s a ridiculous limit of 15 hours per month. I drive for work and rely on audiobooks to get through long days, and I was completely blocked without any clear warning. This is misleading, disrespectful, and honestly a huge disappointment. If you pay, you expect a full service. I cancelled my subscription. Spotify won’t get another cent from me.",Rated 1 out of 5 stars,spotify premium is a scam for anyone,spotify premium is a scam for anyone who wants to listen to audiobooks they make you think its included then suddenly you find out  only after using it  that theres a ridiculous limit of 15 hours per month i drive for work and rely on audiobooks to get through long days and i was completely blocked without any clear warning this is misleading disrespectful and honestly a huge disappointment if you pay you expect a full service i cancelled my subscription spotify wont get another cent from me,1
2025-05-21,too much advertising,"too much advertising. at first I got ads about once an hour or half an hour, later I got ads after every third song and now I get ads after every single song I play. literally every single song. they are trying to force me to buy their premium. now spotify makes me pirate the music instead which is a shame because the artist loses money on it. All because they want more money themselves. they are trying to annoy me into buying their premium with annoying extra loud ads that start either with some type of sound where someone coughs or accelerates the car, as well as anything to get me to buy their premium. Spotify is trash these days.",Rated 1 out of 5 stars,too much advertising,too much advertising at first i got ads about once an hour or half an hour later i got ads after every third song and now i get ads after every single song i play literally every single song they are trying to force me to buy their premium now spotify makes me pirate the music instead which is a shame because the artist loses money on it all because they want more money themselves they are trying to annoy me into buying their premium with annoying extra loud ads that start either with some type of sound where someone coughs or accelerates the car as well as anything to get me to buy their premium spotify is trash these days,1
2025-05-20,Extremely Poor Refund Process and Communication,"I am writing to express my extreme dissatisfaction with Spotify's handling of a refund. On February 11, 2025, Spotify agreed to refund me approximately £200 due to an issue where they incorrectly charged me for several months after I cancelled a service. It is now May 20th, and I am STILL waiting for this refund.  I was initially told the refund would take ""weeks."" After several weeks passed, I contacted Spotify on April 12, 2025, and was informed that the refund was in its ""final stages of processing."" Since then, I have made multiple attempts to get a clear answer from Spotify about when I can expect to receive my money. The responses I have received have been consistently vague, unhelpful, and often ignored.  This delay of over 3 months is unacceptable. Spotify has failed to meet its obligations under the Consumer Rights Act 2015, which requires refunds to be issued without undue delay. Their poor communication and lack of action have caused me significant inconvenience and frustration.  I strongly advise caution when dealing with Spotify, particularly regarding refunds. Their customer service is inadequate, and they seem to have no regard for their customers' time or legal rights. I am now being forced to pursue other avenues to recover my money.",Rated 1 out of 5 stars,extremely poor refund process and communication,i am writing to express my extreme dissatisfaction with spotifys handling of a refund on february 11 2025 spotify agreed to refund me approximately 200 due to an issue where they incorrectly charged me for several months after i cancelled a service it is now may 20th and i am still waiting for this refund  i was initially told the refund would take weeks after several weeks passed i contacted spotify on april 12 2025 and was informed that the refund was in its final stages of processing since then i have made multiple attempts to get a clear answer from spotify about when i can expect to receive my money the responses i have received have been consistently vague unhelpful and often ignored  this delay of over 3 months is unacceptable spotify has failed to meet its obligations under the consumer rights act 2015 which requires refunds to be issued without undue delay their poor communication and lack of action have caused me significant inconvenience and frustration  i strongly advise caution when dealing with spotify particularly regarding refunds their customer service is inadequate and they seem to have no regard for their customers time or legal rights i am now being forced to pursue other avenues to recover my money,1
2025-05-20,i love spotify!!,"i love spotify!!! literally one of my favorite apps ever!!! i'm literally listening to spotify right now!!! i'm so surprised by all the one-star reviews! 100% recommend spotify and absolutely love it and to the people reading this, you will probably love it too!!! the only thing i dislike about it is when it takes off the unreleased songs but other wise, its my favorite!!! 🎵🎵🎵",Rated 5 out of 5 stars,i love spotify,i love spotify literally one of my favorite apps ever im literally listening to spotify right now im so surprised by all the onestar reviews 100 recommend spotify and absolutely love it and to the people reading this you will probably love it too the only thing i dislike about it is when it takes off the unreleased songs but other wise its my favorite ,5
2025-05-19,What an awfull support Spotify offers,What an awfull support Spotify offers. Cannot get in contact with them. My playlist and folders are one big mess. If you ever took time to try and build a library of favorite tunes in Spotify good luck trying to find anything again! What a messy system,Rated 1 out of 5 stars,what an awfull support spotify offers,what an awfull support spotify offers cannot get in contact with them my playlist and folders are one big mess if you ever took time to try and build a library of favorite tunes in spotify good luck trying to find anything again what a messy system,1
2025-05-18,Nasty business,These guys are thieves and criminals . Apple Music is reputable then these cowboys who takes money and the thier employees behave like gangsters,Rated 1 out of 5 stars,nasty business,these guys are thieves and criminals  apple music is reputable then these cowboys who takes money and the thier employees behave like gangsters,1
2025-05-16,This is a bad company-,"This is a scam bag company- I cancelled my account 10 months ago, and they still take money from my account. Complained and stopped again 3 Months ago, and despite their confirmation, they still carried on taking money from my bank account. Furthermore, with that said, this is usually CYA as email is often used as a ""smoking gun"". So companies aggressively delete it. If called upon by a legal recourse to preserve emails, then they preserve, but the norm is to dispose to actually avoid legal problems (note: to avoid getting the company into serious trouble). But i did take copies of my emails and will pursue them legally",Rated 1 out of 5 stars,this is a bad company,this is a scam bag company i cancelled my account 10 months ago and they still take money from my account complained and stopped again 3 months ago and despite their confirmation they still carried on taking money from my bank account furthermore with that said this is usually cya as email is often used as a smoking gun so companies aggressively delete it if called upon by a legal recourse to preserve emails then they preserve but the norm is to dispose to actually avoid legal problems note to avoid getting the company into serious trouble but i did take copies of my emails and will pursue them legally,1
2025-05-15,Inadequate customer service,"The service and the algorythms are very good. The platform is generally very stable and effective. Variety of music is good. However... the customer service for such a big company is more than poor. On two occasions recently I have engaged with them on the chat service and it is as if they have no idea what they are doing. They repeat the same things, send links like a bot and avoid responding fully. I have an issue where my discover weekly playlist plays Thai music - I am not Thai. I do not listen to Thai music. The entire playlist was full of Thai pop music. I initially thought I had been hacked but after changing passwords and logging out of all devices the issue returned. It has been 6 weeks and no resolution and the customer services team seem to have a vague awareness of 'some issues relating to this' but no idea about timelines or reasons. 'Farheen' was the chat agent I spoke with, they were frustrating because they just kept asking me to wait a little longer with no eta is an ineffective way to provide reassurance in a long, ongoing problem. A real shame that this brings down the whole experience of the platform.",Rated 2 out of 5 stars,inadequate customer service,the service and the algorythms are very good the platform is generally very stable and effective variety of music is good however the customer service for such a big company is more than poor on two occasions recently i have engaged with them on the chat service and it is as if they have no idea what they are doing they repeat the same things send links like a bot and avoid responding fully i have an issue where my discover weekly playlist plays thai music  i am not thai i do not listen to thai music the entire playlist was full of thai pop music i initially thought i had been hacked but after changing passwords and logging out of all devices the issue returned it has been 6 weeks and no resolution and the customer services team seem to have a vague awareness of some issues relating to this but no idea about timelines or reasons farheen was the chat agent i spoke with they were frustrating because they just kept asking me to wait a little longer with no eta is an ineffective way to provide reassurance in a long ongoing problem a real shame that this brings down the whole experience of the platform,2
2025-05-28,HORRIBLE customer service support,"I was charged for Premium unexpectedly, when I am on my last few euro’s for basic necessities. I am on benefits, unemployed and looking for a job. And they were saying to me how because I didn’t cancel it within the 14 grace period from the DAY OF MY SUBSCRIPTION BEGINNING they can’t give me a refund. I was charged yesterday. They find loopholes to make their refund policy a certain way so they don’t have to refund their customers. Especially when they unintentionally renewed, like myself since I forgot to cancel my subscription before the day it renewed again. Since, in my case that money wasn’t to spare, it was in my account so I could afford food for the week it really angered me how their “customers service support” dealt with me. And I promise, I am not usually the angry person cooking up a storm, I worked retail for years and making complaints to companies is just not my cup of tea. Most companies find accidental renewals a good enough qualifier to give you a refund, so even after “looking at my circumstances” all they did was scam me out of my money. This company is a joke. Charging €12 for an individual plan, underpaying artists and not even having good quality for their streaming platform they charge so much for. I am better off switching to Apple Music again. Customers support doesn’t even have an email you can contact, pretty sure it is a bot regardless of the amount of time they take to respond. I just think it’s silly at this point, it used to be my favourite streaming platform but they’ve changed it so much over the years that it’s becoming beyond disappointing. I’m not surprised people are cancelling subscriptions and switching over to other platforms. It’s been nearly the whole month and I am still updating on the issue because I’m still so angry. For it not to be a waste of my money I’ll have to use it till the subscription runs out, which annoys me even more because I frankly don’t want to spend time on their platform. To buy occasionally and turn off auto renewal, maybe worth it. Have a student ID and can get the cheaper student plan, sure. But if you genuinely want a good platform to listen to music, don’t get Spotify and definitely don’t start paying for their bullshit priced plans. Behind the scenes the profits go mainly towards their “amazing” company.",Rated 1 out of 5 stars,horrible customer service support,i was charged for premium unexpectedly when i am on my last few euros for basic necessities i am on benefits unemployed and looking for a job and they were saying to me how because i didnt cancel it within the 14 grace period from the day of my subscription beginning they cant give me a refund i was charged yesterday they find loopholes to make their refund policy a certain way so they dont have to refund their customers especially when they unintentionally renewed like myself since i forgot to cancel my subscription before the day it renewed again since in my case that money wasnt to spare it was in my account so i could afford food for the week it really angered me how their customers service support dealt with me and i promise i am not usually the angry person cooking up a storm i worked retail for years and making complaints to companies is just not my cup of tea most companies find accidental renewals a good enough qualifier to give you a refund so even after looking at my circumstances all they did was scam me out of my money this company is a joke charging 12 for an individual plan underpaying artists and not even having good quality for their streaming platform they charge so much for i am better off switching to apple music again customers support doesnt even have an email you can contact pretty sure it is a bot regardless of the amount of time they take to respond i just think its silly at this point it used to be my favourite streaming platform but theyve changed it so much over the years that its becoming beyond disappointing im not surprised people are cancelling subscriptions and switching over to other platforms its been nearly the whole month and i am still updating on the issue because im still so angry for it not to be a waste of my money ill have to use it till the subscription runs out which annoys me even more because i frankly dont want to spend time on their platform to buy occasionally and turn off auto renewal maybe worth it have a student id and can get the cheaper student plan sure but if you genuinely want a good platform to listen to music dont get spotify and definitely dont start paying for their bullshit priced plans behind the scenes the profits go mainly towards their amazing company,1
2025-05-13,Worst customer services ever!,"I was a paid customer of Spotify for many many years and I just canceled my subscription. For over two weeks I was chatting with their customer services almost on the daily basis and tried to fix my issue (adding a new members into my family plan which doesn´t work). Two weeks they were not able to fix my issue.. I lost lot of time without any result, so I left such anwul company (which doesn´t care on their regular and long payiable customers).",Rated 1 out of 5 stars,worst customer services ever,i was a paid customer of spotify for many many years and i just canceled my subscription for over two weeks i was chatting with their customer services almost on the daily basis and tried to fix my issue adding a new members into my family plan which doesnt work two weeks they were not able to fix my issue i lost lot of time without any result so i left such anwul company which doesnt care on their regular and long payiable customers,1
2025-05-12,Best music app,"Love spotify, best app for listening music",Rated 5 out of 5 stars,best music app,love spotify best app for listening music,5
2025-05-11,Worst platform ever,"Worst platform ever, they charged me money after cancel subscription. Support is very lazy and never cant help.",Rated 1 out of 5 stars,worst platform ever,worst platform ever they charged me money after cancel subscription support is very lazy and never cant help,1
2025-05-09,Mobile app doesn't work,The mobile app and the desktop browser app and Mac app are rubbish. Nothing ever works and it's been this way for a year. Songs don't play when you click on them and I keep everything updated. Total let down after 15 years of being a customer. The support is terrible too. If there was an easy way to leave I would.,Rated 1 out of 5 stars,mobile app doesnt work,the mobile app and the desktop browser app and mac app are rubbish nothing ever works and its been this way for a year songs dont play when you click on them and i keep everything updated total let down after 15 years of being a customer the support is terrible too if there was an easy way to leave i would,1
2025-05-08,I use to love Spotify,"I use to love Spotify, however, it has now became less customer friendly. When first downloading the app in the free version, I was able to select any song and have it played, however, I was limited to how often I skipped and selected before being hit with ads. I canceled my subscription and have recently came back, and have the free version infuriating. They have designed it so that you can not play any song you specifically search. You are only given a playlist that 9 times out of 10 doesn't contain the song at all. After listening to 2 songs within the unwanted playlist, your riddled with ads. This method ultimately is to try and force the customer to pay for the premium version for $11.99. I wish they would have kept it as before like any other streaming app does. I am able to hear/see the searched/desired content however there is a limit to how many before ads are introduced. Youtube would never.",Rated 1 out of 5 stars,i use to love spotify,i use to love spotify however it has now became less customer friendly when first downloading the app in the free version i was able to select any song and have it played however i was limited to how often i skipped and selected before being hit with ads i canceled my subscription and have recently came back and have the free version infuriating they have designed it so that you can not play any song you specifically search you are only given a playlist that 9 times out of 10 doesnt contain the song at all after listening to 2 songs within the unwanted playlist your riddled with ads this method ultimately is to try and force the customer to pay for the premium version for 1199 i wish they would have kept it as before like any other streaming app does i am able to hearsee the searcheddesired content however there is a limit to how many before ads are introduced youtube would never,1
2025-05-07,I love using Spotify as a listener it…,"I love using Spotify as a listener it is user friendly and really well organized as an app, but as a musician, knowing I and other artist won't make almost any $ damages the experience of using Spotify.",Rated 3 out of 5 stars,i love using spotify as a listener it,i love using spotify as a listener it is user friendly and really well organized as an app but as a musician knowing i and other artist wont make almost any  damages the experience of using spotify,3
2025-05-07,the website dosent working at all.,No Content,Rated 1 out of 5 stars,the website dosent working at all,no content,1
2025-05-05,Spotify is a Nightmare,"App turns on when I get in car, I shut down app. It turns on when I get a phone call, have to shut down app turns on when I get a message, have to shutdown app. No response from Spotify customer service. Unable to leave a review in App Store, it will not submit.",Rated 1 out of 5 stars,spotify is a nightmare,app turns on when i get in car i shut down app it turns on when i get a phone call have to shut down app turns on when i get a message have to shutdown app no response from spotify customer service unable to leave a review in app store it will not submit,1
2025-05-04,I understand ads are usually a part of…,I understand ads are usually a part of free versions of a service these days but. The nerve to play three back to back unskippable ads will earn you a 1 star review for pure greed.,Rated 1 out of 5 stars,i understand ads are usually a part of,i understand ads are usually a part of free versions of a service these days but the nerve to play three back to back unskippable ads will earn you a 1 star review for pure greed,1
2025-05-03,I cancelled my Spotify Spotify subscription and…,I cancelled my Spotify subscription and I couldn't get back onto the app unless I updated my payment this is an absolute joke people can join Spotify free but once u pay there's no going back apparently,Rated 1 out of 5 stars,i cancelled my spotify spotify subscription and,i cancelled my spotify subscription and i couldnt get back onto the app unless i updated my payment this is an absolute joke people can join spotify free but once u pay theres no going back apparently,1
2025-05-03,Ei haha after this update im really…,"Ei haha after this update im really loving spottizzle,like i play my tunes on my phone and it connects to 120inch screen 😂😂🩷😆sooo coool. Gotta luv spotfizzle, got the old school tracks with the videos on spotfizzle on 120inch 🙈🙈🤪🤪🤪 iv been a loyal customer for about 8 years straight 🤗🤗🫠 Luv it 😃😃🎵🎶🎵🎶🎵🎶",Rated 5 out of 5 stars,ei haha after this update im really,ei haha after this update im really loving spottizzlelike i play my tunes on my phone and it connects to 120inch screen sooo coool gotta luv spotfizzle got the old school tracks with the videos on spotfizzle on 120inch  iv been a loyal customer for about 8 years straight  luv it ,5
2025-05-03,Claiming streams are not genuine and not paying,"I am a musician and have uploaded 50 plus tracks to Spotify via Distrokid. I upload my music and hope for the best that they may get some attention and become successful. One of my recent songs, 'Boaty McBoatface Comes Home' got some attention and earned over 3,500 streams between Jan and Feb 2025. The streams were from all over the world, the top 11 countries ranging from 1,035 streams in the USA, down to 55 in Belgium. Spotify said the streams were false, I asked them to produce some evidence to prove this, they declined and told me to take it up with Distrokid and said they wouldn't deal with me anymore. I produced many screenshots of all my details, which they ignored. I have still not been paid for these streams and although it's only a small amount there is principle involved. It's another case of a large company using its position to bully and browbeat a powerless individual. I am an a 78 year old pensioner so I can't afford to take any legal action. I don't know how to react to this and gain what's rightfully mine?",Rated 1 out of 5 stars,claiming streams are not genuine and not paying,i am a musician and have uploaded 50 plus tracks to spotify via distrokid i upload my music and hope for the best that they may get some attention and become successful one of my recent songs boaty mcboatface comes home got some attention and earned over 3500 streams between jan and feb 2025 the streams were from all over the world the top 11 countries ranging from 1035 streams in the usa down to 55 in belgium spotify said the streams were false i asked them to produce some evidence to prove this they declined and told me to take it up with distrokid and said they wouldnt deal with me anymore i produced many screenshots of all my details which they ignored i have still not been paid for these streams and although its only a small amount there is principle involved its another case of a large company using its position to bully and browbeat a powerless individual i am an a 78 year old pensioner so i cant afford to take any legal action i dont know how to react to this and gain whats rightfully mine,1
2025-05-02,Where are my playlists? Help does not help.,"On my laptop version, it is not possible for me to find my playlists that I have created over the past several years. Under help, it tells us to ask community. Huh? I pay monthly for this?",Rated 2 out of 5 stars,where are my playlists help does not help,on my laptop version it is not possible for me to find my playlists that i have created over the past several years under help it tells us to ask community huh i pay monthly for this,2
2025-05-02,Countless problems playing songs,Countless problems playing songs. Absolutely worthless app and you should probably be pirating music with how badly music companies and their programs get ran. People pay to get screwed over every single time when you're this mediocre,Rated 1 out of 5 stars,countless problems playing songs,countless problems playing songs absolutely worthless app and you should probably be pirating music with how badly music companies and their programs get ran people pay to get screwed over every single time when youre this mediocre,1
2025-05-01,"Worst customer service. Biased unwanted content shoved in your face daily, no thanks","The fact that they shove the joe rogan podcast into my home feed and do not provide a way to BLOCK HIM is enough to end my subscription. After contacting customer service multiple times and asking for a solution, they continue to carelessly ignore the issue. When I try to cancel my subscription they charged me anyways and refused to give me a refund even though I had no intent on renewing. When I try to find ways to remove my card and PayPal information, customer service claims there's no way to do so and refused to refund me.",Rated 1 out of 5 stars,worst customer service biased unwanted content shoved in your face daily no thanks,the fact that they shove the joe rogan podcast into my home feed and do not provide a way to block him is enough to end my subscription after contacting customer service multiple times and asking for a solution they continue to carelessly ignore the issue when i try to cancel my subscription they charged me anyways and refused to give me a refund even though i had no intent on renewing when i try to find ways to remove my card and paypal information customer service claims theres no way to do so and refused to refund me,1
2025-05-01,Sarah L is the best,Sarah L from customer care resolved my problem quickly. She's the best,Rated 5 out of 5 stars,sarah l is the best,sarah l from customer care resolved my problem quickly shes the best,5
2025-05-01,Shuffle not that good,"I have a playlist of around 300 songs, if I have it set on shuffle I have to keep fast forwarding tracks as it seems to play the same songs over and over.",Rated 2 out of 5 stars,shuffle not that good,i have a playlist of around 300 songs if i have it set on shuffle i have to keep fast forwarding tracks as it seems to play the same songs over and over,2
2025-05-01,Audiobook Top Up is a scam!,I have been trying the Spotify audiobook. They give 15 hours with a premium membership and you can top up 10 hours for £8.99. I have topped up twice but was told each time that the 10 hours ran out long before that was possible. I thought it was an error so tried again and have been asking them to show me how they calculate my use. I have had about 10 bots answer me with no real explanation. It is a scam . I will never top up with them again. It is also impossible to speak to a real person.,Rated 1 out of 5 stars,audiobook top up is a scam,i have been trying the spotify audiobook they give 15 hours with a premium membership and you can top up 10 hours for 899 i have topped up twice but was told each time that the 10 hours ran out long before that was possible i thought it was an error so tried again and have been asking them to show me how they calculate my use i have had about 10 bots answer me with no real explanation it is a scam  i will never top up with them again it is also impossible to speak to a real person,1
2025-04-30,I use spotify almost all the time but…,I use spotify almost all the time but always stops in the middle of the song I pay for it and is horrible,Rated 1 out of 5 stars,i use spotify almost all the time but,i use spotify almost all the time but always stops in the middle of the song i pay for it and is horrible,1
2025-04-29,MORE PROBLEMS,"They fixed the previous issues, but now they're back. Every month they take a dive and glitches or issues pop up. This is getting old and I'm getting fed up. Last chance Spotify. Fix your sh!t before you lose more subscribers. YouTube premium is looking a whole lot better right now",Rated 1 out of 5 stars,more problems,they fixed the previous issues but now theyre back every month they take a dive and glitches or issues pop up this is getting old and im getting fed up last chance spotify fix your sht before you lose more subscribers youtube premium is looking a whole lot better right now,1
2025-04-29,Not satisfied with the services…,Not satisfied with the services provided. Too much ads,Rated 2 out of 5 stars,not satisfied with the services,not satisfied with the services provided too much ads,2
2025-04-27,SPOTIFY IS NOT A GENUINE SOURCE BUT ....,"Hi there,,, this is sleeyo a music artist... ...so my experience with spotify is a real LET DOWN..  I do agree with some user out there complaining about the fack that if you're not supported by big labels or you are a popular artist,, they let you die there and if possible they even pass your stuff over showing ''not possible listening now'' that's corruption?! they talk about algorithms' fault...shame on you!!! That's my unmble view, to me spotify is unconstitutional by the fact they DO NOT GIVE THE SAME OPPORTUNITY TO NEW MUSICIANS,,, it's incredible the fact that instead of helping the new entry music artist they offer or propse what they want ahead of you,,,mind,,,,it's not you USER to choose but THEM ,,remember AND analize that!!! not only new artistS has to compete with the big HITs BUT EVEN WITH the spotify POWER, so to speak,,, that's not right, I know you know that,,, I EVEN can tell that when contacting your Assistance which for whatever reason you need to fix, they switch OPERATOR very soon,,, and you never get to fix anything,,, I'd like to see if '''' SONY,BMG,ETC,,,''' COntacting you about a specific issue what treatment would have....just think about it!!! YOU SPOTIFY ought to reconsider your status...  NO OFFECE MEANT TO anyBODY... JUST MY SIMPLE VIEW OF FACTS AND DISAPPOING SPOTIFY EXPERIENCE. PEACE Y'ALL, SLEEYO.",Rated 1 out of 5 stars,spotify is not a genuine source but ,hi there this is sleeyo a music artist so my experience with spotify is a real let down  i do agree with some user out there complaining about the fack that if youre not supported by big labels or you are a popular artist they let you die there and if possible they even pass your stuff over showing not possible listening now thats corruption they talk about algorithms faultshame on you thats my unmble view to me spotify is unconstitutional by the fact they do not give the same opportunity to new musicians its incredible the fact that instead of helping the new entry music artist they offer or propse what they want ahead of youmindits not you user to choose but them remember and analize that not only new artists has to compete with the big hits but even with the spotify power so to speak thats not right i know you know that i even can tell that when contacting your assistance which for whatever reason you need to fix they switch operator very soon and you never get to fix anything id like to see if  sonybmgetc contacting you about a specific issue what treatment would havejust think about it you spotify ought to reconsider your status  no offece meant to anybody just my simple view of facts and disappoing spotify experience peace yall sleeyo,1
2025-04-24,Good streaming platform,"It's hard to believe that the most popular music streaming platform in the world has a 1-star average on Trustpilot. Still, my experience with Spotify has been great. Easy to access songs, easy to make a playlist, easy to set up profiles, etc. You can even download music to play even when you're offline. I used Spotify almost every day without problem.  I am very pleased with Spotify.",Rated 5 out of 5 stars,good streaming platform,its hard to believe that the most popular music streaming platform in the world has a 1star average on trustpilot still my experience with spotify has been great easy to access songs easy to make a playlist easy to set up profiles etc you can even download music to play even when youre offline i used spotify almost every day without problem  i am very pleased with spotify,5
2025-04-24,Why do I need to wait for bunch of ads,Why do I need to wait for bunch of ads. All i hear is ads instead of the songs. I gotta pay to watch less ads. Extremely dissatisfied,Rated 1 out of 5 stars,why do i need to wait for bunch of ads,why do i need to wait for bunch of ads all i hear is ads instead of the songs i gotta pay to watch less ads extremely dissatisfied,1
2025-04-23,AVOID SPOTIFY,"A large part of Spotify's business model is charging people for accounts they know have been dormant for years. They also make it a 3-4 hour process to close accounts, and refuse to refund for dormant and duplicate accounts. Investors in Spotify should know this is a huge and calculated part of their revenue, and is a very outdated way to do business. Spotify's motto is ""Greed over Customers!"".",Rated 1 out of 5 stars,avoid spotify,a large part of spotifys business model is charging people for accounts they know have been dormant for years they also make it a 34 hour process to close accounts and refuse to refund for dormant and duplicate accounts investors in spotify should know this is a huge and calculated part of their revenue and is a very outdated way to do business spotifys motto is greed over customers,1
2025-04-23,Commercials after one song!,"I cannot afford Premium, so I put up with the commercials. That said, after listening to commercials, the recording states, ""Enjoy the next uninterrupted 30 minutes of music""; however, often after one song, the commercials are back.",Rated 2 out of 5 stars,commercials after one song,i cannot afford premium so i put up with the commercials that said after listening to commercials the recording states enjoy the next uninterrupted 30 minutes of music however often after one song the commercials are back,2
2025-04-20,Our most used app for years,"I am not sure how ethical it is when it comes to how it pays artists. But from a family plan user perspective, this app has been life changing. We (a family of four) use it anytime anywhere, and I feel we have all the artists we like being listed... I have been said sounds quality is not optimal,but seems my ears are not optimal either and can't barely notice any lack of quality.  As a women in my 40s I still like to buy a CD or a vinyl from time to time to put in my music shelves, but honestly speaking Spotify remains my go to app when listening to the music...  I did use Deezer years back when had no family and liked it very much as well...",Rated 4 out of 5 stars,our most used app for years,i am not sure how ethical it is when it comes to how it pays artists but from a family plan user perspective this app has been life changing we a family of four use it anytime anywhere and i feel we have all the artists we like being listed i have been said sounds quality is not optimalbut seems my ears are not optimal either and cant barely notice any lack of quality  as a women in my 40s i still like to buy a cd or a vinyl from time to time to put in my music shelves but honestly speaking spotify remains my go to app when listening to the music  i did use deezer years back when had no family and liked it very much as well,4
2025-04-18,Complained and they just closed the chat,"they reply to any complaints you have with ""this is not our problem"" and just close the chat and don't let you do anything else. too 8€ out of my account and kept my account on ""free"" not premium, i complain and they say it's my phone's problem and close the chat. This is how they get rich people, go to apple music.",Rated 1 out of 5 stars,complained and they just closed the chat,they reply to any complaints you have with this is not our problem and just close the chat and dont let you do anything else too 8 out of my account and kept my account on free not premium i complain and they say its my phones problem and close the chat this is how they get rich people go to apple music,1
2025-04-17,Thank you,"Despite the flood of 1-star reviews on Trustpilot (which honestly surprises me), I’m still dropping my 5 stars — even if it changes nothing. Just wanted to say thanks for this invention and for making Spotify such a solid platform. You've nailed the music experience.",Rated 5 out of 5 stars,thank you,despite the flood of 1star reviews on trustpilot which honestly surprises me im still dropping my 5 stars  even if it changes nothing just wanted to say thanks for this invention and for making spotify such a solid platform youve nailed the music experience,5
2025-04-16,Terrible customer service,Absolutely terrible customer service just end the call on you and are very rude.,Rated 1 out of 5 stars,terrible customer service,absolutely terrible customer service just end the call on you and are very rude,1
2025-04-16,I purchased the All In One forever…,"I purchased the All In One forever membership but it has never worked. I hadn’t tried it for a couple months as I was out of the country on vacation. But then when I did try to use it, it does not work. Well not transfer the music in MP3 to my USB. I have sent many messages but connect resolve the issue. Now they say, no refund after 30 days. The support is horrible. I downloaded the trial version of DumpMedia and it works great for everything. I would not have purchased Sidify had I known that it wouldn’t work. I would suggest stay away from Sidify",Rated 1 out of 5 stars,i purchased the all in one forever,i purchased the all in one forever membership but it has never worked i hadnt tried it for a couple months as i was out of the country on vacation but then when i did try to use it it does not work well not transfer the music in mp3 to my usb i have sent many messages but connect resolve the issue now they say no refund after 30 days the support is horrible i downloaded the trial version of dumpmedia and it works great for everything i would not have purchased sidify had i known that it wouldnt work i would suggest stay away from sidify,1
2025-04-14,Fa moooolto 💩,No Content,Rated 1 out of 5 stars,fa moooolto ,no content,1
2025-04-13,"OMFG THAT BUNDLIN STUFF,IMDEPEMDENT…","OMFG THAT BUNDLIN STUFF,IMDEPEMDENT ARTISTS ARE SUFFERING,SONGS WITH LESS THATN 1000 ANNUAL STREAMS GET TOOK DOWN,SMALL SONGWRITERS AREBT GETTING PAYED AND ARENT GETING THE RECOGNITION THEY DESERVE,ICONIC SONGS LIKE TRAP ROYALTY EXTENED VERSION,COFFIN DANCE,ECT ARE GETTING REMEOVED BCUZ THE MEMES ARE GETTIN OLD,JUST BCUZ THEYRE OLD DOESNT MEAN THEY ARENT GOOD,IM NOT THE ONLY PERSON MAD ABOUT THIS IF I WERE TO START BEIN A SONGWRITER ID BE DOOMED IF I STARTED ON THIS APP BCUZ ALL MY SONGS WOULD GET REMOVED.ITS RIDICULOUS,BRING BACK THE SONGS,BRING BAD THE GREATNESS,BRINGBACK THE TUNES AND BANGERS THAT GET REMOVED DAILY FOR NOT BEING AS POPULAR AS THEY USED TOO,BRING THEM BACK",Rated 1 out of 5 stars,omfg that bundlin stuffimdepemdent,omfg that bundlin stuffimdepemdent artists are sufferingsongs with less thatn 1000 annual streams get took downsmall songwriters arebt getting payed and arent geting the recognition they deserveiconic songs like trap royalty extened versioncoffin danceect are getting remeoved bcuz the memes are gettin oldjust bcuz theyre old doesnt mean they arent goodim not the only person mad about this if i were to start bein a songwriter id be doomed if i started on this app bcuz all my songs would get removedits ridiculousbring back the songsbring bad the greatnessbringback the tunes and bangers that get removed daily for not being as popular as they used toobring them back,1
2025-04-13,Great music app and incredible customer support,"The app is great : easy to use, great suggestions, great tools, useful updates always trying to meet customers need. And most of all : client support is remarkable for such a big company. Twice, I have been charged full Premium Individual instead of Premium Student because I just forgot to renew my status, and twice they were very understanding and offered me the difference in free months so I could be sort of refunded. It is pleasant to see that such a big company can still understand human mistakes and offer this kind of commercial gesture.",Rated 5 out of 5 stars,great music app and incredible customer support,the app is great  easy to use great suggestions great tools useful updates always trying to meet customers need and most of all  client support is remarkable for such a big company twice i have been charged full premium individual instead of premium student because i just forgot to renew my status and twice they were very understanding and offered me the difference in free months so i could be sort of refunded it is pleasant to see that such a big company can still understand human mistakes and offer this kind of commercial gesture,5
2025-04-13,Useless support service,"Useless support service  They blocked my artist page for no reasons. The support service is all BOTS! So they can't do a thing about it. I found myself chatting with bots for the last 3 months with no solution. And, by the way, they stated that my account was flagged for ""suspect activities"". YEAH, SURE! A new artist with literally 40 listeners... WHAT A JOKE!",Rated 1 out of 5 stars,useless support service,useless support service  they blocked my artist page for no reasons the support service is all bots so they cant do a thing about it i found myself chatting with bots for the last 3 months with no solution and by the way they stated that my account was flagged for suspect activities yeah sure a new artist with literally 40 listeners what a joke,1
2025-04-11,Combustion is often a complicated…,"Combustion is often a complicated sequence of elementary radical reactions. Solid fuels, such as wood and coal, first undergo endothermic pyrolysis to produce gaseous fuels whose combustion then supplies the heat required to produce more of them. Combustion is often hot enough that incandescent light in the form of either glowing or a flame is produced. A simple example can be seen in the combustion of hydrogen and oxygen into water vapor, a reaction which is commonly used to fuel rocket engines. This reaction releases 242 kJ/mol of heat and reduces the enthalpy accordingly (at constant temperature and pressure):",Rated 5 out of 5 stars,combustion is often a complicated,combustion is often a complicated sequence of elementary radical reactions solid fuels such as wood and coal first undergo endothermic pyrolysis to produce gaseous fuels whose combustion then supplies the heat required to produce more of them combustion is often hot enough that incandescent light in the form of either glowing or a flame is produced a simple example can be seen in the combustion of hydrogen and oxygen into water vapor a reaction which is commonly used to fuel rocket engines this reaction releases 242 kjmol of heat and reduces the enthalpy accordingly at constant temperature and pressure,5
2025-04-10,Bunch of CROOKS!!,"Bunch of CROOKS!! I paid for a premium service (family), then Spotify deactivated my account (sighting “security reasons”) and now refusing to give me a refund. Absolute crooks, DO NOT use Spotify.",Rated 1 out of 5 stars,bunch of crooks,bunch of crooks i paid for a premium service family then spotify deactivated my account sighting security reasons and now refusing to give me a refund absolute crooks do not use spotify,1
2025-04-10,Im confused,"Im confused, why spotify has only 1.7 rating:-? I mean, it's literally the most popular app to listen music nowadays, as its one the most comfortable ones. I dont think that soundcloud or apple music are any better than spotify, maybe its only my preference… However, ive never run into any issues here. Listening to different mix up that spotify makes for me, because it is always adding new songs.",Rated 5 out of 5 stars,im confused,im confused why spotify has only 17 rating i mean its literally the most popular app to listen music nowadays as its one the most comfortable ones i dont think that soundcloud or apple music are any better than spotify maybe its only my preference however ive never run into any issues here listening to different mix up that spotify makes for me because it is always adding new songs,5
2025-04-09,Renniejo in support is too patronizing…,"Renniejo in support is too patronizing and arrogant for my liking. System says they will read your q and respond -but they do not, and force you in ever decreasing circles. Their solution to find correct address (Google plus maps) DID NOT WORK and merely kicked the problem down the line. that is an hour of my life I wont get back - and I've paid them for the privileged even.",Rated 1 out of 5 stars,renniejo in support is too patronizing,renniejo in support is too patronizing and arrogant for my liking system says they will read your q and respond but they do not and force you in ever decreasing circles their solution to find correct address google plus maps did not work and merely kicked the problem down the line that is an hour of my life i wont get back  and ive paid them for the privileged even,1
2025-04-09,Spotify is turning into a joke,Spotify is turning into a joke. Pay for premium but cant even finish 1 book before i run out of listening hrs.,Rated 3 out of 5 stars,spotify is turning into a joke,spotify is turning into a joke pay for premium but cant even finish 1 book before i run out of listening hrs,3
2025-04-08,Never download the app on your phone…,"Never download the app on your phone because it's total despair, 1 hour to start, an hour to start a stream, another hour to stop a stream, an app that should only manage streams and instead it seems like a 10 GB video game  ITA Non scaricate mai l'app sul vostro telefono perchè è disperazione totale, 1 ora per avviarsi, un ora per partire uno stream , un'altra ora per mettere in stop, un app che deve gestire solo stream e invece sembra un videogioco da 10 giga",Rated 1 out of 5 stars,never download the app on your phone,never download the app on your phone because its total despair 1 hour to start an hour to start a stream another hour to stop a stream an app that should only manage streams and instead it seems like a 10 gb video game  ita non scaricate mai lapp sul vostro telefono perchè è disperazione totale 1 ora per avviarsi un ora per partire uno stream  unaltra ora per mettere in stop un app che deve gestire solo stream e invece sembra un videogioco da 10 giga,1
2025-04-06,i had a chat today with a customer rep…,"i had a chat today with a customer rep cos my duo plan needs fixing since i moved from one country to another. it was fine if they did not have any solution. however, the person that I was chatting to just suddenly left and didn't even have a courtesy to say bye. worst.customer.service.ever.",Rated 1 out of 5 stars,i had a chat today with a customer rep,i had a chat today with a customer rep cos my duo plan needs fixing since i moved from one country to another it was fine if they did not have any solution however the person that i was chatting to just suddenly left and didnt even have a courtesy to say bye worstcustomerserviceever,1
2025-04-04,Nice application,Nice application,Rated 5 out of 5 stars,nice application,nice application,5
2025-04-03,I think it's good website for many…,I think it's good website for many things. fisrt I think price is good here like subscription is nott much expensive :) when it gives me recommendations I think it's okay sometime the music is matching my mood sometimes not> I lke interfacer and UI it's good design in app.,Rated 5 out of 5 stars,i think its good website for many,i think its good website for many things fisrt i think price is good here like subscription is nott much expensive  when it gives me recommendations i think its okay sometime the music is matching my mood sometimes not i lke interfacer and ui its good design in app,5
2025-04-03,Audiobook allowance scam,"The Audiobook allowance reduces much faster than the time spent actually listening to audiobooks. Spotify choose not to provide real time tracking and only show the amount of hours, but they are scamming users.",Rated 1 out of 5 stars,audiobook allowance scam,the audiobook allowance reduces much faster than the time spent actually listening to audiobooks spotify choose not to provide real time tracking and only show the amount of hours but they are scamming users,1
2025-04-03,Straight up ass,"This is so bad, you literally have to pay just to pick your own songs or put them on loop. basically if you dont pay, its ass.",Rated 1 out of 5 stars,straight up ass,this is so bad you literally have to pay just to pick your own songs or put them on loop basically if you dont pay its ass,1
2025-04-03,Literally just dismissed my issue,"Literally just dismissed my issue, why have a support youre not going to do that",Rated 1 out of 5 stars,literally just dismissed my issue,literally just dismissed my issue why have a support youre not going to do that,1
2025-03-27,Very bad customer service,Very bad customer service. No phone and the chat “support” is just AI,Rated 1 out of 5 stars,very bad customer service,very bad customer service no phone and the chat support is just ai,1
2025-03-25,The daily mix playlists are amazing,The daily mix playlists are amazing. Just wish some songs didn't disappear from my library without warning.,Rated 5 out of 5 stars,the daily mix playlists are amazing,the daily mix playlists are amazing just wish some songs didnt disappear from my library without warning,5
2025-03-25,3 months free? lol no,Was given 3 months free through Trainline so thought I’d give it a go. Trial was cancelled the following day without any notification. Contacted support and they said the system has cancelled it because I’ve used a free trial before. Explained I’ve never used Spotify premium ever and was told they can’t provide more info but I can pay to sign up and then ended the chat. Safe to say I’ll continue to not be using it.,Rated 1 out of 5 stars,3 months free lol no,was given 3 months free through trainline so thought id give it a go trial was cancelled the following day without any notification contacted support and they said the system has cancelled it because ive used a free trial before explained ive never used spotify premium ever and was told they cant provide more info but i can pay to sign up and then ended the chat safe to say ill continue to not be using it,1
2025-03-25,Their support doesn't do anything,"I wanted to contact to them a bug that I found in the app and a typo on the website and it took them 2 hours no joke and having changed 4 agents to have me sending the same info, getting almost the same questions and having me send completely unnecessary screenshots such as a screenshot of a track playing on my phone",Rated 1 out of 5 stars,their support doesnt do anything,i wanted to contact to them a bug that i found in the app and a typo on the website and it took them 2 hours no joke and having changed 4 agents to have me sending the same info getting almost the same questions and having me send completely unnecessary screenshots such as a screenshot of a track playing on my phone,1
2025-03-25,"Don't ""upgrade"" if you have a package deal (Hulu)","We had the Spotify-Hulu package for 11.99 - I was sent an email to upgrade to Spotify Duo where 2 people in the house can share Spotify service, but with 2 different users with separate playlists on one account for 15.99. Great idea since my elderly father moved in and likes to sit in his chair listening to music. Only problem is there was no warning that once we upgrade (which is really a downgrade), we lose Hulu. I contacted support who told me that the Spotify-Hulu package is no longer available as a package. Great.. Had I known, I would have just let my dad make his own playlist on my account. Nice job Spotify. Way to treat a long-time customer.",Rated 1 out of 5 stars,dont upgrade if you have a package deal hulu,we had the spotifyhulu package for 1199  i was sent an email to upgrade to spotify duo where 2 people in the house can share spotify service but with 2 different users with separate playlists on one account for 1599 great idea since my elderly father moved in and likes to sit in his chair listening to music only problem is there was no warning that once we upgrade which is really a downgrade we lose hulu i contacted support who told me that the spotifyhulu package is no longer available as a package great had i known i would have just let my dad make his own playlist on my account nice job spotify way to treat a longtime customer,1
2025-03-24,I’m not sure why my review was removed…,"I’m not sure why my review was removed with 404 error. I had a bad experience as an artist. I had to take down most of my music with Spotify after a heavy campaign with my Music PR in the UK and WORLDWIDE on 2022 and 2023 with my LP and EP ‘Your choice. I received £0.00 and another SIRA’S around their web but not my actual music. Lucky me, I had my music in another digital platforms. I decided to do physical vinyls at the moment. Sira Garcias Santamaria",Rated 1 out of 5 stars,im not sure why my review was removed,im not sure why my review was removed with 404 error i had a bad experience as an artist i had to take down most of my music with spotify after a heavy campaign with my music pr in the uk and worldwide on 2022 and 2023 with my lp and ep your choice i received 000 and another siras around their web but not my actual music lucky me i had my music in another digital platforms i decided to do physical vinyls at the moment sira garcias santamaria,1
2025-03-23,Annoying af when you click on a song…,"Annoying af when you click on a song and it plays something else, why tf can't I just play the song I want to play??",Rated 2 out of 5 stars,annoying af when you click on a song,annoying af when you click on a song and it plays something else why tf cant i just play the song i want to play,2
2025-03-23,i already had a plan with apple music…,i already had a plan with apple music and spotify sent me a trial free for three months. In terms of use they say you have until 14 days after subscibing to cancell after that you get billed and you cant cancel. They never remind you that its the last day or anything they billed you and you can do anything. My wrong was i ididnt read the terms of use. I feel like i was played cause i tell them i didnt used the app check the hours i listen and when i was in. They didnt cared just tell me you had 14 days you didnt.sorry. The less i waited it was a remind from email that if you dont want it you can cancel it. Nothing !,Rated 1 out of 5 stars,i already had a plan with apple music,i already had a plan with apple music and spotify sent me a trial free for three months in terms of use they say you have until 14 days after subscibing to cancell after that you get billed and you cant cancel they never remind you that its the last day or anything they billed you and you can do anything my wrong was i ididnt read the terms of use i feel like i was played cause i tell them i didnt used the app check the hours i listen and when i was in they didnt cared just tell me you had 14 days you didntsorry the less i waited it was a remind from email that if you dont want it you can cancel it nothing ,1
2025-03-21,This service should be brilliant but…,This service should be brilliant but their subscription model is complete dog sh!t. We upgraded to Premium Duo and it didn't give us any material benefit - two people couldn't even listen to music at the same time. I think Spotify's days are numbered.,Rated 1 out of 5 stars,this service should be brilliant but,this service should be brilliant but their subscription model is complete dog sht we upgraded to premium duo and it didnt give us any material benefit  two people couldnt even listen to music at the same time i think spotifys days are numbered,1
2025-03-21,Spotify's values = a fail,"Ok on Spotify you choose music, podcasts, have playlists- and have suggested content. BUT when a Spotify-hosted 'PIMPING HOES' course advert by a monster like Andrew Tate pops up on my screen- not even on the Spotify screen, but when I am on LinkedIn as a Spotify advert, THE GAME IS OVER. The moment you reveal these warped values, your complete devaluation of my gender and of all your female artists, my CD collection and Youtube start to look more than acceptable again. NEVER AGAIN.",Rated 1 out of 5 stars,spotifys values  a fail,ok on spotify you choose music podcasts have playlists and have suggested content but when a spotifyhosted pimping hoes course advert by a monster like andrew tate pops up on my screen not even on the spotify screen but when i am on linkedin as a spotify advert the game is over the moment you reveal these warped values your complete devaluation of my gender and of all your female artists my cd collection and youtube start to look more than acceptable again never again,1
2025-03-19,p*rn in spotify?!!!,"okay, i personally love this app so much, but recently it has been giving me really weird podcast equest, like today, after my podcast episode ended, next thing there is a fricking p*rn video going on, and somehow i think it MIGHT be okay, if it wouldn't give it to me immediately, cuz kids can see that, and be traumatised. i'm 16, so i knew what it was and turned it off, but little kids, and even other 16 years old (i know the age limit) can be traumatised, cuz p*rn isn't for under 18 years old. also my 12 years old sister saw one of these videos, in her like spotify ""reels"" or whatever and i think that is Not okay. also i would like that u don't have to verify ur email, when reporting stuff. That should be easy. (i'm sorry for rant, but i'm still kinda angry) p.s. could u also get ""block"" buttom, so i don't need to see that p*rn, if i don't want to",Rated 2 out of 5 stars,prn in spotify,okay i personally love this app so much but recently it has been giving me really weird podcast equest like today after my podcast episode ended next thing there is a fricking prn video going on and somehow i think it might be okay if it wouldnt give it to me immediately cuz kids can see that and be traumatised im 16 so i knew what it was and turned it off but little kids and even other 16 years old i know the age limit can be traumatised cuz prn isnt for under 18 years old also my 12 years old sister saw one of these videos in her like spotify reels or whatever and i think that is not okay also i would like that u dont have to verify ur email when reporting stuff that should be easy im sorry for rant but im still kinda angry ps could u also get block buttom so i dont need to see that prn if i dont want to,2
2025-03-19,misleading advertising,"Over the years Spotify is undergoing a process of Enshittification at the expense of those who don't have the premium version. It is not possible to search a specific song, because all the hits available are in playlist where the song is included, so before listening it you have to listen all the list. And this make the experience of using the app very frustrating and uncomfortable. But the worst part is the amount of ADs presents in the free version. They claim that you can listen 30 minutes of music without any interruption, and this is a obvious lie, because the ADs start after only two songs, often after a single music track. Normally you are forced to listen 2 minutes of ADs (4 ADs of 30 seconds x 4), every 6 or 7 minutes of music. This type of false advertising is illegal, and violates consumers rights, should be persecuted and stopped. I hope that a new app will block your monopoly as soon as possible because your service is shit.",Rated 1 out of 5 stars,misleading advertising,over the years spotify is undergoing a process of enshittification at the expense of those who dont have the premium version it is not possible to search a specific song because all the hits available are in playlist where the song is included so before listening it you have to listen all the list and this make the experience of using the app very frustrating and uncomfortable but the worst part is the amount of ads presents in the free version they claim that you can listen 30 minutes of music without any interruption and this is a obvious lie because the ads start after only two songs often after a single music track normally you are forced to listen 2 minutes of ads 4 ads of 30 seconds x 4 every 6 or 7 minutes of music this type of false advertising is illegal and violates consumers rights should be persecuted and stopped i hope that a new app will block your monopoly as soon as possible because your service is shit,1
2025-03-19,Not worth the money or time,You'd rather use third party free music apps. This app is not worth the time or the money.,Rated 1 out of 5 stars,not worth the money or time,youd rather use third party free music apps this app is not worth the time or the money,1
2025-03-18,so many issues with this,so many issues with this. incredible number of ads and if you go abroad it logs you out every time. very difficult to log back on and you have to go the website. time to go somewhere else,Rated 1 out of 5 stars,so many issues with this,so many issues with this incredible number of ads and if you go abroad it logs you out every time very difficult to log back on and you have to go the website time to go somewhere else,1
2025-03-18,Its spot on,Its very good for premium users and if your in education its even better because its only £5.99 a month it is expensive if your not in education its £11.99 a month and the music verity is the best it has everything you want also there are even podcasts on premium and you can also download songs and podcasts to listen offline.,Rated 4 out of 5 stars,its spot on,its very good for premium users and if your in education its even better because its only 599 a month it is expensive if your not in education its 1199 a month and the music verity is the best it has everything you want also there are even podcasts on premium and you can also download songs and podcasts to listen offline,4
2025-03-18,Let's start that Spotify is desperate…,"Let's start that Spotify is desperate for some euros and they lie a lot... Had earpods with 3 months ""free"" Spotify and it was clearly saying that I wouldn't not get charged they charged me... The mails that i sent was never replied... When I cancelled i didn't get the money back.. No refund... Keep it Spotify and i hope its the last you take... Bad very bad app stay away",Rated 1 out of 5 stars,lets start that spotify is desperate,lets start that spotify is desperate for some euros and they lie a lot had earpods with 3 months free spotify and it was clearly saying that i wouldnt not get charged they charged me the mails that i sent was never replied when i cancelled i didnt get the money back no refund keep it spotify and i hope its the last you take bad very bad app stay away,1
2025-03-18,Great music streaming,"Great music streaming, but room for improvement  I have been using spotify for long time, and overall, its a fantastic music streaming platform. The music library is extensive and it covers all the genre.  The ads on the free version can be a bit repetitive and intrusive. It would be great to see higher-quality audio options available to all users not just premium subscribers.",Rated 3 out of 5 stars,great music streaming,great music streaming but room for improvement  i have been using spotify for long time and overall its a fantastic music streaming platform the music library is extensive and it covers all the genre  the ads on the free version can be a bit repetitive and intrusive it would be great to see higherquality audio options available to all users not just premium subscribers,3
2025-03-16,Don't bother trying to contact SPOTIFY…,"Don't bother trying to contact SPOTIFY support@spotify your emails go unanswered and there direct messaging service can't answer a question at all stupid question, what phone are you usually and android are you using etc etc but failed miserably to answer my question",Rated 1 out of 5 stars,dont bother trying to contact spotify,dont bother trying to contact spotify supportspotify your emails go unanswered and there direct messaging service cant answer a question at all stupid question what phone are you usually and android are you using etc etc but failed miserably to answer my question,1
2025-03-16,"Used to be great, pile of tosh now","Spotify used to be great. I understand price rises are unavoidable but what Spotify seems to have done with the premium plan is truly pathetic. They introduced audio books and then increased the price to wangle more money out of their customers, a lot of which didn’t want or care for audiobooks. A basic plan was introduced with the previous premium pricing but without the ability to play audio books.  I cancelled my subscription because of a bug in the Spotify app which prevented me listening to music on my Alexa and Sonos speakers - a big issue as that’s where I listen to my music 80% of the time, with the other 20% being in the car. Support were very unhelpful and went weeks getting me doing mundane troubleshooting steps. What I mentioned several times was that this has to be an app issue since web player on the same phone works fine, and the Sonos app works fine too. I went back to resubscribe and the basic plan isn’t available, so Spotify want to wangle their customers for £16.99 even if they don’t want audiobooks, and there’s never any possibility for new customers to get the basic plan. Truly pathetic, and I will not be paying for it again - I’d rather go to a competitor since the way the free account app is set up is truly awful:  1. Cannot listen to an album/playlist in any other way other than random 2. Cannot see the full tracklist on an album/playlist, it’s summarised. Why not show the full list without allowing people to pick a song to play? 3. Adverts are ridiculous. On cellular data Iget 3 ads every 2 songs, so I’m paying for data to listen to rubbish ads. At home on WiFi I get the occasional “long ad for 30 mins of uninterrupted music” but that doesn’t seem to work as described  You’ve sold yourself out of a loyal customer, well done.",Rated 2 out of 5 stars,used to be great pile of tosh now,spotify used to be great i understand price rises are unavoidable but what spotify seems to have done with the premium plan is truly pathetic they introduced audio books and then increased the price to wangle more money out of their customers a lot of which didnt want or care for audiobooks a basic plan was introduced with the previous premium pricing but without the ability to play audio books  i cancelled my subscription because of a bug in the spotify app which prevented me listening to music on my alexa and sonos speakers  a big issue as thats where i listen to my music 80 of the time with the other 20 being in the car support were very unhelpful and went weeks getting me doing mundane troubleshooting steps what i mentioned several times was that this has to be an app issue since web player on the same phone works fine and the sonos app works fine too i went back to resubscribe and the basic plan isnt available so spotify want to wangle their customers for 1699 even if they dont want audiobooks and theres never any possibility for new customers to get the basic plan truly pathetic and i will not be paying for it again  id rather go to a competitor since the way the free account app is set up is truly awful  1 cannot listen to an albumplaylist in any other way other than random 2 cannot see the full tracklist on an albumplaylist its summarised why not show the full list without allowing people to pick a song to play 3 adverts are ridiculous on cellular data iget 3 ads every 2 songs so im paying for data to listen to rubbish ads at home on wifi i get the occasional long ad for 30 mins of uninterrupted music but that doesnt seem to work as described  youve sold yourself out of a loyal customer well done,2
2025-03-16,Dreadful customer service,"Dreadful customer service, offers are not honoured and time wasting web chat.",Rated 1 out of 5 stars,dreadful customer service,dreadful customer service offers are not honoured and time wasting web chat,1
2025-03-15,Never had a problem and been a customer…,Never had a problem and been a customer for 2 years.,Rated 5 out of 5 stars,never had a problem and been a customer,never had a problem and been a customer for 2 years,5
2025-03-14,Don’t even bother with them,I have been with them for 14 years I’m going back to YouTube premium spotify has not had phone support for 9 years if not definitely more any service you pay for in America you should be able to call and talk instead of all this typing back and forth that does not solve anything they are not bbb accredited because they don’t except the trust agreement with the bbb I also feel like they violate my right to speak and force me to type back and forth that should unconstitutional in some way shape or form these cooperate companies just want to walk all over people so after being a premium member since 2014 they raise my rate and with all the restrictions when if you pay for YouTube premium it does not matter if your family member lives with you or not so I even asked if I could do a duo plan with my son 1/2 time he lives with me and the other half with his mom he also is a full time college student in upstate had a dorm room there and they said I could try but when they send him an email and a different area comes up it might clash with there policies so they are even trying to control a plan with my own son it shouldn’t even matter if my so or daughter lives with me or not there my kids smh,Rated 1 out of 5 stars,dont even bother with them,i have been with them for 14 years im going back to youtube premium spotify has not had phone support for 9 years if not definitely more any service you pay for in america you should be able to call and talk instead of all this typing back and forth that does not solve anything they are not bbb accredited because they dont except the trust agreement with the bbb i also feel like they violate my right to speak and force me to type back and forth that should unconstitutional in some way shape or form these cooperate companies just want to walk all over people so after being a premium member since 2014 they raise my rate and with all the restrictions when if you pay for youtube premium it does not matter if your family member lives with you or not so i even asked if i could do a duo plan with my son 12 time he lives with me and the other half with his mom he also is a full time college student in upstate had a dorm room there and they said i could try but when they send him an email and a different area comes up it might clash with there policies so they are even trying to control a plan with my own son it shouldnt even matter if my so or daughter lives with me or not there my kids smh,1
2025-03-14,Stupid it's says when u start a son you…,Stupid it's says when u start a son you get 30 mins uninterrupted listening then plays adverts after 1 song dopey,Rated 1 out of 5 stars,stupid its says when u start a son you,stupid its says when u start a son you get 30 mins uninterrupted listening then plays adverts after 1 song dopey,1
2025-03-13,Spotify constantly advertising horse…,"Spotify constantly advertising horse racing, which is animal cruelty, I can't wait to subscribe to YouTube music instead",Rated 1 out of 5 stars,spotify constantly advertising horse,spotify constantly advertising horse racing which is animal cruelty i cant wait to subscribe to youtube music instead,1
2025-03-13,I love Spotify,"I love Spotify, they have increased their prices though which is annoying. Since I’m paying monthly anyway I do hate that I run out of audiobook time. Books available on it are old anyway ? I don’t see why I can’t have access to one book a month at least?",Rated 4 out of 5 stars,i love spotify,i love spotify they have increased their prices though which is annoying since im paying monthly anyway i do hate that i run out of audiobook time books available on it are old anyway  i dont see why i cant have access to one book a month at least,4
2025-03-12,you either die a hero or live long enough to become a villain,What once was now isn't you either die a hero or live long enough to become a greedy degrading company worse and worse each year because you never wanna fix it always use the cheapest option available,Rated 1 out of 5 stars,you either die a hero or live long enough to become a villain,what once was now isnt you either die a hero or live long enough to become a greedy degrading company worse and worse each year because you never wanna fix it always use the cheapest option available,1
2025-03-11,I love it,"I love it. Wouldn't know how to live my life without it. I listen to Spotify daily... during work, for focus time, or just privately. I love the revamps and daily mix ups. I don't really listen to radio, so this is my way of finding new tunes and having some fun. Unfortunately some of my favorite artists have disappeared from this app... as they do russian music. Really sucks. But still. Hope that they will be back at some point. I also enjoy listening to podcasts on there and audiobooks. Though the audiobooks could be done better. like having a feature to memorize, where you stopped would be really cool.",Rated 4 out of 5 stars,i love it,i love it wouldnt know how to live my life without it i listen to spotify daily during work for focus time or just privately i love the revamps and daily mix ups i dont really listen to radio so this is my way of finding new tunes and having some fun unfortunately some of my favorite artists have disappeared from this app as they do russian music really sucks but still hope that they will be back at some point i also enjoy listening to podcasts on there and audiobooks though the audiobooks could be done better like having a feature to memorize where you stopped would be really cool,4
2025-03-11,They are scammers,"They are scammers, they promote sites through which you can make purchases that are a scam, so they are complicit. Never make purchases through them",Rated 1 out of 5 stars,they are scammers,they are scammers they promote sites through which you can make purchases that are a scam so they are complicit never make purchases through them,1
2025-03-10,Absolute toilet.....awful versions of…,Absolute toilet.....awful versions of tracks. Abomination of albums and accounts systems inoperable. I have had to cancel via my bank so poor. Bunch of snotty nosed kids running this outfit.....,Rated 1 out of 5 stars,absolute toiletawful versions of,absolute toiletawful versions of tracks abomination of albums and accounts systems inoperable i have had to cancel via my bank so poor bunch of snotty nosed kids running this outfit,1
2025-03-09,Can’t live without this,Can’t live without this. Favourite app by a mile.,Rated 5 out of 5 stars,cant live without this,cant live without this favourite app by a mile,5
2025-03-07,Artificial Streaming??,"Spotify gave me and email saying I had reached 500 followers on spotify when the night before I had 108. Seeing this I knew something was off, but I hadn't paid for any promotion AT ALL since the start of 2025!! I knew if there were fake streams I had no part to play in it!! Their customer service was terrible, takes forever to reply, and outright insulted me as someone who struggles with mental health issue. I have screenshots, and can provide proof. After talking to 4 agents, one finally emailed me saying I had false streams and I need to contact my distributor which I've already done, and can't get any help from either side!! As somebody who struggles with panic attacks this has by FAR been the worst customer service experience in my ENTIRE life!! I sincerely hope Spotify fixes this issue, or I will be pursuing it further. They don't care about their artist, they don't care about mental health, and truthfully don't care about artificial streaming. It's clear to me after speaking with their customer service that all they care about is stealing money from your pockets by any means necessary. They don't care about any mental repercussions their actions or words might cause. Terrible platform, with even worse people running it.",Rated 1 out of 5 stars,artificial streaming,spotify gave me and email saying i had reached 500 followers on spotify when the night before i had 108 seeing this i knew something was off but i hadnt paid for any promotion at all since the start of 2025 i knew if there were fake streams i had no part to play in it their customer service was terrible takes forever to reply and outright insulted me as someone who struggles with mental health issue i have screenshots and can provide proof after talking to 4 agents one finally emailed me saying i had false streams and i need to contact my distributor which ive already done and cant get any help from either side as somebody who struggles with panic attacks this has by far been the worst customer service experience in my entire life i sincerely hope spotify fixes this issue or i will be pursuing it further they dont care about their artist they dont care about mental health and truthfully dont care about artificial streaming its clear to me after speaking with their customer service that all they care about is stealing money from your pockets by any means necessary they dont care about any mental repercussions their actions or words might cause terrible platform with even worse people running it,1
2025-03-06,Ads on premium,Why am I being shown ads when I pay for premium??? What a waste of money.,Rated 1 out of 5 stars,ads on premium,why am i being shown ads when i pay for premium what a waste of money,1
2025-03-06,No support for my login problems,"I've had a paid subcription I cant log in to for months due to dealing with ID theft. A new phone, phone number and email got me locked out. There is no possible way to get support without logging in. I cant even cancel my subscription.",Rated 1 out of 5 stars,no support for my login problems,ive had a paid subcription i cant log in to for months due to dealing with id theft a new phone phone number and email got me locked out there is no possible way to get support without logging in i cant even cancel my subscription,1
2025-03-05,If you want a music app then YouTube is…,If you want a music app then YouTube is the one. Spotify is awful if you use the free version. You have 1 song then adds 1 song then adds. You listen to more adverts then music. At least with YouTube you can skip after 5 seconds,Rated 1 out of 5 stars,if you want a music app then youtube is,if you want a music app then youtube is the one spotify is awful if you use the free version you have 1 song then adds 1 song then adds you listen to more adverts then music at least with youtube you can skip after 5 seconds,1
2025-03-03,Free version is unusable,No Content,Rated 1 out of 5 stars,free version is unusable,no content,1
2025-03-03,Good library,I've tried a bunch of different music streaming services but Spotify continues to be my favorite. The subscription is a little expensive if you're broke (like me) but the student discount makes it better. They have the best music library in my opinion.,Rated 5 out of 5 stars,good library,ive tried a bunch of different music streaming services but spotify continues to be my favorite the subscription is a little expensive if youre broke like me but the student discount makes it better they have the best music library in my opinion,5
2025-03-01,Inexorable move to greyness,"Slow, inexorable, enshittification of a once great provider. Listen and weep.",Rated 2 out of 5 stars,inexorable move to greyness,slow inexorable enshittification of a once great provider listen and weep,2
2025-03-01,Great Daily Mixes.,I love the Daily Mixes the app gives me. They are all so varied and right on the button for me.,Rated 5 out of 5 stars,great daily mixes,i love the daily mixes the app gives me they are all so varied and right on the button for me,5
2025-03-01,STAY AWAY FROM SPOTIFY,"The inappropriate titled podcast contents are on my screen and I cannot block it.  Spotify is NOT providing feature to block such a artists or podcasts, and my human rights is violated. They explain ""You can block it"" but YOU CANNOT. THEY ARE LIAR.  I am UPSET. WE ARE UPSET. STAY AWAY FROM SPOTIFY. Spotify is violating user's human rights. And making everyone feeling so bad. Stay away.",Rated 1 out of 5 stars,stay away from spotify,the inappropriate titled podcast contents are on my screen and i cannot block it  spotify is not providing feature to block such a artists or podcasts and my human rights is violated they explain you can block it but you cannot they are liar  i am upset we are upset stay away from spotify spotify is violating users human rights and making everyone feeling so bad stay away,1
2025-02-26,I am a professional artist.,"I am a professional artist. Spotify deliberately harms independent musicians in favor of, I believe, the usual major labels, or itself.",Rated 1 out of 5 stars,i am a professional artist,i am a professional artist spotify deliberately harms independent musicians in favor of i believe the usual major labels or itself,1
2025-02-25,I purchased some leggings from…,"I purchased some leggings from TRUEFEAT. They were awful. The only way to leave a review was through Spotify- but Spotify does not let you see product reviews. This is a way for online stores to dupe you into believing others can see your reviews. So- there is no way for true honest reviews to be seen. Truefeat only shows positive reviews on their page, and only a few at that. So- if anyone is considering purchasing these awful leggings, just know the material is slick and shiny, they sag in the cr0tch and they do not stay up, and the side pockets are shallow and half of my phone sticks out.",Rated 1 out of 5 stars,i purchased some leggings from,i purchased some leggings from truefeat they were awful the only way to leave a review was through spotify but spotify does not let you see product reviews this is a way for online stores to dupe you into believing others can see your reviews so there is no way for true honest reviews to be seen truefeat only shows positive reviews on their page and only a few at that so if anyone is considering purchasing these awful leggings just know the material is slick and shiny they sag in the cr0tch and they do not stay up and the side pockets are shallow and half of my phone sticks out,1
2025-02-25,Everything made me happy in this app,No Content,Rated 5 out of 5 stars,everything made me happy in this app,no content,5
2025-02-25,I've been using Spotify for quite a…,"I've been using Spotify for quite a while, but at some point I stopped seeing normal recommendations... And this annoying ad, even with premium, is like a lack of respect... I'll give it 2 stars only because I have several of my playlists here and I'm too lazy to move them to another platform!!!!",Rated 2 out of 5 stars,ive been using spotify for quite a,ive been using spotify for quite a while but at some point i stopped seeing normal recommendations and this annoying ad even with premium is like a lack of respect ill give it 2 stars only because i have several of my playlists here and im too lazy to move them to another platform,2
2025-02-24,Cancelled my premium account,"Cancelled my premium account. A few weeks later decided I wanted to reopen a premium account. Had to open in a new account which will no longer let me access my liked list of songs with the premium perks. No human to help me, bot help is ridiculous. The app even apologizes for not being able to do things through the bot. AWFUL CUSTOMER SERVICE!",Rated 1 out of 5 stars,cancelled my premium account,cancelled my premium account a few weeks later decided i wanted to reopen a premium account had to open in a new account which will no longer let me access my liked list of songs with the premium perks no human to help me bot help is ridiculous the app even apologizes for not being able to do things through the bot awful customer service,1
2025-02-23,If I could give it negative stars I…,"If I could give it negative stars I would. They overcharged me, as I am student and my rate should be 5.99 and they messed up my account. I was on chat with them for almost an hour and they kept switching me to different people and gave me no help. My wrapped was of someone else, not me, and they accused me of sharing my account when I never ever did. Then they hung on me. So rude!",Rated 1 out of 5 stars,if i could give it negative stars i,if i could give it negative stars i would they overcharged me as i am student and my rate should be 599 and they messed up my account i was on chat with them for almost an hour and they kept switching me to different people and gave me no help my wrapped was of someone else not me and they accused me of sharing my account when i never ever did then they hung on me so rude,1
2025-10-25,Stupid policies and NPC support,"Recently i find out that my deleted artist account is still there and it shocked me, cause i deleted it. Spotify refuses to delete my artist account, because according to their policy artist account can't be fully deleted, only partially. And because of that, not only my profile now ghosting around, but i also have there my photo which i no longer willing to show.  They also can't delete photo themselves, so the only way is me. But they ignore all the proofs i gave them to prove that artist account is mine - my account email, photo (so they could compare it to my photo in bio). They only need my UPC, which ofcourse i don't have so i now contacted distributor i hate very much and they probably won't give me anything.  Their support is NPC or AI. I feel no human answering to my questions and etc. Especially in email.  Their abusive attitude hurt me very much, even though i'm not very sad of my photo ghosting around. But the fact that i have no choice to delete it was killing me. Now i don't care...  Damn them and their company. I hope they go bankrupt.",Rated 1 out of 5 stars,stupid policies and npc support,recently i find out that my deleted artist account is still there and it shocked me cause i deleted it spotify refuses to delete my artist account because according to their policy artist account cant be fully deleted only partially and because of that not only my profile now ghosting around but i also have there my photo which i no longer willing to show  they also cant delete photo themselves so the only way is me but they ignore all the proofs i gave them to prove that artist account is mine  my account email photo so they could compare it to my photo in bio they only need my upc which ofcourse i dont have so i now contacted distributor i hate very much and they probably wont give me anything  their support is npc or ai i feel no human answering to my questions and etc especially in email  their abusive attitude hurt me very much even though im not very sad of my photo ghosting around but the fact that i have no choice to delete it was killing me now i dont care  damn them and their company i hope they go bankrupt,1
2025-02-21,So so but still okay...,"The app offers an awesome music library and a clean interface, but it’s not without its quirks. Ads on the free version can get annoying, and I’ve run into some stability issues on slower devices. It’s decent for everyday listening if you can put up with occasional glitches.",Rated 3 out of 5 stars,so so but still okay,the app offers an awesome music library and a clean interface but its not without its quirks ads on the free version can get annoying and ive run into some stability issues on slower devices its decent for everyday listening if you can put up with occasional glitches,3
2025-02-20,Spotify is my new Charity !!!,Spotify is my new Charity !!!! Forget about Oxfam UNICEF and all the authentic charities …. Spotify is my new charity ! Despite spending an hour on what passes for customer care with Spotify my problem remains unresolved. I am paying for premium and being bombarded with Ads!!!!!! And to add insult to injury it suggests that I might like to try premium !!!! Also every time I login it suggests that I change my password … simple thing to do whilst driving ?!?!?! Have all the employees at Spotify left the building ? Please Trust Pilot with my blessing pass this on to Spotify! Kathryn,Rated 1 out of 5 stars,spotify is my new charity ,spotify is my new charity  forget about oxfam unicef and all the authentic charities  spotify is my new charity  despite spending an hour on what passes for customer care with spotify my problem remains unresolved i am paying for premium and being bombarded with ads and to add insult to injury it suggests that i might like to try premium  also every time i login it suggests that i change my password  simple thing to do whilst driving  have all the employees at spotify left the building  please trust pilot with my blessing pass this on to spotify kathryn,1
2025-02-19,"I’m paying for the premium option, but I’m bombarded with ads every 30 minutes","I’m paying for the premium option, but regardless of the music I play, I’m bombarded with ads every 30 minutes. They don’t have a Customer Service Department to help you deal with your issues. If they can’t honor what they offer, then I’m going to cancel my subscription. I was meditating with a group, and a string of ads disrupted the process. I felt embarrassed.",Rated 1 out of 5 stars,im paying for the premium option but im bombarded with ads every 30 minutes,im paying for the premium option but regardless of the music i play im bombarded with ads every 30 minutes they dont have a customer service department to help you deal with your issues if they cant honor what they offer then im going to cancel my subscription i was meditating with a group and a string of ads disrupted the process i felt embarrassed,1
2025-02-19,“Song recommendations to playlists”,"I absolutely hate how I would make a playlist and Spotify just adds “recommendation songs” to my playlist. Most of the time I don’t like those songs either, like I just want the songs that I added to MY playlists.",Rated 2 out of 5 stars,song recommendations to playlists,i absolutely hate how i would make a playlist and spotify just adds recommendation songs to my playlist most of the time i dont like those songs either like i just want the songs that i added to my playlists,2
2025-02-18,The got rid of a very important…,The got rid of a very important feature. Being able to remove songs from queue. Now I'm ready to scrap the app,Rated 1 out of 5 stars,the got rid of a very important,the got rid of a very important feature being able to remove songs from queue now im ready to scrap the app,1
2025-02-17,Good app,"Good app! There is plenty of music and podcasts there. Its bad that I can't buy subscription via app, desktop app is good",Rated 4 out of 5 stars,good app,good app there is plenty of music and podcasts there its bad that i cant buy subscription via app desktop app is good,4
2025-02-17,How Spotify Destroys Family Values,"Look, I always thought “family” meant people bonded by love and trust (and maybe an occasional awkward holiday dinner). But apparently, Spotify thinks it means “everyone crammed under one roof.” Sorry, grandma down the road or college kid across the state – you’re out of the club.  It’s like they’re running a stealth campaign against actual families. “Oh, you love your cousin who lives five minutes away? Not family enough!” Spotify wants your ‘family’ to come with GPS coordinates, which kinda feels like a reality show gone wrong: “Who Survives The Address Check?”  Between cracking playlists and cracking the meaning of family, Spotify might just need to rename its plan the “Cohabitant Plan” and own it. Because hey, as soon as you step outside the front door, you’re basically disowned from that sweet, sweet ‘family’ discount.  In short: If you enjoy living at a different address than your folks – or, you know, real life – Spotify’s got a brand-new definition of “family values” for you. Good luck.",Rated 1 out of 5 stars,how spotify destroys family values,look i always thought family meant people bonded by love and trust and maybe an occasional awkward holiday dinner but apparently spotify thinks it means everyone crammed under one roof sorry grandma down the road or college kid across the state  youre out of the club  its like theyre running a stealth campaign against actual families oh you love your cousin who lives five minutes away not family enough spotify wants your family to come with gps coordinates which kinda feels like a reality show gone wrong who survives the address check  between cracking playlists and cracking the meaning of family spotify might just need to rename its plan the cohabitant plan and own it because hey as soon as you step outside the front door youre basically disowned from that sweet sweet family discount  in short if you enjoy living at a different address than your folks  or you know real life  spotifys got a brandnew definition of family values for you good luck,1
2025-02-15,spotify app has broken on both of my…,"spotify app has broken on both of my pc's. It plays music and then suddenly it stops working and keeps saying ""Spotify can't play this right now. If you have the file on your computer you can import it."" and there is no fix, I have tried turning on and off different settings, deleting files and even deleting the app and reinstalling and it still doesnt work. Trash app.",Rated 1 out of 5 stars,spotify app has broken on both of my,spotify app has broken on both of my pcs it plays music and then suddenly it stops working and keeps saying spotify cant play this right now if you have the file on your computer you can import it and there is no fix i have tried turning on and off different settings deleting files and even deleting the app and reinstalling and it still doesnt work trash app,1
2025-02-15,Spotify is generally a good platform…,"Spotify is generally a good platform with a vast music library and a user-friendly interface. However, the longer I've used it, the more I’ve noticed some downsides. Even with a premium account, ads sometimes pop up again, and customer support doesn’t seem to address it. The app also started running slowly, frequently freezing. It's frustrating, especially when you're paying for a subscription and expect stability. The sound quality isn't always great, and the recommendations often don't match my tastes. Customer support hasn't been very helpful in resolving issues, and they even refused a refund request. In the end, despite its positives, I’m opting to try other services. Unfortunately, Spotify hasn't met my expectations.",Rated 2 out of 5 stars,spotify is generally a good platform,spotify is generally a good platform with a vast music library and a userfriendly interface however the longer ive used it the more ive noticed some downsides even with a premium account ads sometimes pop up again and customer support doesnt seem to address it the app also started running slowly frequently freezing its frustrating especially when youre paying for a subscription and expect stability the sound quality isnt always great and the recommendations often dont match my tastes customer support hasnt been very helpful in resolving issues and they even refused a refund request in the end despite its positives im opting to try other services unfortunately spotify hasnt met my expectations,2
2025-02-14,Spotify is truly Awesome,"Spotify is truly Awesome. Not average, it's excellent. You can hear the complete survey of earthly music if you could ever live long enough. The naysayers and self styled critics should go back and update their review. Sure I have some petty complaints about anything if you cut me loose. This is an impeccable service. I hope you get to experience the pleasure.",Rated 5 out of 5 stars,spotify is truly awesome,spotify is truly awesome not average its excellent you can hear the complete survey of earthly music if you could ever live long enough the naysayers and self styled critics should go back and update their review sure i have some petty complaints about anything if you cut me loose this is an impeccable service i hope you get to experience the pleasure,5
2025-02-14,Free Music my eye,Free Music my eye. Amazon Music for me from now on.,Rated 1 out of 5 stars,free music my eye,free music my eye amazon music for me from now on,1
2025-02-13,I order something in early January…,I order something in early January still not arrived terrible company would never buy from them again,Rated 1 out of 5 stars,i order something in early january,i order something in early january still not arrived terrible company would never buy from them again,1
2025-02-12,Cancelled my premium subscription today…,"Cancelled my premium subscription today after finding out that spotify has been charging me twice a month (on two different credit cards) for the past year. customer service is a joke. it's a chat with a script that goes around in circles. they overcharged me $137 during the past 12 months and refused to refund my money. when you cancel, remove all payment methods from your account page as spotify will continue charging your card and stealing your money. terrible, thieving company!",Rated 1 out of 5 stars,cancelled my premium subscription today,cancelled my premium subscription today after finding out that spotify has been charging me twice a month on two different credit cards for the past year customer service is a joke its a chat with a script that goes around in circles they overcharged me 137 during the past 12 months and refused to refund my money when you cancel remove all payment methods from your account page as spotify will continue charging your card and stealing your money terrible thieving company,1
2025-02-12,Spotify is the worse than YouTube,"I’m getting really frustrated with the adverts. In the free version of Spotify, they would advertise that you need to pay to get rid of the adverts - same as the unpaid version of YouTube. Both platforms, you need to get through the relentless adverts before you get to your chosen content. The joke is, paying for the premium Spotify doesn’t make a difference. The ads came back on Spotify. Now I’m getting almost two ads every time I listen to a podcast!  So what if I have flexibility to choose songs? I can get the same service for free on YouTube.  I’m going to start looking at other platforms.",Rated 1 out of 5 stars,spotify is the worse than youtube,im getting really frustrated with the adverts in the free version of spotify they would advertise that you need to pay to get rid of the adverts  same as the unpaid version of youtube both platforms you need to get through the relentless adverts before you get to your chosen content the joke is paying for the premium spotify doesnt make a difference the ads came back on spotify now im getting almost two ads every time i listen to a podcast  so what if i have flexibility to choose songs i can get the same service for free on youtube  im going to start looking at other platforms,1
2025-02-07,Enjoy the last 30 minutes of uninterrupted ADS,"This app is becoming ridicolous, 2 minutes of music and 5 adverts. They say: ""enjoy the last 30 minutes if uninterrupted music"" but in reality every song there is one or 2 adverts. The graphic user interface sucks! Spend some of our money to hire a good UX Designer that can organise all those contents in a good way because till then, this app is not worth the money of a monthly subscription.",Rated 1 out of 5 stars,enjoy the last 30 minutes of uninterrupted ads,this app is becoming ridicolous 2 minutes of music and 5 adverts they say enjoy the last 30 minutes if uninterrupted music but in reality every song there is one or 2 adverts the graphic user interface sucks spend some of our money to hire a good ux designer that can organise all those contents in a good way because till then this app is not worth the money of a monthly subscription,1
2025-02-07,I have closed my account,"I have closed my account, so I cannot log in yet they were still taking money after free trial ended. I had to contact my card company and put a block on them. I am unable to contact them to stop the harassing emails asking for payment. They owe me for 2 unauthorised payments.",Rated 1 out of 5 stars,i have closed my account,i have closed my account so i cannot log in yet they were still taking money after free trial ended i had to contact my card company and put a block on them i am unable to contact them to stop the harassing emails asking for payment they owe me for 2 unauthorised payments,1
2025-02-07,Used to enjoy Spotify but suddenly the…,Used to enjoy Spotify but suddenly the ads have become too frequent and far too loud which is not ideal if you like to play music late at night to drop off to sleep.  The sub is far too costly and for the free trial you have to leave bank card details and the length of the offer keeps changing so no thanks. I do not trust the quality of this app.,Rated 1 out of 5 stars,used to enjoy spotify but suddenly the,used to enjoy spotify but suddenly the ads have become too frequent and far too loud which is not ideal if you like to play music late at night to drop off to sleep  the sub is far too costly and for the free trial you have to leave bank card details and the length of the offer keeps changing so no thanks i do not trust the quality of this app,1
2025-02-06,Spotify sucks use any other service,Garbage recommendations listen to a song once and Spotify thinks you love it I’m in a loop of hearing the same stuff over and over no matter how many times I skip or click not interested I only find good songs when I search for them myself Spotify algorithm has never been good but soon as 2025 hit it dropped down so badly premium isn’t even worth it in the slightest worst app I have used period and i remember when Facebook had a 1 star on the App Store,Rated 1 out of 5 stars,spotify sucks use any other service,garbage recommendations listen to a song once and spotify thinks you love it im in a loop of hearing the same stuff over and over no matter how many times i skip or click not interested i only find good songs when i search for them myself spotify algorithm has never been good but soon as 2025 hit it dropped down so badly premium isnt even worth it in the slightest worst app i have used period and i remember when facebook had a 1 star on the app store,1
2025-02-06,It was good until end of 2024/beginning…,It was good until end of 2024/beginning of 2025… now after every 2 short songs there is an advert… there is a chance to pay and get rid of the adverts… no f way… for the money this app’s asking you pay YouTube and you can even watch videos plus there is all the music that exists.,Rated 5 out of 5 stars,it was good until end of 2024beginning,it was good until end of 2024beginning of 2025 now after every 2 short songs there is an advert there is a chance to pay and get rid of the adverts no f way for the money this apps asking you pay youtube and you can even watch videos plus there is all the music that exists,5
2025-02-05,its a crappy version of Pandora..,"its a crappy version of Pandora... 2025 still cant sign up for premium on the app.. i know adds make you all the money, but at least make an effort to help your users... people hate adds, as much as this trash platform..",Rated 2 out of 5 stars,its a crappy version of pandora,its a crappy version of pandora 2025 still cant sign up for premium on the app i know adds make you all the money but at least make an effort to help your users people hate adds as much as this trash platform,2
2025-02-04,CS is useless and not helping,CS is useless and not helping. Takes a very long time for answers and solutions. Just cancel chat if they cant help you.,Rated 1 out of 5 stars,cs is useless and not helping,cs is useless and not helping takes a very long time for answers and solutions just cancel chat if they cant help you,1
2025-02-03,Spotify is great for users,Spotify isn’t perfect but is better than everything else I used. Definitely recommend paying for it.,Rated 5 out of 5 stars,spotify is great for users,spotify isnt perfect but is better than everything else i used definitely recommend paying for it,5
2025-02-03,SPOTYSCAM,"Hello everyone, unfortunately, Spotify scams all emerging artists by taking advantage of their lack of notoriety to avoid paying them and giving them what they deserve after all their sacrifices. Instead of paying them, they accuse them of fraud!  Spotify treats emerging artists like slaughterhouse animals, without any value. The behavior of this platform is horrible and unacceptable. We should all sell and buy ONLY vinyl records printed by ourselves and make all these platforms fail, as they exploit our art and devalue it!  OPEN YOUR EYES!!!! The music world is losing all hope. Don’t listen on Spotify! Buy records! Or if you really must, use APPLE MUSIC! Spotify is a SCAM! An exploiter of artists!",Rated 1 out of 5 stars,spotyscam,hello everyone unfortunately spotify scams all emerging artists by taking advantage of their lack of notoriety to avoid paying them and giving them what they deserve after all their sacrifices instead of paying them they accuse them of fraud  spotify treats emerging artists like slaughterhouse animals without any value the behavior of this platform is horrible and unacceptable we should all sell and buy only vinyl records printed by ourselves and make all these platforms fail as they exploit our art and devalue it  open your eyes the music world is losing all hope dont listen on spotify buy records or if you really must use apple music spotify is a scam an exploiter of artists,1
2025-02-02,Found out that Spotify were illegally…,Found out that Spotify were illegally taking money from my bank account as someone had signed up using my bank account details (only for a Spotify subscription.... Really!) Seems this happens quite a lot so please check for any Spotify transactions on Yr banking apps. Needless to say Spotify not too fussed about stopping this as they are still making money!,Rated 1 out of 5 stars,found out that spotify were illegally,found out that spotify were illegally taking money from my bank account as someone had signed up using my bank account details only for a spotify subscription really seems this happens quite a lot so please check for any spotify transactions on yr banking apps needless to say spotify not too fussed about stopping this as they are still making money,1
2025-02-02,I have subscribed for a free trial for…,I have subscribed for a free trial for the first 2 months. At the end it whent through with Google play and that had a different deal which wasn't mentioned only in the small pri t so I was charged 11.99 for the first 2 month instead of free. Customer service member Ali R. S. Was really kind and helped to explain what happened. I was disconnected from the chat by mistake probably because of bad Internet connection so I could hlthank him enough! Hope you read it Ali! Thanks for your good will! Bettina,Rated 4 out of 5 stars,i have subscribed for a free trial for,i have subscribed for a free trial for the first 2 months at the end it whent through with google play and that had a different deal which wasnt mentioned only in the small pri t so i was charged 1199 for the first 2 month instead of free customer service member ali r s was really kind and helped to explain what happened i was disconnected from the chat by mistake probably because of bad internet connection so i could hlthank him enough hope you read it ali thanks for your good will bettina,4
2025-02-01,1 advert for every track,"I can't do subscriptions, so ad free. Playing Spotify commercially is supposed to be an option. I have 430 tracks on my liked songs list. That's a hell of an investment time-wise. Spotify loops the same 20 or 30 songs over and over; an advert every 2 songs, repeated twice; that's 1 advert every 1 song. I'm going back to CDs",Rated 1 out of 5 stars,1 advert for every track,i cant do subscriptions so ad free playing spotify commercially is supposed to be an option i have 430 tracks on my liked songs list thats a hell of an investment timewise spotify loops the same 20 or 30 songs over and over an advert every 2 songs repeated twice thats 1 advert every 1 song im going back to cds,1
2025-01-31,Unsubscribe experience,I'm frustrated from the fact that they make unsubscribe not convenient. I feel it is wrong to do this.,Rated 1 out of 5 stars,unsubscribe experience,im frustrated from the fact that they make unsubscribe not convenient i feel it is wrong to do this,1
2025-01-29,No Spotify refund,"So I have a subscription to Spotify and it renewed on 29 January. It charged my account so I called five minutes after they charge my account to cancel the subscription the month hasn’t even started yet and I canceled it the same day they charged me and they wouldn’t give me a refund be very, very careful of Spotify never seen a company that wouldn’t give you a refund on the same day that they charged you if I was you I would go to Pandora at least you can get a refund there never knew a place that doesn’t give refunds then they tell me there’s a 14 day period. When you open your account to get a refund I open my account two years ago way past the 14 day mark it’s like stealing.",Rated 1 out of 5 stars,no spotify refund,so i have a subscription to spotify and it renewed on 29 january it charged my account so i called five minutes after they charge my account to cancel the subscription the month hasnt even started yet and i canceled it the same day they charged me and they wouldnt give me a refund be very very careful of spotify never seen a company that wouldnt give you a refund on the same day that they charged you if i was you i would go to pandora at least you can get a refund there never knew a place that doesnt give refunds then they tell me theres a 14 day period when you open your account to get a refund i open my account two years ago way past the 14 day mark its like stealing,1
2025-01-29,Stupid app I saved all these songs…,"Stupid app I saved all these songs during the free trial under liked songs, and then once that ended, and the commercials started only about a third of them are there and on shuffle at the place the same songs over and over again as a lame attempt to get you to pay for the premium.",Rated 1 out of 5 stars,stupid app i saved all these songs,stupid app i saved all these songs during the free trial under liked songs and then once that ended and the commercials started only about a third of them are there and on shuffle at the place the same songs over and over again as a lame attempt to get you to pay for the premium,1
2025-01-27,"The best Spotify, is not even good","I’ve been a Spotify Premium user, but the black screen issue has pushed me to the limit. For months, I’ve been unable to access the app properly, and despite numerous complaints and reports from users, Spotify has failed to resolve the problem.  What’s worse is their complete lack of transparency. Their ""we are looking at it"", ""we will shortly be solving the problem"". They don’t provide updates, temporary fixes, or any compensation for a service that’s clearly not being delivered as promised. I’m paying the same subscription fee as others, but I’m not getting the same service—it’s unfair and frustrating.  Spotify’s silence and inaction feel like a slap in the face to their customers. It's all about money! Disappointing that a company of this size doesn’t seem to care about resolving issues for paying users.  I cannot recommend Spotify to anyone until they address this problem and show they value their customers.",Rated 1 out of 5 stars,the best spotify is not even good,ive been a spotify premium user but the black screen issue has pushed me to the limit for months ive been unable to access the app properly and despite numerous complaints and reports from users spotify has failed to resolve the problem  whats worse is their complete lack of transparency their we are looking at it we will shortly be solving the problem they dont provide updates temporary fixes or any compensation for a service thats clearly not being delivered as promised im paying the same subscription fee as others but im not getting the same serviceits unfair and frustrating  spotifys silence and inaction feel like a slap in the face to their customers its all about money disappointing that a company of this size doesnt seem to care about resolving issues for paying users  i cannot recommend spotify to anyone until they address this problem and show they value their customers,1
2025-01-27,Great app,"Great app, but there are no some spanish very famous songs and it makes it more complicated to pay because you cannot pay via app",Rated 3 out of 5 stars,great app,great app but there are no some spanish very famous songs and it makes it more complicated to pay because you cannot pay via app,3
2025-01-26,Worthless app,"Worthless app. There's so much wrong with Spotify, there's hard to start a review.  You lost me on not being able to copy-paste any text off the app nor the website. I can't even copy-paste from languages I don't have a keyboard for.  Never again a developer that will go the extra round to limit and lower the experience for users.",Rated 1 out of 5 stars,worthless app,worthless app theres so much wrong with spotify theres hard to start a review  you lost me on not being able to copypaste any text off the app nor the website i cant even copypaste from languages i dont have a keyboard for  never again a developer that will go the extra round to limit and lower the experience for users,1
2025-01-25,For solving an issue with Spotify contact Google... Wait... what?,"Talked to 2 persons just for closing an account, seems easier to go back to the moon",Rated 1 out of 5 stars,for solving an issue with spotify contact google wait what,talked to 2 persons just for closing an account seems easier to go back to the moon,1
2025-01-24,Discover weekly for me is... awful,Whilst I love Spotify in general... the 'Discover Weekly' for me is just awful. It used to be great until they introduced AI. Couple of years ago I was discovering loads of new songs every week related to my music genre... since they introduced this the songs don't bear any resemblance to anything I listen to. They are heavily weighted towards what a person in the UK of my age might listen to... not what I actually do. So great apart from this which used to be the highlight of my week,Rated 1 out of 5 stars,discover weekly for me is awful,whilst i love spotify in general the discover weekly for me is just awful it used to be great until they introduced ai couple of years ago i was discovering loads of new songs every week related to my music genre since they introduced this the songs dont bear any resemblance to anything i listen to they are heavily weighted towards what a person in the uk of my age might listen to not what i actually do so great apart from this which used to be the highlight of my week,1
2025-01-22,Poor performance over the past year,I have been a average a user of Spotify for numerous years. I added my daughter’s account on so now we pay £17 a month. I am deeply disappointed for the past year. The service is not been up to scratch now when I want to listen to Spotify it plays a song for two seconds and then it meets itself or it skipped several songs and then doesn’t play again. I have asked for help through the Spotify chat through Facebook. The guy seems okay but he doesn’t understand what I’m trying to explain. He’s just telling me to wipe my account and start again but obviously it’s taking me several years to build up my library and I don’t wish to delete it all I have already deleted the app and reinstalled it but it hasn’t made any difference whatsoever. I think I might have to use a different platform because I need to have music at night when I sleep and I haven’t slept well for a few days now I’m getting quite aggravated. Why can’t they irritate responsibility? That is obviously something to do with their end but anything to do with technology they always want to blame you and your software they just say just delete the app like it makes any difference whatsoever is so frustrating.,Rated 1 out of 5 stars,poor performance over the past year,i have been a average a user of spotify for numerous years i added my daughters account on so now we pay 17 a month i am deeply disappointed for the past year the service is not been up to scratch now when i want to listen to spotify it plays a song for two seconds and then it meets itself or it skipped several songs and then doesnt play again i have asked for help through the spotify chat through facebook the guy seems okay but he doesnt understand what im trying to explain hes just telling me to wipe my account and start again but obviously its taking me several years to build up my library and i dont wish to delete it all i have already deleted the app and reinstalled it but it hasnt made any difference whatsoever i think i might have to use a different platform because i need to have music at night when i sleep and i havent slept well for a few days now im getting quite aggravated why cant they irritate responsibility that is obviously something to do with their end but anything to do with technology they always want to blame you and your software they just say just delete the app like it makes any difference whatsoever is so frustrating,1
2025-01-22,Helped me discover a wid range of music,"I listen to Spotify daily, you could argue a little too much. The platform has helped me discover music that I would never have thought to look for, as well as being able to listen to old favourites on demand. Spotify comes with multiple tools to aid in your discovery, the aptly named ‘Discover Weekly’, and ‘radio’, a randomised selection of songs based on the current song or artist that share similarities. Well worth the money for me, and I would recommend, and do so to a wider audience base, down to the ever expanding services.",Rated 5 out of 5 stars,helped me discover a wid range of music,i listen to spotify daily you could argue a little too much the platform has helped me discover music that i would never have thought to look for as well as being able to listen to old favourites on demand spotify comes with multiple tools to aid in your discovery the aptly named discover weekly and radio a randomised selection of songs based on the current song or artist that share similarities well worth the money for me and i would recommend and do so to a wider audience base down to the ever expanding services,5
2025-01-22,Love this service,Love this service. It's truly been a life changer!,Rated 5 out of 5 stars,love this service,love this service its truly been a life changer,5
2025-01-20,Adds are a put off and £11 month is…,Adds are a put off and £11 month is steep just to shut adds of and listen to music you pick what you want to listen to sometimes you cant find you want it comes up with something different,Rated 2 out of 5 stars,adds are a put off and 11 month is,adds are a put off and 11 month is steep just to shut adds of and listen to music you pick what you want to listen to sometimes you cant find you want it comes up with something different,2
2025-01-17,Napster 2.0,One star is TOO generous for this egregious company. Increasing prices with nothing good to show for it. Recommended music is atrocious. Recommending music I do not like or would NEVER listen to. Spotify Artist Exclusives are trash as their notices are late and don't give you a chance in HELL to obtain anything. Music is on the platform one day and gone the next. Music/Tracks tied to artists that have NOTHING to do with the song or sang it. Ghost artists and producers mucking the waters up to make them more money and not pay legit artists. C9nnectivity to Alexa is ridiculous as it never keeps a solid connection. This company is Napster 2.0. DO NOT BOTHER! NOT WORTH THE MONEY OR THEIR B.S.,Rated 1 out of 5 stars,napster 20,one star is too generous for this egregious company increasing prices with nothing good to show for it recommended music is atrocious recommending music i do not like or would never listen to spotify artist exclusives are trash as their notices are late and dont give you a chance in hell to obtain anything music is on the platform one day and gone the next musictracks tied to artists that have nothing to do with the song or sang it ghost artists and producers mucking the waters up to make them more money and not pay legit artists c9nnectivity to alexa is ridiculous as it never keeps a solid connection this company is napster 20 do not bother not worth the money or their bs,1
2025-01-17,It is an absolute shit service,It is an absolute shit service. I have spent a long time curating playlist and all of a sudden when trying to log in I get the message that there is no account associated with that email which is just rubbish. The assholes has just removed the account for no reason at all and spotify is not able to connect to. Just bot answers.,Rated 1 out of 5 stars,it is an absolute shit service,it is an absolute shit service i have spent a long time curating playlist and all of a sudden when trying to log in i get the message that there is no account associated with that email which is just rubbish the assholes has just removed the account for no reason at all and spotify is not able to connect to just bot answers,1
2025-01-17,Spotify has expanded my universe of…,Spotify has expanded my universe of music to include artists I’ve never heard of but sound similar to all those I love. Spotify’s DJ consistently serves up my 30 minute work out with perfect choices and the quality of sound is wonderful for listening with the latest Apple earbuds. Congrats on being the best!,Rated 5 out of 5 stars,spotify has expanded my universe of,spotify has expanded my universe of music to include artists ive never heard of but sound similar to all those i love spotifys dj consistently serves up my 30 minute work out with perfect choices and the quality of sound is wonderful for listening with the latest apple earbuds congrats on being the best,5
2025-01-14,Very poor customer service.,There is an ongoing issue with Spotify playlists. Ity has been randomly repeating songs once played. This issue has been happening across all your private playlists and Spotify is giving no reason for this nor is it giving any update to a possible fix. Customer service is terrible with the advisers obviously following a que card and then passing the issue to another advisor when they are not able to help. There is also no way of complaining other that trusting the chat advisors will pass on the issue. Waste of time.,Rated 1 out of 5 stars,very poor customer service,there is an ongoing issue with spotify playlists ity has been randomly repeating songs once played this issue has been happening across all your private playlists and spotify is giving no reason for this nor is it giving any update to a possible fix customer service is terrible with the advisers obviously following a que card and then passing the issue to another advisor when they are not able to help there is also no way of complaining other that trusting the chat advisors will pass on the issue waste of time,1
2025-01-14,smart shuffle is atrocious,"smart shuffle is atrocious - it seems like.. not a feature, but a roadblock that was introduced to get people to buy Premium.",Rated 1 out of 5 stars,smart shuffle is atrocious,smart shuffle is atrocious  it seems like not a feature but a roadblock that was introduced to get people to buy premium,1
2025-01-14,Money Grab,"Closed my account, got confirmation, changed twice after the account was closed, Explanation, I had two accounts @ the same time, I paid for only one account each month, that's £23.98 I'll never see again! Don't think I'll be returning. ROBBERS!",Rated 1 out of 5 stars,money grab,closed my account got confirmation changed twice after the account was closed explanation i had two accounts  the same time i paid for only one account each month thats 2398 ill never see again dont think ill be returning robbers,1
2025-01-14,"Great music service, but recommendation issues","Spotify is a great platform for listening to music. I've been using it for over a year, and I love the wide selection of tracks and the user-friendly interface. However, sometimes the recommendation algorithm doesn't always accurately guess my preferences, and I have to manually search for new interesting songs. Overall, the service is worth the money, but I would like to see improvements in the algorithms.",Rated 2 out of 5 stars,great music service but recommendation issues,spotify is a great platform for listening to music ive been using it for over a year and i love the wide selection of tracks and the userfriendly interface however sometimes the recommendation algorithm doesnt always accurately guess my preferences and i have to manually search for new interesting songs overall the service is worth the money but i would like to see improvements in the algorithms,2
2025-01-14,so many ads wtf,No Content,Rated 1 out of 5 stars,so many ads wtf,no content,1
2025-01-12,Spotify was never a great app but the…,"Spotify was never a great app but the have really gone downhill. The app plays 1 or 2 songs from your playlist and then advertisement, after that it goes silent, you have to reset it to play again and the it plays 1 more song and then goes silent. The premium seems to be worse and other Spotify users are experiencing the same issues. Some say Spotify is purposely doing this to force people to upgrade(money grab)",Rated 1 out of 5 stars,spotify was never a great app but the,spotify was never a great app but the have really gone downhill the app plays 1 or 2 songs from your playlist and then advertisement after that it goes silent you have to reset it to play again and the it plays 1 more song and then goes silent the premium seems to be worse and other spotify users are experiencing the same issues some say spotify is purposely doing this to force people to upgrademoney grab,1
2025-01-12,Spotify should be banned from operating,"Customer service is beyond non existence. The worse thieves you can come across are Spotify. My account got debited twice in a month. Tried communicating with these thieves for an explanation but no response. Wasn’t surprised. Cancelled my subscription the day after my account was debited and I should have access to Spotify for a whole month. Oh no, not with these thieves. Even though you pay in advance.  Never again with Spotify. I will go back to youtube music or try apple. I cannot stand people who have no ethics.",Rated 1 out of 5 stars,spotify should be banned from operating,customer service is beyond non existence the worse thieves you can come across are spotify my account got debited twice in a month tried communicating with these thieves for an explanation but no response wasnt surprised cancelled my subscription the day after my account was debited and i should have access to spotify for a whole month oh no not with these thieves even though you pay in advance  never again with spotify i will go back to youtube music or try apple i cannot stand people who have no ethics,1
2025-01-11,recommended songs are worthless,"the recommended song section at the bottom of playlist is nonsense. none of the songs it suggests, which it says are related to whats on the playlist, are related to the songs on the playlist. it wont even suggest a single artist thats already on the playlist, just worthless mainstream trash. as with everything else tech based spotify is being enshitified",Rated 1 out of 5 stars,recommended songs are worthless,the recommended song section at the bottom of playlist is nonsense none of the songs it suggests which it says are related to whats on the playlist are related to the songs on the playlist it wont even suggest a single artist thats already on the playlist just worthless mainstream trash as with everything else tech based spotify is being enshitified,1
2025-01-10,Well it was all great and all but why…,"Well it was all great and all but why on earth is Spotify crashing so bad on my laptop and phone, like I cant even skip a song without refreshing the app, my next song wont play without refreshing the app, everything I do I HAVE TO REFRESH THE GODDAMN APP!!!!",Rated 3 out of 5 stars,well it was all great and all but why,well it was all great and all but why on earth is spotify crashing so bad on my laptop and phone like i cant even skip a song without refreshing the app my next song wont play without refreshing the app everything i do i have to refresh the goddamn app,3
2025-01-10,They say 30 minutes no ads,"They say 30 minutes no ads? More like 5 minutes no ads?? And only 6 skips is crazy and greedy from the creators, theyre actual pigs who feed themselves on scamming random people",Rated 1 out of 5 stars,they say 30 minutes no ads,they say 30 minutes no ads more like 5 minutes no ads and only 6 skips is crazy and greedy from the creators theyre actual pigs who feed themselves on scamming random people,1
2025-01-09,Such a bad app,"Such a bad app, constantly trying to push an agenda with music. For the past week every single time I skip a song on my playlist it switched to a bloody Beyonce song without fail. Useless platform do not recommend",Rated 1 out of 5 stars,such a bad app,such a bad app constantly trying to push an agenda with music for the past week every single time i skip a song on my playlist it switched to a bloody beyonce song without fail useless platform do not recommend,1
2025-01-09,Why AI?,"""Hate when my stream of ads is interrupted by a song from my playlist."" - Average non premium user.  The ads on Spotify are pretty crazy for free users. Personally, I haven't been on the free version of Spotify for over a year now. Spotify premium has fueled my addiction to music. In 2024, I had music playing for roughly a third of the entire year (keep in mind this is the year they fired a bunch of people working on Spotify wrapped, I would estimate it was actually closer to 55%.) Spotify has the largest selection of music out of any platform except for maybe YouTube if you count the videos.  The reason I have left Spotify at a 3 instead of a 4 or 5 is that Spotify has moved in the direction of layoffs and replacing their staff with artificial intelligence. This is a dangerous direction that the entire world is moving in and the effects can be seen with the quality of 2024s Spotify wrapped. Previous wrapped showcases were personalized with unique styles every year. 2024s had missing data, a generic background, and ai generated phases/seasons which caused serious online backlash. This was due to Spotifys decision to fire I think it was 80% of the staff working on Spotify wrapped and supplemented their work with AI. Companies like Spotify and Microsoft are moving towards AI to cut labor costs, this is a serious problem that needs to be addressed.",Rated 3 out of 5 stars,why ai,hate when my stream of ads is interrupted by a song from my playlist  average non premium user  the ads on spotify are pretty crazy for free users personally i havent been on the free version of spotify for over a year now spotify premium has fueled my addiction to music in 2024 i had music playing for roughly a third of the entire year keep in mind this is the year they fired a bunch of people working on spotify wrapped i would estimate it was actually closer to 55 spotify has the largest selection of music out of any platform except for maybe youtube if you count the videos  the reason i have left spotify at a 3 instead of a 4 or 5 is that spotify has moved in the direction of layoffs and replacing their staff with artificial intelligence this is a dangerous direction that the entire world is moving in and the effects can be seen with the quality of 2024s spotify wrapped previous wrapped showcases were personalized with unique styles every year 2024s had missing data a generic background and ai generated phasesseasons which caused serious online backlash this was due to spotifys decision to fire i think it was 80 of the staff working on spotify wrapped and supplemented their work with ai companies like spotify and microsoft are moving towards ai to cut labor costs this is a serious problem that needs to be addressed,3
2025-01-08,When I remove you from playing and…,When I remove you from playing and access apps like Instagram you automatically start playing… FAAAKL OFFFF my date is 8th January 2025 this is the yeah I will ensure all my many followers boycott Spotify,Rated 1 out of 5 stars,when i remove you from playing and,when i remove you from playing and access apps like instagram you automatically start playing faaakl offff my date is 8th january 2025 this is the yeah i will ensure all my many followers boycott spotify,1
2025-01-08,Very slow and confusing interface!,"Very slow and confusing interface filled with Ads that push only rich and popular Artists forward. Deezer is 1,000,000 times way more better!",Rated 1 out of 5 stars,very slow and confusing interface,very slow and confusing interface filled with ads that push only rich and popular artists forward deezer is 1000000 times way more better,1
2025-01-07,NEVER BUY A SPOTIFY GIFT CARD FOR…,"NEVER BUY A SPOTIFY GIFT CARD FOR SOMEONE. I'd give less than one star if I could. Received a $99 gift card as a gift. Spotify says I can't redeem it because I have a premium family plan. I say it's money please take it. Also, why on earth would they think the gift giver is going to know what type of Spotify account I have. Why not do what every other company does and let a gift card get redeemed for it's value, in this case $99. There solution ... they say to me, ""do you have someone you can give it to."" Ridiculous. NEVER BUY A SPOTIFY GIFT CARD FOR SOMEONE.",Rated 1 out of 5 stars,never buy a spotify gift card for,never buy a spotify gift card for someone id give less than one star if i could received a 99 gift card as a gift spotify says i cant redeem it because i have a premium family plan i say its money please take it also why on earth would they think the gift giver is going to know what type of spotify account i have why not do what every other company does and let a gift card get redeemed for its value in this case 99 there solution  they say to me do you have someone you can give it to ridiculous never buy a spotify gift card for someone,1
2025-01-07,This company is an outright scam.,"Recently, I have claimed a free trial of 3 months on spotify. Quite obviously, I have forgotten to cancel that subscription, and now I can’t get my money back. This is because of the scummy refund policy. For some reason, when your free trial starts, so does the 14 day refund policy. So, if you forget, you can literally not do anything about it.",Rated 1 out of 5 stars,this company is an outright scam,recently i have claimed a free trial of 3 months on spotify quite obviously i have forgotten to cancel that subscription and now i cant get my money back this is because of the scummy refund policy for some reason when your free trial starts so does the 14 day refund policy so if you forget you can literally not do anything about it,1
2025-01-07,Scammers,they closed my account and still paying for that,Rated 1 out of 5 stars,scammers,they closed my account and still paying for that,1
2025-01-05,Prices to high,Had this for years and was being charged a small rate. This month is has gone up triple! I'm so disappointed and now can't afford the premium. I'm quite sad!,Rated 1 out of 5 stars,prices to high,had this for years and was being charged a small rate this month is has gone up triple im so disappointed and now cant afford the premium im quite sad,1
2025-01-04,App is not safe.,"App is not safe.  My account was recently hijacked by fault of my own (sharing common passwords) with other accounts, this is normally no bother as my email is protected by 2FA and I can always claim my account back heres the problem.  Spotify lets the hijackers remain in your account even after you change passwords, disconnect all devices and applications. And log out everywhere, I had to manually get in contact with support to have them ""FORCE"" everyone out of my account, when the option for me to do it doesn't work so what's the point of giving me it? Everytime I changed my password the person would still be logged in, even if I FORCED everyone to log out he's magically still logged in, even if I disconnect all devices he's still magically logged in. Spotify doesn't even offer 2FA it's terrible.  I have secured my account with the help of customer support after proving I own it and going through all that hoo-haa, I could have secured it myself if your own tools worked properly and add bloody F2A already.",Rated 1 out of 5 stars,app is not safe,app is not safe  my account was recently hijacked by fault of my own sharing common passwords with other accounts this is normally no bother as my email is protected by 2fa and i can always claim my account back heres the problem  spotify lets the hijackers remain in your account even after you change passwords disconnect all devices and applications and log out everywhere i had to manually get in contact with support to have them force everyone out of my account when the option for me to do it doesnt work so whats the point of giving me it everytime i changed my password the person would still be logged in even if i forced everyone to log out hes magically still logged in even if i disconnect all devices hes still magically logged in spotify doesnt even offer 2fa its terrible  i have secured my account with the help of customer support after proving i own it and going through all that hoohaa i could have secured it myself if your own tools worked properly and add bloody f2a already,1
2025-01-04,Cannot search songs lol,So the free version comes with ads. Thats fair ok. But after searching for a song instead of playing that it gives me a radio station where it appears? So it will switch to it eventually who knows when. Oh and you can't even move the music slider to skip ahead if you even like the song 🙃. I pray that people that makes such thing's doesn't end up in hell. God bless you.,Rated 1 out of 5 stars,cannot search songs lol,so the free version comes with ads thats fair ok but after searching for a song instead of playing that it gives me a radio station where it appears so it will switch to it eventually who knows when oh and you cant even move the music slider to skip ahead if you even like the song  i pray that people that makes such things doesnt end up in hell god bless you,1
2025-01-04,TRASH SENDING FCC AND FTC VIOLATING IDENTITY THEIVES,"This company has been harassing me via mail and email. They illegally obtained and used my email because some fool gave it out and tried signing me up for an account with them. When I opted out they resubmitted it and I turned it over to FCC for illegal use of a computing device or telecommunications to illegally sign me up for their trash campaigns. This company then sent as of today Jan 3, 2025 junk flyers to some made up version of my company name to my home address. This is my home. It is not a business location and never has been. One resident living here in the past resident foolishly used a magazine sent here as a solicitation because the state of MS released my home address as a business address knowing people are forced to use it to sign up on their sites (note this I had a PO Box in the past and they flooded it too and the post office was the crooks triggering that mess knowing I paid exorbitant fees for it so I filed complaints and closed that one; no one wants these high prices piss poor service boxes). This is in direct violation of state and federal privacy laws. The truth is that we have already paid for the rights to register our companies so it isn't free when you pay your individual, state property, sales and usage as well as that other little known tax that appears when people use commodities like fuel or power built into that rate structure. This company reached out to or was contacted by one of these fake made up delivery services by a no longer employed veteran that used to be a sheriff deputy and his family members. This is harassment through the mail. It is mail fraud. This company is purposely hiding direct contact to them to allow people to block their trash mailings. They have a made up barely functional site that gives a number that is now no longer in use and they try to force people to sign up for unwanted accounts to contact a fake support group. This mess came out of Australia. It is an international antitrust violation related to FTC fair trade act. I do not do business with and have no interest in shipping with a foreign entity that stole my home identity because some black rat drive up and took a picture of it last year in her mobile device as I stop looking at her and she sent it to her dumb relatives who have been behind this mess for years with seven other crooks hanging around this area and riding around doing stupid stuff because that dumb woman calling herself a business woman operating out of Cleveland, MS got caught three years ago doing this same mess so she uses her husband's status and reaches out to these fools who contacted some of these crooked companies after the legitimate company refused to hide their network of crooks. They need to shut this organization down and block that local print shop or paper company that is being used to illegally print and send out this trash.  They put this trash under Finance-Oper Leadership. The presorted standard us postage permit number used is 1312 coming from Palatine P&DC, IL.",Rated 1 out of 5 stars,trash sending fcc and ftc violating identity theives,this company has been harassing me via mail and email they illegally obtained and used my email because some fool gave it out and tried signing me up for an account with them when i opted out they resubmitted it and i turned it over to fcc for illegal use of a computing device or telecommunications to illegally sign me up for their trash campaigns this company then sent as of today jan 3 2025 junk flyers to some made up version of my company name to my home address this is my home it is not a business location and never has been one resident living here in the past resident foolishly used a magazine sent here as a solicitation because the state of ms released my home address as a business address knowing people are forced to use it to sign up on their sites note this i had a po box in the past and they flooded it too and the post office was the crooks triggering that mess knowing i paid exorbitant fees for it so i filed complaints and closed that one no one wants these high prices piss poor service boxes this is in direct violation of state and federal privacy laws the truth is that we have already paid for the rights to register our companies so it isnt free when you pay your individual state property sales and usage as well as that other little known tax that appears when people use commodities like fuel or power built into that rate structure this company reached out to or was contacted by one of these fake made up delivery services by a no longer employed veteran that used to be a sheriff deputy and his family members this is harassment through the mail it is mail fraud this company is purposely hiding direct contact to them to allow people to block their trash mailings they have a made up barely functional site that gives a number that is now no longer in use and they try to force people to sign up for unwanted accounts to contact a fake support group this mess came out of australia it is an international antitrust violation related to ftc fair trade act i do not do business with and have no interest in shipping with a foreign entity that stole my home identity because some black rat drive up and took a picture of it last year in her mobile device as i stop looking at her and she sent it to her dumb relatives who have been behind this mess for years with seven other crooks hanging around this area and riding around doing stupid stuff because that dumb woman calling herself a business woman operating out of cleveland ms got caught three years ago doing this same mess so she uses her husbands status and reaches out to these fools who contacted some of these crooked companies after the legitimate company refused to hide their network of crooks they need to shut this organization down and block that local print shop or paper company that is being used to illegally print and send out this trash  they put this trash under financeoper leadership the presorted standard us postage permit number used is 1312 coming from palatine pdc il,1
2025-01-03,Lost £100 voucher on duplicate account,"My boyfriend bought me a £100 voucher for Christmas last year, I added it to my account, but then I realised I had a duplicate account and forgot password, and the old account was linked to an email I no longer have access too. No attempt to help me, even though I’ll be able to give all my personal information. Happy to delete this review if they can transfer the credit to my correct account",Rated 1 out of 5 stars,lost 100 voucher on duplicate account,my boyfriend bought me a 100 voucher for christmas last year i added it to my account but then i realised i had a duplicate account and forgot password and the old account was linked to an email i no longer have access too no attempt to help me even though ill be able to give all my personal information happy to delete this review if they can transfer the credit to my correct account,1
2025-01-02,App is very slow when I had premium…,App is very slow when I had premium worked perfectly good now without premium song's don't even I'll play my playlist after one it wouldn't play the rest it will just go quite and it will try to load but it won't so overall crap,Rated 2 out of 5 stars,app is very slow when i had premium,app is very slow when i had premium worked perfectly good now without premium songs dont even ill play my playlist after one it wouldnt play the rest it will just go quite and it will try to load but it wont so overall crap,2
2024-12-30,why?,wayyyyy too many ads bro,Rated 1 out of 5 stars,why,wayyyyy too many ads bro,1
2024-12-30,I keep getting this ad about…,I keep getting this ad about unprotected sex and I have disliked it many times and it still won’t go away. I realize I’m a teenager but seriously?! Some of us don’t do that stuff I would like if you would respect that.,Rated 2 out of 5 stars,i keep getting this ad about,i keep getting this ad about unprotected sex and i have disliked it many times and it still wont go away i realize im a teenager but seriously some of us dont do that stuff i would like if you would respect that,2
2024-12-30,HORRIBLE GREEDY MUSIC PLATFORM,"HORRIBLE GREEDY MUSIC PLATFORM.  1. DOESN'T WANT TO ADAPT LIKE YOUTUBE 2. EXPECTS MONEY BUT DOESN'T PAY ARTIST, LESS THAN A CENT. $0.004 per stream. WOW! SHOCKING! 3. THIS SWEDE COMPANY TAKES AWAY PLAYS, AND HAS A VERY STRICT ELITISM ALGORITHM THAT ONLY PUSHES FORWARD WHAT ALREADY HAS EXORBITANT AMOUNT OF PLAYS. 4. ADS EVERY 3 SONGS ALMOST 5. EXPECTS YOU TO PAY TO REMOVE ADS 6. RUN BY RACIST ELITISTS. 7. MERRY 2024 CHRISTMAS JERKS",Rated 1 out of 5 stars,horrible greedy music platform,horrible greedy music platform  1 doesnt want to adapt like youtube 2 expects money but doesnt pay artist less than a cent 0004 per stream wow shocking 3 this swede company takes away plays and has a very strict elitism algorithm that only pushes forward what already has exorbitant amount of plays 4 ads every 3 songs almost 5 expects you to pay to remove ads 6 run by racist elitists 7 merry 2024 christmas jerks,1
2024-12-28,You are just as deceptive,"You are just as deceptive as all the other bottom feeders... I take your surveys in good faith, then when one has a carrot dangled of a premium experience, I find out the competition expired 3 years ago... The New Years premium upgrade I had planned to subscribe to just walked...  I hate deception, I've had a smart phone for less than 3 months and I've already got scammy scum trying to steal my info and financial details, and it looks like you are just as scammy as those bottom feeders.  Maybe you could do some synergistic team building exercises on the demonstration and application of personal and professional integrity. That's IN-TEG-RI-TY... Integrity",Rated 2 out of 5 stars,you are just as deceptive,you are just as deceptive as all the other bottom feeders i take your surveys in good faith then when one has a carrot dangled of a premium experience i find out the competition expired 3 years ago the new years premium upgrade i had planned to subscribe to just walked  i hate deception ive had a smart phone for less than 3 months and ive already got scammy scum trying to steal my info and financial details and it looks like you are just as scammy as those bottom feeders  maybe you could do some synergistic team building exercises on the demonstration and application of personal and professional integrity thats integrity integrity,2
2024-12-27,I don't understand how they made this…,"I don't understand how they made this years wrapped - it doesn't make much sense. I know that they fired a bunch of people beforehand, but your AI for wrapped is not working. Pull yourself together!",Rated 2 out of 5 stars,i dont understand how they made this,i dont understand how they made this years wrapped  it doesnt make much sense i know that they fired a bunch of people beforehand but your ai for wrapped is not working pull yourself together,2
2024-12-26,Awful!,"Awful! After the an update on my smartphone the operation menu of spotify without unlocking the phone didn't respond on anything anymore. After a couple of days, only the smartphone itself and the devices that where registered via Google-Home became visible again. Sonos devices are still not available (which where before the update). Also the loudness is no longer manageable without unlocking the phone. Tip: Cick out your programmers ;-)",Rated 1 out of 5 stars,awful,awful after the an update on my smartphone the operation menu of spotify without unlocking the phone didnt respond on anything anymore after a couple of days only the smartphone itself and the devices that where registered via googlehome became visible again sonos devices are still not available which where before the update also the loudness is no longer manageable without unlocking the phone tip cick out your programmers ,1
2024-12-26,Highly enjoyed using the product but my…,Highly enjoyed using the product but my account was randomly deleted one day with no reason given. The lack of customer support means I have no way of contacting them to see what has happened. Looks like I will now be switching to YouTube music…,Rated 2 out of 5 stars,highly enjoyed using the product but my,highly enjoyed using the product but my account was randomly deleted one day with no reason given the lack of customer support means i have no way of contacting them to see what has happened looks like i will now be switching to youtube music,2
2024-12-25,Terrible UI/UX bad service expensive…,Terrible UI/UX bad service expensive and buggy Competitors are way better,Rated 2 out of 5 stars,terrible uiux bad service expensive,terrible uiux bad service expensive and buggy competitors are way better,2
2024-12-24,Amazing best music platform in the game,No Content,Rated 5 out of 5 stars,amazing best music platform in the game,no content,5
2024-12-23,Spotify advertised a 3-month free…,"Spotify advertised a 3-month free trial, but I was charged immediately upon signing up. Most other companies only charge after the free trial ends, as advertised. To make matters worse, when I filed for a refund through Google, they removed the free trial altogether. What’s the point of offering a “free trial” if it’s neither free nor honored? This feels misleading and unprofessional. Highly disappointed.",Rated 1 out of 5 stars,spotify advertised a 3month free,spotify advertised a 3month free trial but i was charged immediately upon signing up most other companies only charge after the free trial ends as advertised to make matters worse when i filed for a refund through google they removed the free trial altogether whats the point of offering a free trial if its neither free nor honored this feels misleading and unprofessional highly disappointed,1
2024-12-18,Pathetic Smart Shuffle,"Spotify is over all decent but the smart shuffle is garbage. It is not smart but stupid, or the developer of the app is. Genres get stuck and the same songs repeat. The recommended songs are nothing but BS I don't even listen to. Spotify your lazy app developer's need to be fired and replaced. Spotify is supposed to be getting smarter with the help of AI not now. Fix this lazy lack of care about your product, YOU CHARGE FOR! If not soon, I'll drop Spotify like a toilet seat and move around. I'm not loyal to crap,I throw it in the garbage.",Rated 2 out of 5 stars,pathetic smart shuffle,spotify is over all decent but the smart shuffle is garbage it is not smart but stupid or the developer of the app is genres get stuck and the same songs repeat the recommended songs are nothing but bs i dont even listen to spotify your lazy app developers need to be fired and replaced spotify is supposed to be getting smarter with the help of ai not now fix this lazy lack of care about your product you charge for if not soon ill drop spotify like a toilet seat and move around im not loyal to crapi throw it in the garbage,2
2024-12-18,Spotify laid off 1500 employees & Spotify Wrapped,"Spotify laid off 1500 employees including the man who helped perfect spotify wrapped and it showed. Spotify wrapped was AWFUL and spotify has yet to address it. Luckily for me, Apple Music is just a click away. But the lack of care when they continue to raise the price is infuriating. IDC how petty it is, people look forward to wrapped and they completely ruined and cheapened the experience. If am paying more, the quality should get better but spotify has depleted. Customer service is useless and just gives the same generic response. Disappointing and I hope they continue to lose subscribers the free and premium users.",Rated 1 out of 5 stars,spotify laid off 1500 employees  spotify wrapped,spotify laid off 1500 employees including the man who helped perfect spotify wrapped and it showed spotify wrapped was awful and spotify has yet to address it luckily for me apple music is just a click away but the lack of care when they continue to raise the price is infuriating idc how petty it is people look forward to wrapped and they completely ruined and cheapened the experience if am paying more the quality should get better but spotify has depleted customer service is useless and just gives the same generic response disappointing and i hope they continue to lose subscribers the free and premium users,1
2024-12-17,Sucked everyone in to use the free…,"Sucked everyone in to use the free service and then started putting ads up every few seconds!! literally!! to strong arm you into buying premium and not hearing good reviews about that either, I’m out!!",Rated 1 out of 5 stars,sucked everyone in to use the free,sucked everyone in to use the free service and then started putting ads up every few seconds literally to strong arm you into buying premium and not hearing good reviews about that either im out,1
2024-12-17,What a waste of money Spotify Premium…,What a waste of money Spotify Premium is.i was part of the family premium package in our household.My daughter being the lead subscriber Suddenly I'm told i have been excluded from the package and will not be let back in? My question is why? I admit i am a pensioner and not the best in using IT. What I do know is Spotify now keep asking me as an individual to subscribe to the premium service. I don't get it?,Rated 1 out of 5 stars,what a waste of money spotify premium,what a waste of money spotify premium isi was part of the family premium package in our householdmy daughter being the lead subscriber suddenly im told i have been excluded from the package and will not be let back in my question is why i admit i am a pensioner and not the best in using it what i do know is spotify now keep asking me as an individual to subscribe to the premium service i dont get it,1
2024-12-16,Too many ads are ruing the whole…,Too many ads are ruing the whole experience.,Rated 3 out of 5 stars,too many ads are ruing the whole,too many ads are ruing the whole experience,3
2024-12-11,Ads have ruined Spotify for me,I have been happily using Spotify for years and I listen to it a lot but I’m seriously sick of constant adds when listening to podcasts! I listen with headphones in bed at night to wind down and it’s ridiculously frustrating when they are constantly interrupted with loud annoying ads especially when paying premium rate! I am now going to try Amazon music as they have ad free podcasts. Such a shame as I love everything else about spotify.,Rated 2 out of 5 stars,ads have ruined spotify for me,i have been happily using spotify for years and i listen to it a lot but im seriously sick of constant adds when listening to podcasts i listen with headphones in bed at night to wind down and its ridiculously frustrating when they are constantly interrupted with loud annoying ads especially when paying premium rate i am now going to try amazon music as they have ad free podcasts such a shame as i love everything else about spotify,2
2024-12-11,I pay for add free podcast and they are…,I pay for add free podcast and they are full of adds,Rated 1 out of 5 stars,i pay for add free podcast and they are,i pay for add free podcast and they are full of adds,1
2024-12-10,Have been a premium family subscriber…,"Have been a premium family subscriber for years. Today they removed 2 of my children from the plan stating they cannot prove they live at our address. Stated they will not reactivate their accounts - they have been put on the free / ad version, even though the plan is paid for the next few weeks. Now looking at apple/amazon/youtube. Absolutely disgusted and won't be back.",Rated 1 out of 5 stars,have been a premium family subscriber,have been a premium family subscriber for years today they removed 2 of my children from the plan stating they cannot prove they live at our address stated they will not reactivate their accounts  they have been put on the free  ad version even though the plan is paid for the next few weeks now looking at appleamazonyoutube absolutely disgusted and wont be back,1
2024-12-10,Constantly in breach of their own terms…,Constantly in breach of their own terms and conditions on a free account 6 skips per hour however Spotify do whatever they want nasty service certainly would never pay for such an appallingly service and if you complain some halfwit emails you back making some rubbish up,Rated 1 out of 5 stars,constantly in breach of their own terms,constantly in breach of their own terms and conditions on a free account 6 skips per hour however spotify do whatever they want nasty service certainly would never pay for such an appallingly service and if you complain some halfwit emails you back making some rubbish up,1
2024-12-09,NO PRIVACY ON SPOTIFY,"Go to hell spotify! We have no privacy using this app and everything we are listening to is stored on the recents page. WE ARE HUMANS, WE HAVE THE RIGHT TO HAVE PRIVACY. LET US REMOVE OUR HISTORY!",Rated 1 out of 5 stars,no privacy on spotify,go to hell spotify we have no privacy using this app and everything we are listening to is stored on the recents page we are humans we have the right to have privacy let us remove our history,1
2024-12-09,Stay away from mocking Ukraine,"Joe Rogan has suddenly become way more political, and borderline Russia oriented. Spotify shouldn’t be supporting that!",Rated 1 out of 5 stars,stay away from mocking ukraine,joe rogan has suddenly become way more political and borderline russia oriented spotify shouldnt be supporting that,1
2024-12-08,The app glitches constantly. Terrible customer service,"The app glitches constantly. It auto refreshes any playlist of length so that it constantly loses its place. I've been retrying to make playlists from my main playlist but it's impossible as the app loses its place on the playlist after adding each song. I've spent days with their customer service and the only advice so far is to stick to tiny playlists of less than a hundred songs or so each. Basically stating that their app is useless and not fit for purpose. It took about 5 hours on their message service for them to even understand the issue, and that's with them having a screenrecord (video) of it from me! The latest thing from them was to state ""we can't confirm whether or when your concern will be addressed"". So they may not even BOTHER to look at it. Worst customer services I've ever encountered. The ethics of Spotify and its CEO are atrocious. I've only stayed with them because I'm disabled and didn't want to spend moths setting up playlists again elsewhere. But if they can't even get their app to work Basically, then they've lost their only selling point",Rated 1 out of 5 stars,the app glitches constantly terrible customer service,the app glitches constantly it auto refreshes any playlist of length so that it constantly loses its place ive been retrying to make playlists from my main playlist but its impossible as the app loses its place on the playlist after adding each song ive spent days with their customer service and the only advice so far is to stick to tiny playlists of less than a hundred songs or so each basically stating that their app is useless and not fit for purpose it took about 5 hours on their message service for them to even understand the issue and thats with them having a screenrecord video of it from me the latest thing from them was to state we cant confirm whether or when your concern will be addressed so they may not even bother to look at it worst customer services ive ever encountered the ethics of spotify and its ceo are atrocious ive only stayed with them because im disabled and didnt want to spend moths setting up playlists again elsewhere but if they cant even get their app to work basically then theyve lost their only selling point,1
2024-12-07,Spotify please Boycot,Very poor service and service on X is shocking. They take your money and we're paid in advance by Vodafone and after ending my contract with Vodafone Spotify blocked my premium account. Help and support is from a bot and not a person which is a joke. They in my book are not worthy of your money or support. You'd be better with an alternative such as Apple Music or a Google tentative instead of this nonsense. Keyboard warrior who doesn't care !!!!!!!!!,Rated 1 out of 5 stars,spotify please boycot,very poor service and service on x is shocking they take your money and were paid in advance by vodafone and after ending my contract with vodafone spotify blocked my premium account help and support is from a bot and not a person which is a joke they in my book are not worthy of your money or support youd be better with an alternative such as apple music or a google tentative instead of this nonsense keyboard warrior who doesnt care ,1
2024-12-07,"Unethical, Predatory, and Completely Disappointing Experience","I have never encountered a more underhanded and deceptive service than Spotify. Their so-called ""free trial"" is nothing more than a thinly veiled trap designed to ensnare unsuspecting users and bleed them dry. Despite never actually using their Premium features, I found myself charged for a service I neither wanted nor benefited from, and all without so much as a courtesy reminder.  Their support team is utterly useless, parading empty apologies and rigidly quoting irrelevant policies instead of taking any genuine steps toward a fair resolution. It’s painfully obvious they’re trained to stonewall customers with a smug sense of self-righteousness, refusing refunds in cases that are clearly unfair. They hide behind their “14-day” nonsense and never make any attempt at basic consumer-friendly notifications before slapping charges onto your account.  Unlike reputable companies that show basic human decency—sending out timely reminders or easily accommodating honest mistakes—Spotify relies on customers’ oversight to make money off them. They are the definition of a shameless, morally bankrupt enterprise that treats people as dollar signs rather than valued patrons.  Avoid Spotify at all costs. Their business model is tantamount to a scam—sign you up under the guise of a free trial, fail to remind you of renewal, and then arrogantly refuse any refunds once they quietly drain your money. There are plenty of honest, transparent music services out there. Spotify is not one of them.",Rated 1 out of 5 stars,unethical predatory and completely disappointing experience,i have never encountered a more underhanded and deceptive service than spotify their socalled free trial is nothing more than a thinly veiled trap designed to ensnare unsuspecting users and bleed them dry despite never actually using their premium features i found myself charged for a service i neither wanted nor benefited from and all without so much as a courtesy reminder  their support team is utterly useless parading empty apologies and rigidly quoting irrelevant policies instead of taking any genuine steps toward a fair resolution its painfully obvious theyre trained to stonewall customers with a smug sense of selfrighteousness refusing refunds in cases that are clearly unfair they hide behind their 14day nonsense and never make any attempt at basic consumerfriendly notifications before slapping charges onto your account  unlike reputable companies that show basic human decencysending out timely reminders or easily accommodating honest mistakesspotify relies on customers oversight to make money off them they are the definition of a shameless morally bankrupt enterprise that treats people as dollar signs rather than valued patrons  avoid spotify at all costs their business model is tantamount to a scamsign you up under the guise of a free trial fail to remind you of renewal and then arrogantly refuse any refunds once they quietly drain your money there are plenty of honest transparent music services out there spotify is not one of them,1
2024-12-07,I think my account was hacked as it was…,"I think my account was hacked as it was disabled by someone other than me. I have tried to get the issue resolved via their chat and the conversation is ended by whoever I'm chatting with very abruptly with no help at all. There is no other way to get help or information, no phone number, no email. Deplorable customer service.",Rated 1 out of 5 stars,i think my account was hacked as it was,i think my account was hacked as it was disabled by someone other than me i have tried to get the issue resolved via their chat and the conversation is ended by whoever im chatting with very abruptly with no help at all there is no other way to get help or information no phone number no email deplorable customer service,1
2024-12-06,audiobook hours - WTF,"I love Spotify and have paid for premium for the last 10 years but today I will cancel my subscription. The addition of audiobooks was superb, until you are engrossed in one and surpass the 15 hour ‘listening limit’ you get each month. WTF. Why is this even a feature for a form of media that is provided on a platform I pay for monthly ??? It’s shocking and quite frankly misleading as this isn’t known until you hit said limit.",Rated 1 out of 5 stars,audiobook hours  wtf,i love spotify and have paid for premium for the last 10 years but today i will cancel my subscription the addition of audiobooks was superb until you are engrossed in one and surpass the 15 hour listening limit you get each month wtf why is this even a feature for a form of media that is provided on a platform i pay for monthly  its shocking and quite frankly misleading as this isnt known until you hit said limit,1
2024-12-06,no problems,no problems. good app,Rated 5 out of 5 stars,no problems,no problems good app,5
2024-12-04,WORST CUSTOMER CARE EXPERIENCE AND NOT…,"WORST CUSTOMER CARE EXPERIENCE AND NOT THE FIRST TIME. No urgency or care for customer issues or complaints, I am now on my 7th person explaining the same thing, 3 weeks on, and no closer to any resolution. The messaging site constantly glitches no matter the web browser or device. Request for customer service over email accepted but ignored (24hr response time has now been 8 days). So bad at resolving anything or following up, as long as that person at that time can get rid of you that is the only goal",Rated 1 out of 5 stars,worst customer care experience and not,worst customer care experience and not the first time no urgency or care for customer issues or complaints i am now on my 7th person explaining the same thing 3 weeks on and no closer to any resolution the messaging site constantly glitches no matter the web browser or device request for customer service over email accepted but ignored 24hr response time has now been 8 days so bad at resolving anything or following up as long as that person at that time can get rid of you that is the only goal,1
2024-12-04,can't do sing-alongs in discord,"I purchased spotify like 6 months ago and i was happy to pay the monthly balance on it for awhile but the discord integration is horrible. I am a singer and I will occasionally do sing alongs with my friends in discord but spotify will force mute me in discord if I am singing for more than 30 seconds. I paid the subscription for a few more months, thinking, hoping that the issue would work itself out. I get that its some kind of protection against music bots but i cant let my other singers out there purchase this in good faith so im letting you know its horrible. I can't believe they are willing to lose customers over this. Cancelled payments today.",Rated 1 out of 5 stars,cant do singalongs in discord,i purchased spotify like 6 months ago and i was happy to pay the monthly balance on it for awhile but the discord integration is horrible i am a singer and i will occasionally do sing alongs with my friends in discord but spotify will force mute me in discord if i am singing for more than 30 seconds i paid the subscription for a few more months thinking hoping that the issue would work itself out i get that its some kind of protection against music bots but i cant let my other singers out there purchase this in good faith so im letting you know its horrible i cant believe they are willing to lose customers over this cancelled payments today,1
2024-12-03,Hate Spotify give me Spotify wrapped rn,No Content,Rated 1 out of 5 stars,hate spotify give me spotify wrapped rn,no content,1
2025-12-13,Now they truly suck!,Now they truly suck man they removed my song for ai streams but they were all organic! Not recommending!,Rated 1 out of 5 stars,now they truly suck,now they truly suck man they removed my song for ai streams but they were all organic not recommending,1
2024-12-01,5 F*ING consecutive adds what in the…,"5 F*ING consecutive adds what in the world is this, SPOTIFY is going crazy with you guys you dont care anymore about the users, the important thing for you is money",Rated 1 out of 5 stars,5 fing consecutive adds what in the,5 fing consecutive adds what in the world is this spotify is going crazy with you guys you dont care anymore about the users the important thing for you is money,1
2024-11-29,They Don’t care about my asking stop taking money while I haven’t got account related to my bank card,"After 3 hours live chat and more than 20 emails for asking stop taking money from my bank card while im not related to accont which lonks to my card, still they send me more questions which doesn’t worth anything. Where is loyalty and where is customer care?I dont know,I sent payments screenshot and my bank digit numbers and everything they need , still send me email and ask more details which is nothing, what the hell is Spotify. I can’t see any Discipline and management in this company, I hope anything good happens after this review.",Rated 1 out of 5 stars,they dont care about my asking stop taking money while i havent got account related to my bank card,after 3 hours live chat and more than 20 emails for asking stop taking money from my bank card while im not related to accont which lonks to my card still they send me more questions which doesnt worth anything where is loyalty and where is customer carei dont knowi sent payments screenshot and my bank digit numbers and everything they need  still send me email and ask more details which is nothing what the hell is spotify i cant see any discipline and management in this company i hope anything good happens after this review,1
2024-11-27,Not only is Spotify so expensive not…,"Not only is Spotify so expensive not worth it at all, but their customer service team have a stinking attitude aswell? Do not bother with Spotify",Rated 1 out of 5 stars,not only is spotify so expensive not,not only is spotify so expensive not worth it at all but their customer service team have a stinking attitude aswell do not bother with spotify,1
2024-11-26,Excellent Customer Service,"I had an issue myself with redeeming a gift card for 12 months of Premium time.  I contacted customer service and they went above and beyond to sort it out for me. I am one very happy customer for their prompt and generous resolution to my problem.  Their efforts have made a big difference and I am extremely grateful to Mark, Aiman and Sally at Spotify Customer Support.",Rated 5 out of 5 stars,excellent customer service,i had an issue myself with redeeming a gift card for 12 months of premium time  i contacted customer service and they went above and beyond to sort it out for me i am one very happy customer for their prompt and generous resolution to my problem  their efforts have made a big difference and i am extremely grateful to mark aiman and sally at spotify customer support,5
2024-11-26,Spotify is Trolling its Customers,"The phone number for Spotify provided adjacent to a charge on American Express must be some sort of joke. In an hour on hold, the only people who came on the call were OTHER CUSTOMERS trying to reach the company! It is almost as if Spotify is trolling anybody foolish enough to question a charge. Disgraceful.",Rated 1 out of 5 stars,spotify is trolling its customers,the phone number for spotify provided adjacent to a charge on american express must be some sort of joke in an hour on hold the only people who came on the call were other customers trying to reach the company it is almost as if spotify is trolling anybody foolish enough to question a charge disgraceful,1
2024-11-24,I like the music platform but…,I like the music platform but unfortunately I rate it 2 star. I recently had a duo package and canceled it and purchased a family package. After that unfortunately I could not add any of my family members to it as it was claiming that each person can only be added to a package only ONCE a year. This doesn't make any sense. I want to be able to add my family members to the package that I purchased and I can't.,Rated 2 out of 5 stars,i like the music platform but,i like the music platform but unfortunately i rate it 2 star i recently had a duo package and canceled it and purchased a family package after that unfortunately i could not add any of my family members to it as it was claiming that each person can only be added to a package only once a year this doesnt make any sense i want to be able to add my family members to the package that i purchased and i cant,2
2024-11-24,do dumb,"do dumb, I’m traveling in vietnam and the stupid spotify won’t let me log it cuz “country is different that what I set up in my profile” NO SHIT?",Rated 1 out of 5 stars,do dumb,do dumb im traveling in vietnam and the stupid spotify wont let me log it cuz country is different that what i set up in my profile no shit,1
2024-11-23,Pay for premium or Spotify will deafen you,"They've done this for years now. Adverts are around 30-40% louder than the music, and headphones users are absolutely deafened after one or two songs. One of the insidious ways Spotify tries to get you to buy premium.",Rated 1 out of 5 stars,pay for premium or spotify will deafen you,theyve done this for years now adverts are around 3040 louder than the music and headphones users are absolutely deafened after one or two songs one of the insidious ways spotify tries to get you to buy premium,1
2024-11-21,Choosing a Beatles playlist,Choosing a Beatles playlist? Less than half the songs were by the Beatles. Advertising rubbish products I think as I do not listen when the adverts play. Are there negative stars this app deserves several,Rated 1 out of 5 stars,choosing a beatles playlist,choosing a beatles playlist less than half the songs were by the beatles advertising rubbish products i think as i do not listen when the adverts play are there negative stars this app deserves several,1
2024-11-20,Most ridiculous music app,Most ridiculous music app. You can't make your own music list because they start adding music they think you'll like. Trust me it's never music you like. You search for music you want to hear and they play what they want never what your searching! Biggest joke for a music app I've ever used. Pathetic,Rated 1 out of 5 stars,most ridiculous music app,most ridiculous music app you cant make your own music list because they start adding music they think youll like trust me its never music you like you search for music you want to hear and they play what they want never what your searching biggest joke for a music app ive ever used pathetic,1
2024-11-19,We recently contacted Spotify Support…,"We recently contacted Spotify Support regarding changing the country of our account after moving to another country. Despite explaining our situation, we were refused assistance multiple times. This has been very frustrating and we still don’t have a solution…for what we pay?",Rated 1 out of 5 stars,we recently contacted spotify support,we recently contacted spotify support regarding changing the country of our account after moving to another country despite explaining our situation we were refused assistance multiple times this has been very frustrating and we still dont have a solutionfor what we pay,1
2024-11-18,Spotify has ruined every single run for…,"Spotify has ruined every single run for me for the last two weeks. There is a known bug for the Apple Watch where songs repeat themselves and then, even better, the whole app freezes, so you are forced to run in silence. I am switching to Apple Music, seeing as nobody at Spotify seems to give a flying hoot about fixing this. Maybe they shouldn't have had mass lay-offs????",Rated 1 out of 5 stars,spotify has ruined every single run for,spotify has ruined every single run for me for the last two weeks there is a known bug for the apple watch where songs repeat themselves and then even better the whole app freezes so you are forced to run in silence i am switching to apple music seeing as nobody at spotify seems to give a flying hoot about fixing this maybe they shouldnt have had mass layoffs,1
2024-11-18,"I hope you don't need ""support""","We have used spotify with great pleasure for over 10 years. Sadly something happened to our account and when we tried contacting the company we got fast reply's but no cooperation on ""Spotify's"" end.  The product spotify delivers is good, but when something does not work do not expect any usefull help of them.",Rated 2 out of 5 stars,i hope you dont need support,we have used spotify with great pleasure for over 10 years sadly something happened to our account and when we tried contacting the company we got fast replys but no cooperation on spotifys end  the product spotify delivers is good but when something does not work do not expect any usefull help of them,2
2024-11-16,Spotify still not streaming at cd quality,"Spotify has a great interface that makes it easy to navigate & use, however it does still not stream at cd quality which all its major competitors now do for a similar price. It is hard to recommend a service that now seriously lags behind the market leaders for audio quality☹️.",Rated 3 out of 5 stars,spotify still not streaming at cd quality,spotify has a great interface that makes it easy to navigate  use however it does still not stream at cd quality which all its major competitors now do for a similar price it is hard to recommend a service that now seriously lags behind the market leaders for audio quality,3
2024-11-15,Disgusting customer service,"Disgusting customer service. Dreadful experience, wouldn’t waste my breath with this company. Much better alternatives available out there.",Rated 1 out of 5 stars,disgusting customer service,disgusting customer service dreadful experience wouldnt waste my breath with this company much better alternatives available out there,1
2024-11-14,Boa app para música e podcasts,No Content,Rated 5 out of 5 stars,boa app para música e podcasts,no content,5
2024-11-13,Love Spotify,"Love Spotify. I've used it daily for years now and haven't ever had any issue with it. I do pay for the subscription, but I feel that it's worth it for the amount of music that is available.",Rated 5 out of 5 stars,love spotify,love spotify ive used it daily for years now and havent ever had any issue with it i do pay for the subscription but i feel that its worth it for the amount of music that is available,5
2024-11-12,No Ads for 30 Min!!!,You get one 30 Seconds Advert that says that there will be no more ads for 30 Min. Then after 2 songs you get another 3 Adverts!  Am I missing something?,Rated 1 out of 5 stars,no ads for 30 min,you get one 30 seconds advert that says that there will be no more ads for 30 min then after 2 songs you get another 3 adverts  am i missing something,1
2024-11-12,Broken.,"Broken.  Over the last few days spotify has been completely broken if I try to play a song on the website it just keeps endlessly skipping songs without playing them. If I try on the app it just says ""spotify cant play this song right now""",Rated 1 out of 5 stars,broken,broken  over the last few days spotify has been completely broken if i try to play a song on the website it just keeps endlessly skipping songs without playing them if i try on the app it just says spotify cant play this song right now,1
2024-11-08,very frustrated with the app,"I pay a lot of money and only get access to free podcasts I can get anywhere else. The podcasts are often not in sequential order. I no longer get recommendations for podcasts that I might like based on what I listen to. I usually do not get updates as to when a new episode has been released. Spotify will often show an episode as not listened to when it was listened to and will replay it. Some series will have the latest episodes at the top of the list, other series will have the latest episodes at the bottom of the list. The entire app is a disorganised mess.",Rated 3 out of 5 stars,very frustrated with the app,i pay a lot of money and only get access to free podcasts i can get anywhere else the podcasts are often not in sequential order i no longer get recommendations for podcasts that i might like based on what i listen to i usually do not get updates as to when a new episode has been released spotify will often show an episode as not listened to when it was listened to and will replay it some series will have the latest episodes at the top of the list other series will have the latest episodes at the bottom of the list the entire app is a disorganised mess,3
2024-11-08,"THE WORST FORME OF LISTENING TO MUSIC,","THE WORST FORME OF LISTENING TO MUSIC, RATHER MUSIC DIDN EXISTED",Rated 1 out of 5 stars,the worst forme of listening to music,the worst forme of listening to music rather music didn existed,1
2024-11-08,The user interface is terrible,"The user interface is terrible, the user experience is the worst unable to look at your current album you are listening to, unable to see the queue you are going to listen to, waste of space on your home screen displaying playlist your are never gonna listen to, I'm glad I don't pay for this crap. now the album cover is always minimized, I hate it",Rated 2 out of 5 stars,the user interface is terrible,the user interface is terrible the user experience is the worst unable to look at your current album you are listening to unable to see the queue you are going to listen to waste of space on your home screen displaying playlist your are never gonna listen to im glad i dont pay for this crap now the album cover is always minimized i hate it,2
2024-11-08,No customer service to contact,No Content,Rated 1 out of 5 stars,no customer service to contact,no content,1
2024-11-08,Appalling customer support,No Content,Rated 1 out of 5 stars,appalling customer support,no content,1
2024-11-06,I’m paying for a family account on…,"I’m paying for a family account on Spotify, but it won’t let me add my son. We live in the UK but are currently on holiday in Spain, and they’re saying I can’t add him until we’re back in the UK! I want him to have his account with a playlist so he is entertained on the way back home",Rated 1 out of 5 stars,im paying for a family account on,im paying for a family account on spotify but it wont let me add my son we live in the uk but are currently on holiday in spain and theyre saying i cant add him until were back in the uk i want him to have his account with a playlist so he is entertained on the way back home,1
2024-11-04,Im litteraly going to go insane,"Im litteraly going to go insane what the actual heck. You want money to listen without ads, that's fine. Don't make me choke on 20 ads in a row just to listen to a song. Holy, I have everything saved on this app and I love it but whats the point I can litterally do the same thing on youtube for a better experice. Its glitching every 2 seconds, i get ads inbetween every single song and if i hear another thing about birthcontrol im going to fight someone. and whats the whole shuffle bs? wtf do you mean ""enjoy your music"" if i cant choose what i listen too AND i have to hear ads every time. its MY playlist shouldn't I be able to choose what I hear? OFC its fine when you're paying premium for it cause thats the whole point behind it but if someone cant why do you ahve to make the most inconvinient app EVER?",Rated 1 out of 5 stars,im litteraly going to go insane,im litteraly going to go insane what the actual heck you want money to listen without ads thats fine dont make me choke on 20 ads in a row just to listen to a song holy i have everything saved on this app and i love it but whats the point i can litterally do the same thing on youtube for a better experice its glitching every 2 seconds i get ads inbetween every single song and if i hear another thing about birthcontrol im going to fight someone and whats the whole shuffle bs wtf do you mean enjoy your music if i cant choose what i listen too and i have to hear ads every time its my playlist shouldnt i be able to choose what i hear ofc its fine when youre paying premium for it cause thats the whole point behind it but if someone cant why do you ahve to make the most inconvinient app ever,1
2024-11-01,A complete game changer that just keeps…,A complete game changer that just keeps getting better well worth the £10.99 a month its my only music streaming service now,Rated 5 out of 5 stars,a complete game changer that just keeps,a complete game changer that just keeps getting better well worth the 1099 a month its my only music streaming service now,5
2024-10-30,Game changer duck youtube premium…,Game changer duck youtube premium Spotify premium is the way forward,Rated 5 out of 5 stars,game changer duck youtube premium,game changer duck youtube premium spotify premium is the way forward,5
2024-10-29,Total parasites,Total parasites. Stolen over £100 out of my bank account for a service I never used . Free trial turned into theft out my account. Even though I opted out they just keep helping thier selfs . You've been warned. Not many have anything nice to say about this company.,Rated 1 out of 5 stars,total parasites,total parasites stolen over 100 out of my bank account for a service i never used  free trial turned into theft out my account even though i opted out they just keep helping thier selfs  youve been warned not many have anything nice to say about this company,1
2024-10-28,Absurd that you can't speak to a human…,"Absurd that you can't speak to a human when you have a problem or need assistance. I was sent to 5 different agents during my customer service, forcing me to explain my situation over and over. It took well over an hour, and my problem really wasn't resolved. Someone stole my credit card number, and spotify only refunded the last charge, rather than the multiple-months of charges that they said they would. So now I am losing out on a lot of money because I'd rather take the loss than deal with the customer service chat again! I've used spotify for years but am seriously looking into apple music. This was such a horrendously bad experience.",Rated 1 out of 5 stars,absurd that you cant speak to a human,absurd that you cant speak to a human when you have a problem or need assistance i was sent to 5 different agents during my customer service forcing me to explain my situation over and over it took well over an hour and my problem really wasnt resolved someone stole my credit card number and spotify only refunded the last charge rather than the multiplemonths of charges that they said they would so now i am losing out on a lot of money because id rather take the loss than deal with the customer service chat again ive used spotify for years but am seriously looking into apple music this was such a horrendously bad experience,1
2024-10-26,Terrible customer service!!,Terrible customer service!!! They transferred me 2 times yo talk with the bot without even asking me if i had more questions or if that resolved my issue. Which it didn't!!!! Because they don't even read what I wrote. I spent 40 minutes trying to get an assistant that actually told me some solution! Truly a nightmare!!!! And the worst is that no one will care (:,Rated 1 out of 5 stars,terrible customer service,terrible customer service they transferred me 2 times yo talk with the bot without even asking me if i had more questions or if that resolved my issue which it didnt because they dont even read what i wrote i spent 40 minutes trying to get an assistant that actually told me some solution truly a nightmare and the worst is that no one will care ,1
2024-10-24,Free trial turns to nightmare!,"I might have tried a free trial and canceled, but I have been charged for Premium since March 2024. I noticed that I was charged a couple of days ago and ignited 'chat' to fix the issue. They refuse to refund, and the agents are super rude and won't let me speak to a manager. The chat members changed, and I was online for 2 hours with no resolution.  They kept saying they were unable to offer a refund and that it was impossible. What company can't give a refund? NONE!  Anyone buying into this app is making a horrible company rich.",Rated 1 out of 5 stars,free trial turns to nightmare,i might have tried a free trial and canceled but i have been charged for premium since march 2024 i noticed that i was charged a couple of days ago and ignited chat to fix the issue they refuse to refund and the agents are super rude and wont let me speak to a manager the chat members changed and i was online for 2 hours with no resolution  they kept saying they were unable to offer a refund and that it was impossible what company cant give a refund none  anyone buying into this app is making a horrible company rich,1
2024-10-24,It’s tedious but I’ve never paid for premium,"I’ve used Spotify over 10 years! I think I’ve only paid for premium once, and that was by accident! As tedious as it is creating new email addresses, I do this every time my free trial is up. New email, different bank card = another free trial 🙌🙌 after all this time Spotify has never released what I’m doing,",Rated 5 out of 5 stars,its tedious but ive never paid for premium,ive used spotify over 10 years i think ive only paid for premium once and that was by accident as tedious as it is creating new email addresses i do this every time my free trial is up new email different bank card  another free trial  after all this time spotify has never released what im doing,5
2024-10-24,I'm done!,Today I tried to use my Spotify and listen to music. I got a message saying that my Spotify was pause. My payment is due on the 23rd which is today. The funds were not in my account but normally Spotify will give you a few days and and try to take the payment again. Well I guess they're changing things because they paused my account today. It was due today and they paused it today. They've never done that before. I'm not looking for anything free but sometimes life happens and you just don't have the funds in your account that day. I've always stuck with Spotify because of the service and the fact that if the money is not in your account they'll give you a few days before they try to pause your account. Clearly they're changing things. They don't even have a customer service phone number. They have a chat and I spoke with a agent through the chat service. The agent had the nerve to tell me the reason why my account was paused was because the payment was refused. I told the person that I saw my bank account info and it stated that the payment was declined due to insufficient funds. My point was that Spotify has never paused my account on the day that it was due even if the funds were not in my account. Normally they give you a couple days. Also they have increased the price of their service but has not increase the services that their customers are receiving. Everything is still the same but the price still goes up. I told the agent that they can keep the payment pause because I'm done with their service. I'm tired of these companies not even having a phone number for you to speak with someone. Spotify has never done this before but I guess things change. I'm very disappointed. I even told the agent that I get paid tomorrow and they can take the funds out of my account then. But to pause my account on the same day that it was due. Spotify has never done that before. Also I noticed that of lately when I play music it buffers a lot. Either way I'm done.,Rated 1 out of 5 stars,im done,today i tried to use my spotify and listen to music i got a message saying that my spotify was pause my payment is due on the 23rd which is today the funds were not in my account but normally spotify will give you a few days and and try to take the payment again well i guess theyre changing things because they paused my account today it was due today and they paused it today theyve never done that before im not looking for anything free but sometimes life happens and you just dont have the funds in your account that day ive always stuck with spotify because of the service and the fact that if the money is not in your account theyll give you a few days before they try to pause your account clearly theyre changing things they dont even have a customer service phone number they have a chat and i spoke with a agent through the chat service the agent had the nerve to tell me the reason why my account was paused was because the payment was refused i told the person that i saw my bank account info and it stated that the payment was declined due to insufficient funds my point was that spotify has never paused my account on the day that it was due even if the funds were not in my account normally they give you a couple days also they have increased the price of their service but has not increase the services that their customers are receiving everything is still the same but the price still goes up i told the agent that they can keep the payment pause because im done with their service im tired of these companies not even having a phone number for you to speak with someone spotify has never done this before but i guess things change im very disappointed i even told the agent that i get paid tomorrow and they can take the funds out of my account then but to pause my account on the same day that it was due spotify has never done that before also i noticed that of lately when i play music it buffers a lot either way im done,1
2024-10-24,A Spotify course has not been made free until the time advertised,"I was completing ""The 16 Steps to Start and Scale a Multi-Million-Pound Business by Steven Bartlett"" course which was advertised as being free to access up until today 23/10/2024, but when I tried to access the course today (23/10/2024), I was unable to access the course content for free like how I was able to yesterday.  I contacted Spotify via the chat and they just kept on changing the operator that I was talking to, every time that it became clear I was right in stating that the course should be available up until today to access for free.  I would like to make a formal complaint.  The company can improve by being true to their word and allowing a course to be free until the advertised time.",Rated 1 out of 5 stars,a spotify course has not been made free until the time advertised,i was completing the 16 steps to start and scale a multimillionpound business by steven bartlett course which was advertised as being free to access up until today 23102024 but when i tried to access the course today 23102024 i was unable to access the course content for free like how i was able to yesterday  i contacted spotify via the chat and they just kept on changing the operator that i was talking to every time that it became clear i was right in stating that the course should be available up until today to access for free  i would like to make a formal complaint  the company can improve by being true to their word and allowing a course to be free until the advertised time,1
2024-10-23,Horrible look,The new online look is horrible and why can’t I see my library what the heck this is horrible i love Spotify but come on guys,Rated 2 out of 5 stars,horrible look,the new online look is horrible and why cant i see my library what the heck this is horrible i love spotify but come on guys,2
2024-10-22,Absolutely awful emailing with help,"Absolutely awful emailing with help, used for years but now as they have taken my money and I can’t access my account is disgusting. Anything to make money. Just greed",Rated 1 out of 5 stars,absolutely awful emailing with help,absolutely awful emailing with help used for years but now as they have taken my money and i cant access my account is disgusting anything to make money just greed,1
2024-10-21,Deceptive notifications,"Deceptive notifications! I have had a premium membership for several years, and have been using Spotify’s audiobook library for about a year. Today a notification popped up telling me I had used all of my audiobook listening time and would have to either top it up, or wait a month until I got more hours. Odd, when I could access my book in progress. Well, it’s possible to check your listening time by going into your account — however, they do not make this easy or obvious — and when I did that I saw that I had used about twenty minutes of my monthly allowance of 15 hours. This is a ruse to get customers to buy more hours. Shame on you, Spotify!",Rated 1 out of 5 stars,deceptive notifications,deceptive notifications i have had a premium membership for several years and have been using spotifys audiobook library for about a year today a notification popped up telling me i had used all of my audiobook listening time and would have to either top it up or wait a month until i got more hours odd when i could access my book in progress well its possible to check your listening time by going into your account  however they do not make this easy or obvious  and when i did that i saw that i had used about twenty minutes of my monthly allowance of 15 hours this is a ruse to get customers to buy more hours shame on you spotify,1
2024-10-21,Constantly turning itself off repeat,"Constantly turning itself off repeat , I used to use it for white noise. For my BABY but thanks to Spotify randomly stopping repeat after repeating 4/5 times I've had many stressful nights re settling my baby. Thanks.",Rated 1 out of 5 stars,constantly turning itself off repeat,constantly turning itself off repeat  i used to use it for white noise for my baby but thanks to spotify randomly stopping repeat after repeating 45 times ive had many stressful nights re settling my baby thanks,1
2024-10-20,Terrible site unable to close account easily,Tried to close my account and found out it takes upto 30 days to actually finalalise closure. Additionally the hoops needed are unbelievable. First have to go to settings then account then in very small text finally close my account. When selected you are taken to a computer chat session that tried to diswade you from leaving. Carrying on with the chat to leave spotify then send an email that still tries to stop you closing the account. Finally clicking yes I want to leave it tells you it will take 7 days. What it means is that the closure process actually takes up to 30 days. DONT GO NEAR THIS SITE. It is also a wast of time emailing support I am sure you only get through to a computer as it keeps saying the same thing no matter what you tell it/ them. I asked if it was a co Peter but got the same answer that it will take 30 days to fully process the closurure. Support is it her a computer or a person working from a set script. They/it is absolutely useless and no help at all.,Rated 1 out of 5 stars,terrible site unable to close account easily,tried to close my account and found out it takes upto 30 days to actually finalalise closure additionally the hoops needed are unbelievable first have to go to settings then account then in very small text finally close my account when selected you are taken to a computer chat session that tried to diswade you from leaving carrying on with the chat to leave spotify then send an email that still tries to stop you closing the account finally clicking yes i want to leave it tells you it will take 7 days what it means is that the closure process actually takes up to 30 days dont go near this site it is also a wast of time emailing support i am sure you only get through to a computer as it keeps saying the same thing no matter what you tell it them i asked if it was a co peter but got the same answer that it will take 30 days to fully process the closurure support is it her a computer or a person working from a set script theyit is absolutely useless and no help at all,1
2024-10-20,A crap product in so many ways,"A crap product in so many ways. I keep getting ads, despite being premium. The lack of interest by customer support is palpable.  Ignore the usual boilerplate ""please reach out to support"" response, I did, they were useless",Rated 1 out of 5 stars,a crap product in so many ways,a crap product in so many ways i keep getting ads despite being premium the lack of interest by customer support is palpable  ignore the usual boilerplate please reach out to support response i did they were useless,1
2024-10-20,Awful paywall,"Awful paywall, never gonna sub again",Rated 1 out of 5 stars,awful paywall,awful paywall never gonna sub again,1
2024-10-20,Your hit with 4 30 second ads just to…,Your hit with 4 30 second ads just to listen to music for 10 minutes and have to listen to another 4 ads and I don’t feel like spending £144 or more on a premium account,Rated 1 out of 5 stars,your hit with 4 30 second ads just to,your hit with 4 30 second ads just to listen to music for 10 minutes and have to listen to another 4 ads and i dont feel like spending 144 or more on a premium account,1
2024-10-19,I loved spotify but its just to expencive now,I loved spotify but in Canada they keep raising the price per month and they have not justified it with any new better services that I care about. This last one it the straw that broke the camel's back. After seeing Amazon's price for the family and the service that copies your playlists over from one service to another. I am sadly migrating over. Between the price increases every few months and the billing system that takes payments out while you still have 15 days left on your package to trying the payment over and over incurring non stop NSF fees their $16 a month plan ends up being $250 a month quick. All over some unforeseen snafu. which happens but the early payment withdrawal can leave you completely blindsided.  I already have Prime anyway and like the amazon billing system so it makes sense to consolidate and drop my monthly expense $10 a month at the same time,Rated 2 out of 5 stars,i loved spotify but its just to expencive now,i loved spotify but in canada they keep raising the price per month and they have not justified it with any new better services that i care about this last one it the straw that broke the camels back after seeing amazons price for the family and the service that copies your playlists over from one service to another i am sadly migrating over between the price increases every few months and the billing system that takes payments out while you still have 15 days left on your package to trying the payment over and over incurring non stop nsf fees their 16 a month plan ends up being 250 a month quick all over some unforeseen snafu which happens but the early payment withdrawal can leave you completely blindsided  i already have prime anyway and like the amazon billing system so it makes sense to consolidate and drop my monthly expense 10 a month at the same time,2
2024-10-17,Not bad but could be better,Good music streaming service tho I'm not really happy with some songs being region locked,Rated 4 out of 5 stars,not bad but could be better,good music streaming service tho im not really happy with some songs being region locked,4
2024-10-16,Daylight Robbery! I wish I could give no/negative star!,"I wish I could give no star (or even negative score!). Customer service is super rude. Had been a Premium members for 10+ years. Similar to other users reported on here, they took my payment of premium membership then cut me off without any advance notice/explanation the following week. Contacted them and first agent mentioned that system has detected I am in a different country different to payment. I told them I am residing between the two countries, and still are splitting my time between two countries and had not been an issue over all these years! They cannot explain why they took my Premium membership payment and cut me off after a week, no advance notification, refuse to refund and not able to give me any timeline either. Pure Daylight Robbery! Further conversations when following up with other agents are terrible, they just cut me off in the middle. It is very frustrating and I am sure what they are doing is against the law! I would love to figure out how I can report them to an ombudsman or somewhere as the way they do business is not acceptable at all and someone must look into their license of operation or something.",Rated 1 out of 5 stars,daylight robbery i wish i could give nonegative star,i wish i could give no star or even negative score customer service is super rude had been a premium members for 10 years similar to other users reported on here they took my payment of premium membership then cut me off without any advance noticeexplanation the following week contacted them and first agent mentioned that system has detected i am in a different country different to payment i told them i am residing between the two countries and still are splitting my time between two countries and had not been an issue over all these years they cannot explain why they took my premium membership payment and cut me off after a week no advance notification refuse to refund and not able to give me any timeline either pure daylight robbery further conversations when following up with other agents are terrible they just cut me off in the middle it is very frustrating and i am sure what they are doing is against the law i would love to figure out how i can report them to an ombudsman or somewhere as the way they do business is not acceptable at all and someone must look into their license of operation or something,1
2024-10-16,This company is a joke,"This company is a joke.  I received an email last week saying my premium account is being suspended due to the fact I’m overseas (I pay from my Australian account and have been working overseas for a few months). Last Friday I was locked out of my premium account. Yesterday they had the cheek to take the monthly payment for premium out of my account. When I contacted spotifycares via fb messenger they refused to give me a refund and refused to explain why, they then promptly ignored any further messages.  Spotifycares? What a joke.  You’ve lost another customer for good.",Rated 1 out of 5 stars,this company is a joke,this company is a joke  i received an email last week saying my premium account is being suspended due to the fact im overseas i pay from my australian account and have been working overseas for a few months last friday i was locked out of my premium account yesterday they had the cheek to take the monthly payment for premium out of my account when i contacted spotifycares via fb messenger they refused to give me a refund and refused to explain why they then promptly ignored any further messages  spotifycares what a joke  youve lost another customer for good,1
2024-10-14,Horrible customer service,"Horrible customer service, the advisor logs off when they cannot resolve an issue about country settings without confirming with customer. after 12 years of being a premium customer, it is time to switch to apple music clearly.",Rated 1 out of 5 stars,horrible customer service,horrible customer service the advisor logs off when they cannot resolve an issue about country settings without confirming with customer after 12 years of being a premium customer it is time to switch to apple music clearly,1
2024-10-13,Four hours today trying to resolve sing…,"Four hours today trying to resolve sign on issues. 4 different agents, each one disconnecting when they get to the end of their standard script and realising it’s a problem they can’t solve. No point leaving reviews here is there. No one from Spotify reads them and no one looking for a music service. Just felt better",Rated 1 out of 5 stars,four hours today trying to resolve sing,four hours today trying to resolve sign on issues 4 different agents each one disconnecting when they get to the end of their standard script and realising its a problem they cant solve no point leaving reviews here is there no one from spotify reads them and no one looking for a music service just felt better,1
2024-10-12,Spotify keeps cancelling my Premium…,"Spotify keeps cancelling my Premium family account with no reason and everytime I re subscribe, they charge a full month subscription plan",Rated 1 out of 5 stars,spotify keeps cancelling my premium,spotify keeps cancelling my premium family account with no reason and everytime i re subscribe they charge a full month subscription plan,1
2024-10-12,Subscription cancelled by Spotify without refund.,"I was a Spotify Premium subscriber from 2022. I moved to different country and recently my subscription was cancelled by Spotify and reduced to the free version. 7 days before cancelling, Spotify charged me for the whole month of Premium, but when they cancelled my Premium 7 days later, they didn't refund me any money and now I am on free version, even though I've paid for a whole month. Customer support was rude and unhelpful and conversations were abruptly closed by the agent twice, without any explanation. I'll never use them again.",Rated 1 out of 5 stars,subscription cancelled by spotify without refund,i was a spotify premium subscriber from 2022 i moved to different country and recently my subscription was cancelled by spotify and reduced to the free version 7 days before cancelling spotify charged me for the whole month of premium but when they cancelled my premium 7 days later they didnt refund me any money and now i am on free version even though ive paid for a whole month customer support was rude and unhelpful and conversations were abruptly closed by the agent twice without any explanation ill never use them again,1
2024-10-12,Horrible experience - stay away from them,"Got a mail from spotify that I needed to update the payment method for my premium subscription because they claimed that the country I bought the subscription in wasn't right. This is not correct and I contacted their support to ask what to do. Support then said I could ignore the mail and that nothing would happen. A week after I got a mail that my subscription was canceled. This even before the current month paid for had ended. I contacted support again and this conversations says it all. I sent more messages after this to reclaim money for the rest of the period, but no response back:  ---- Me: Hi, I noticed that my premium subscription was cancelled because you claim that the country I bought my subscription in is not correct. I am living in Norway so it is correct. I received a mail from you earlier about this and I contacted support about this as well. The answer I got then was that I should just ignore these mails, but clearly that was not good advice. Please fix this! My account is registered with the email address: **** Thank you!  Spotify: Hi there, thanks for reaching us. Your Premium product has been cancelled as we believe the country you bought your plan in wasn’t right. To keep listening on Premium, add a payment method that’s valid in the country you’re streaming from. To find out more click here: *** We hope you understand.  Me: Can you please give me more constructive support? You are just repeating what already has been claimed.  Me: This is not right - I am living in Norway and I can prove it if you want.  Spotify: We understand your concern, we don't have much information to share about this info. We hope you understand. -----",Rated 1 out of 5 stars,horrible experience  stay away from them,got a mail from spotify that i needed to update the payment method for my premium subscription because they claimed that the country i bought the subscription in wasnt right this is not correct and i contacted their support to ask what to do support then said i could ignore the mail and that nothing would happen a week after i got a mail that my subscription was canceled this even before the current month paid for had ended i contacted support again and this conversations says it all i sent more messages after this to reclaim money for the rest of the period but no response back   me hi i noticed that my premium subscription was cancelled because you claim that the country i bought my subscription in is not correct i am living in norway so it is correct i received a mail from you earlier about this and i contacted support about this as well the answer i got then was that i should just ignore these mails but clearly that was not good advice please fix this my account is registered with the email address  thank you  spotify hi there thanks for reaching us your premium product has been cancelled as we believe the country you bought your plan in wasnt right to keep listening on premium add a payment method thats valid in the country youre streaming from to find out more click here  we hope you understand  me can you please give me more constructive support you are just repeating what already has been claimed  me this is not right  i am living in norway and i can prove it if you want  spotify we understand your concern we dont have much information to share about this info we hope you understand ,1
2024-10-11,Thieves,"I have been a paid customer for years - Family Plan. They suddenly decided that they think I am not in a country they think I am. Even though I provided them with proof of address and bank details, there is no one to talk to. I also asked them to provide me with proof of their claims. No response. Support is a joke. They just end the conversation in the middle of conversation. Let me check that for you and end. And they took my money, the same they did to other here as I see. They should be reported to EU regulator, because they are violating customer rights. I encourage everybody to report them, because it is the only way to stop them from robbing people without consequence.",Rated 1 out of 5 stars,thieves,i have been a paid customer for years  family plan they suddenly decided that they think i am not in a country they think i am even though i provided them with proof of address and bank details there is no one to talk to i also asked them to provide me with proof of their claims no response support is a joke they just end the conversation in the middle of conversation let me check that for you and end and they took my money the same they did to other here as i see they should be reported to eu regulator because they are violating customer rights i encourage everybody to report them because it is the only way to stop them from robbing people without consequence,1
2024-10-11,Customer service chat is all AI bots,"Customer service is all 'AI' - using the term loosely because it's not intelligent at all. It can't look at images you send, so I don't know why they have an image attachment button on the chat. As the images provide context for the problem at hand, there's no resolution since it can't understand your words either. It says when you join the chat that there will be a review / survey at the end, but there never is because when you click 'no' to 'did we solve your problem?' it just connects you with another bot. Spent almost 1.5 hours talking to bots before I realised! The initial problem I went to look for help with that I still have: They kept emailing asking for me to update my payment method/country or my account would be cancelled. I did that, received the Duo Premium welcome email and small card check fee, and then on the deadline day they cancelled my Premium anyway.",Rated 1 out of 5 stars,customer service chat is all ai bots,customer service is all ai  using the term loosely because its not intelligent at all it cant look at images you send so i dont know why they have an image attachment button on the chat as the images provide context for the problem at hand theres no resolution since it cant understand your words either it says when you join the chat that there will be a review  survey at the end but there never is because when you click no to did we solve your problem it just connects you with another bot spent almost 15 hours talking to bots before i realised the initial problem i went to look for help with that i still have they kept emailing asking for me to update my payment methodcountry or my account would be cancelled i did that received the duo premium welcome email and small card check fee and then on the deadline day they cancelled my premium anyway,1
2024-10-11,Spotify are robbing thieves,"My spotify was set up in a different country as I lived abroad, I am currently at home for a family emergency and have been for the past few months, I continued paying spotify every month for the last few months. They emailed me telling me my account would be cancelled in 30 days, then 7 days if i did not update my account. I went into my account and updated it and everything was ok, They then charged my premium on 5th of october and cancelled my plan on 11th october and will not talk to me when i try to send them messages explaining what has happened they have just cut me off, told me they cannot help me and cut off the chat. This has happened 4 different times with 4 different agents. They are all so rude, they do not provide any customer service at all and they have ROBBED my money from my account. All i want is my money back at this stage. I will be moving to apple music. I DO NOT RECOMMEND SPOTIFY WHEN THERE IS AN ISSUE NO ONE WANTS TO HELP. I WILL BE TAKING THIS FURTHER",Rated 1 out of 5 stars,spotify are robbing thieves,my spotify was set up in a different country as i lived abroad i am currently at home for a family emergency and have been for the past few months i continued paying spotify every month for the last few months they emailed me telling me my account would be cancelled in 30 days then 7 days if i did not update my account i went into my account and updated it and everything was ok they then charged my premium on 5th of october and cancelled my plan on 11th october and will not talk to me when i try to send them messages explaining what has happened they have just cut me off told me they cannot help me and cut off the chat this has happened 4 different times with 4 different agents they are all so rude they do not provide any customer service at all and they have robbed my money from my account all i want is my money back at this stage i will be moving to apple music i do not recommend spotify when there is an issue no one wants to help i will be taking this further,1
2024-10-08,Poor advertising of basic plan,"Poor advertising of basic plan. A few months ago Spotify premium increased its price, along with now including audiobooks. I never listen to audiobooks but my premium subscription increased in price, leading to me finding a cheaper alternative to stream music (apple music). Now I've just found out that the Spotify basic plan is the same price as the apple music one, just without audiobooks included. I wouldn't have switched over if I knew that.",Rated 3 out of 5 stars,poor advertising of basic plan,poor advertising of basic plan a few months ago spotify premium increased its price along with now including audiobooks i never listen to audiobooks but my premium subscription increased in price leading to me finding a cheaper alternative to stream music apple music now ive just found out that the spotify basic plan is the same price as the apple music one just without audiobooks included i wouldnt have switched over if i knew that,3
2024-10-07,buggy and the removal of hearts was dumb,"Extremely buggy and slow, hearts being removed has ruined my liked playlist as I always accidentally press the ""x"" in my notifications and I cannot easily see what songs I have already liked in my shazam playlist (the app that listens to music currently playing and adds it to a spotify playlist), I also constantly play the wrong versions too. it's also ridiculous that you put the price up just because you added audiobooks, I don't use podcasts nevermind audiobooks especially since I don't believe it comes with subtitles which I need as well even if I did want to use it. I don't think this app deserves 1 star but I expected hearts to be brought back because you really didn't need to replace it, the ""x"" and hearts can both fit. there was so much backlash, people who used to just listen to their liked songs had to create playlists as it was less convenient to like them (I know when you first press the ""x"" it will automatically like but many people already have songs saved into playlists like shazam or ones that are like a watchlist but for music so you have to type in ""liked"" to add it to liked songs). the lack of information on spotify wrapped is such a disappointment, we wait a whole year just for the top 5 artists, songs and that's really it besides the boring information that means nothing. where's the amount of skips I've done? the song that I skipped the most? top 5 genres instead of just the top one? as everything metal, punk, emo, ect all fall into rock most of the time. Besides for discover weekly (which I've heard isn't good either but it's worked okay for me) everything else is awful for discovering new music, the new ai playlist feuture doesn't give you new stuff if you tell it too unless it's some obscure genre that I rarely listen to. spotify dj is also not bad but it took about a year just for the uk to get it so I never used it much as the hype wore off way before it released and I was just so frustrated by things always releasing here late that I didn't want to use it. one more thing, it's impossible to organise playlists unless you're on pc, it takes so long to bring a song from the bottom to the top (approximately anywhere between 20 seconds to around 2 minutes).",Rated 1 out of 5 stars,buggy and the removal of hearts was dumb,extremely buggy and slow hearts being removed has ruined my liked playlist as i always accidentally press the x in my notifications and i cannot easily see what songs i have already liked in my shazam playlist the app that listens to music currently playing and adds it to a spotify playlist i also constantly play the wrong versions too its also ridiculous that you put the price up just because you added audiobooks i dont use podcasts nevermind audiobooks especially since i dont believe it comes with subtitles which i need as well even if i did want to use it i dont think this app deserves 1 star but i expected hearts to be brought back because you really didnt need to replace it the x and hearts can both fit there was so much backlash people who used to just listen to their liked songs had to create playlists as it was less convenient to like them i know when you first press the x it will automatically like but many people already have songs saved into playlists like shazam or ones that are like a watchlist but for music so you have to type in liked to add it to liked songs the lack of information on spotify wrapped is such a disappointment we wait a whole year just for the top 5 artists songs and thats really it besides the boring information that means nothing wheres the amount of skips ive done the song that i skipped the most top 5 genres instead of just the top one as everything metal punk emo ect all fall into rock most of the time besides for discover weekly which ive heard isnt good either but its worked okay for me everything else is awful for discovering new music the new ai playlist feuture doesnt give you new stuff if you tell it too unless its some obscure genre that i rarely listen to spotify dj is also not bad but it took about a year just for the uk to get it so i never used it much as the hype wore off way before it released and i was just so frustrated by things always releasing here late that i didnt want to use it one more thing its impossible to organise playlists unless youre on pc it takes so long to bring a song from the bottom to the top approximately anywhere between 20 seconds to around 2 minutes,1
2024-10-06,A bunch of inexperienced muppets,"A bunch of inexperienced muppets, that cannot resolve a single issue a real human being needs helping with.",Rated 1 out of 5 stars,a bunch of inexperienced muppets,a bunch of inexperienced muppets that cannot resolve a single issue a real human being needs helping with,1
2024-10-06,Premium Subscriber - but still subjected to Adds,"Having been a Spotify Premium subscriber for some years now, I was pleased to see it expand more into Podcasts. They have however now decided to pepper podcasts with adds. Having recently raised the Premium subscription price, you do not expect to have adds as a Premium subscriber. Very disappointing - will move back to Apple Podcasts as there is no difference, other than a better interface with Apple Podcase App.",Rated 2 out of 5 stars,premium subscriber  but still subjected to adds,having been a spotify premium subscriber for some years now i was pleased to see it expand more into podcasts they have however now decided to pepper podcasts with adds having recently raised the premium subscription price you do not expect to have adds as a premium subscriber very disappointing  will move back to apple podcasts as there is no difference other than a better interface with apple podcase app,2
2024-10-05,What a horrible company,"What a horrible company. Given it's election time, not only are they playing ads on one side, which makes them bias, but no matter how many times you give a thumbs down and click not relevant, they continue to push their bias. Their job is music streaming, not political ideology to their preferred candidate. When I had enough and reached out to support, all they did was close the chat. Ive terminated my accoun. It's time for them to sink",Rated 1 out of 5 stars,what a horrible company,what a horrible company given its election time not only are they playing ads on one side which makes them bias but no matter how many times you give a thumbs down and click not relevant they continue to push their bias their job is music streaming not political ideology to their preferred candidate when i had enough and reached out to support all they did was close the chat ive terminated my accoun its time for them to sink,1
2024-10-04,Had 3 months of free premium…,Had 3 months of free premium subscription but Spotify cancelled it in 1 month,Rated 1 out of 5 stars,had 3 months of free premium,had 3 months of free premium subscription but spotify cancelled it in 1 month,1
2024-10-03,Fraudulent Behaviour,"When an org. acts disreputably then a negative review is warranted. Spotify offer a generous 3month free trial of their premium offering, so I signed up. Not before providing bank details (silly me) after 30 days they started billing claiming I had signed up for a 30day trial. No billing agreement was sent so it was impossible to dispute. I was informed of a “no refund policy” & PayPal couldn’t help. A small amount of $ involved but we must multiply that by however many others have been likewise defrauded. Unlikely that I am the sole victim.",Rated 1 out of 5 stars,fraudulent behaviour,when an org acts disreputably then a negative review is warranted spotify offer a generous 3month free trial of their premium offering so i signed up not before providing bank details silly me after 30 days they started billing claiming i had signed up for a 30day trial no billing agreement was sent so it was impossible to dispute i was informed of a no refund policy  paypal couldnt help a small amount of  involved but we must multiply that by however many others have been likewise defrauded unlikely that i am the sole victim,1
2024-10-02,Pish I remember the day we got our…,Pish I remember the day we got our playlist on and offline for free with this app now they want to charge people fekn liability 🤡 I can get my music for free else where stick it up yer shitter c##nts,Rated 1 out of 5 stars,pish i remember the day we got our,pish i remember the day we got our playlist on and offline for free with this app now they want to charge people fekn liability  i can get my music for free else where stick it up yer shitter cnts,1
2024-10-01,can't listen to anything without having…,can't listen to anything without having upgraded to pro,Rated 4 out of 5 stars,cant listen to anything without having,cant listen to anything without having upgraded to pro,4
2024-10-01,AWFUL Family Plan and Customer Service,"The Spotify customer service for the Family Plan is absolutely shocking. I spoke with over 8 customer service people, who repeatedly provided me with the same unhelpful answer, that I should open a personal account, without an explanation as to why I could not rejoin the Family Plan after a short trip abroad. I fit the criteria for the family plan, and therefore should be able to join it using the invite link. I have also repeatedly asked for the customer service survey link, which has been ignored. I have repeatedly asked for a support email that is not the generic email, and I have been ignored. My entire family will be moving away from Spotify after this experience. Really awful customer service.",Rated 1 out of 5 stars,awful family plan and customer service,the spotify customer service for the family plan is absolutely shocking i spoke with over 8 customer service people who repeatedly provided me with the same unhelpful answer that i should open a personal account without an explanation as to why i could not rejoin the family plan after a short trip abroad i fit the criteria for the family plan and therefore should be able to join it using the invite link i have also repeatedly asked for the customer service survey link which has been ignored i have repeatedly asked for a support email that is not the generic email and i have been ignored my entire family will be moving away from spotify after this experience really awful customer service,1
2024-09-30,Ads ads ads and hardly any music,"Currently on the free version. ""Enjoy 30 minutes of ad free music"". Yeah right. Spotify does not know how time works. Easily 5 - 6 ads in less than an hour if you are lucky, otherwise it almost sounds like an ad streaming service. Used to have premium but after this not sure will ever go back to a paid subscription as it is not worth helping to keep them in business.",Rated 1 out of 5 stars,ads ads ads and hardly any music,currently on the free version enjoy 30 minutes of ad free music yeah right spotify does not know how time works easily 5  6 ads in less than an hour if you are lucky otherwise it almost sounds like an ad streaming service used to have premium but after this not sure will ever go back to a paid subscription as it is not worth helping to keep them in business,1
2024-09-29,Best app,Best app! My music partner❤️,Rated 5 out of 5 stars,best app,best app my music partner,5
2024-09-24,Decent price BUT TRASH AUTOPLAY,"Decent price, good listening price, TRASH, MINDNUMBINGLY GARBAGE AUTOPLAY. I SEARCH A SONG I LIKE, NEXT SONGS ARE ALWAYS THE SAME!!!!!!!!!!!!!!!!!!!!!!!!!!!!!!!!!!!!!!!!!!!!! ITS BEEN 2 YEARS!",Rated 2 out of 5 stars,decent price but trash autoplay,decent price good listening price trash mindnumbingly garbage autoplay i search a song i like next songs are always the same its been 2 years,2
2024-09-23,Horrific Family account policies,"Who the hell do you think you're removing members from my family account and not letting them back for 12 months just because they didn't respond to an email for 7 days?  It's my account, I can decide who to let in or out. Time to move away after 7 years.",Rated 1 out of 5 stars,horrific family account policies,who the hell do you think youre removing members from my family account and not letting them back for 12 months just because they didnt respond to an email for 7 days  its my account i can decide who to let in or out time to move away after 7 years,1
2024-09-22,Horrible evil corporation,"They used to notify you in the app explicitly that price is rising. And usually it was 1 euro more. This time they didnt notify me in the app but sent a sneaky email which was obviously left unnoticed. Price increased 3 euros more! It is insane, knowing that they barely pay artists for streams. Their support was awful, firstly they didnt even know about increase and told me to contact the bank about it, because they told its tax. Later they told me to choose plan which has only music in it, which i was interested in, but then they told its not available in my region! Why to offer such things, if its not available for me? Horrible knowledge of support, have to wait very long for their answers for nothing. Going to switch to apple music, as their plan is much cheaper",Rated 1 out of 5 stars,horrible evil corporation,they used to notify you in the app explicitly that price is rising and usually it was 1 euro more this time they didnt notify me in the app but sent a sneaky email which was obviously left unnoticed price increased 3 euros more it is insane knowing that they barely pay artists for streams their support was awful firstly they didnt even know about increase and told me to contact the bank about it because they told its tax later they told me to choose plan which has only music in it which i was interested in but then they told its not available in my region why to offer such things if its not available for me horrible knowledge of support have to wait very long for their answers for nothing going to switch to apple music as their plan is much cheaper,1
2024-09-22,not good,without premium i am told i can listen for 30 mins of music after the break but instead i get adds in between every song or if i’m lucky after 2 songs . all lies and i never get to listen to music for long,Rated 1 out of 5 stars,not good,without premium i am told i can listen for 30 mins of music after the break but instead i get adds in between every song or if im lucky after 2 songs  all lies and i never get to listen to music for long,1
2024-09-22,They play the same political ad over…,"They play the same political ad over and over again, it is so ridiculous and the ad they play is not even factual. Too bad they are just selling ads for the money and not true information",Rated 1 out of 5 stars,they play the same political ad over,they play the same political ad over and over again it is so ridiculous and the ad they play is not even factual too bad they are just selling ads for the money and not true information,1
2024-09-21,Moved from Thailand to UK,Moved from Thailand to UK. Had an account for years. One payment failed during relocation. Trying to fix it was like swimming in treacle. Gave up and just cancelled everything.!,Rated 1 out of 5 stars,moved from thailand to uk,moved from thailand to uk had an account for years one payment failed during relocation trying to fix it was like swimming in treacle gave up and just cancelled everything,1
2024-09-20,Would give zero stars if I could and to…,"Would give zero stars if I could and to pay pal  I tried to cancel at end of free month, however every time I went into it, it said you have no subscriptions. And Free. After logging into my account.  I then noticed 11.99 came out of my bank via the pay pal pre approval method.  I immediately cancelled through PayPal not realising I could do this also at the time.  Spotify then said they couldn’t find my account or email even though I explained you are contacting me via my email?  I spoke to many different people who said no you have no subscriptions past or present.  So why the charge ? If even you couldn’t cancel. Pay pal would not refund me saying you have had the service (even though I have explained I didn’t want it)  SCAM! Impossible to cancel then get charged !",Rated 1 out of 5 stars,would give zero stars if i could and to,would give zero stars if i could and to pay pal  i tried to cancel at end of free month however every time i went into it it said you have no subscriptions and free after logging into my account  i then noticed 1199 came out of my bank via the pay pal pre approval method  i immediately cancelled through paypal not realising i could do this also at the time  spotify then said they couldnt find my account or email even though i explained you are contacting me via my email  i spoke to many different people who said no you have no subscriptions past or present  so why the charge  if even you couldnt cancel pay pal would not refund me saying you have had the service even though i have explained i didnt want it  scam impossible to cancel then get charged ,1
2024-09-20,Premium still has ads,Premium still has ads. I pay to not listen to ads. Spotify made podcasts still have ads. This is a bad way to treat your customers. I tried to complain. I got put through to a bot. Don’t bother with them,Rated 1 out of 5 stars,premium still has ads,premium still has ads i pay to not listen to ads spotify made podcasts still have ads this is a bad way to treat your customers i tried to complain i got put through to a bot dont bother with them,1
2024-09-19,I cancelled Spotify for the same reason…,"I cancelled Spotify for the same reason almost everyone else is, the price hikes are ridiculous!! Just like so many other streaming services raising their prices and losing customers. And of course the other huge reason people are cancelling Spotify and so many other services would be the non existent customer support. Surely all these companies must realize by now how fed up and frustrated we are with the zero support we are getting from these clueless phone and chat reps. We are getting the run around on purpose, constantly being transferred from one person to another being forced to repeat our issues over and over because they don't communicate with each other, they just pass you to someone else because they have no interest in helping you and don't have the knowledge or skills to help. As far as the quality of the music on Spotify Premium, it is fine. it sounds great on all my devices. But so does Youtube and so many other place to get free music. I am going to stop complaining and go dust off my vinyl records.",Rated 1 out of 5 stars,i cancelled spotify for the same reason,i cancelled spotify for the same reason almost everyone else is the price hikes are ridiculous just like so many other streaming services raising their prices and losing customers and of course the other huge reason people are cancelling spotify and so many other services would be the non existent customer support surely all these companies must realize by now how fed up and frustrated we are with the zero support we are getting from these clueless phone and chat reps we are getting the run around on purpose constantly being transferred from one person to another being forced to repeat our issues over and over because they dont communicate with each other they just pass you to someone else because they have no interest in helping you and dont have the knowledge or skills to help as far as the quality of the music on spotify premium it is fine it sounds great on all my devices but so does youtube and so many other place to get free music i am going to stop complaining and go dust off my vinyl records,1
2024-09-17,Spotify has failed,They have introduced adverts and are now controlling what is played. Thats rubbish and I will delete the App. Poor and annoying.,Rated 1 out of 5 stars,spotify has failed,they have introduced adverts and are now controlling what is played thats rubbish and i will delete the app poor and annoying,1
2024-09-16,"Quite good, but a lot of issues need fixing still","I feel like we’re giving Spotify a hard time on here for things that aren’t entirely fair, or at least not that relevant.  The main argument for Spotify, which is what puts it over it’s competitors like Tidal, Apple Music and Deezer, is simply it’s algorithm. If there is one thing they do well, it is putting people onto good music, and in my opinion, that is one of the main tasks a service like Spotify needs to accomplish.  That being said, there are a few very good reasons, especially with recent adjustments, that bitter the taste a bit. One thing, that I as a musician myself have to point out immediately, is the fact that they pay the artists very poorly. About half of what Apple Music pays per stream.  I also feel like it should be quite possible for Spotify to compete with the likes of Tidal in high quality audio, which is one of Tidal’s key advantages.  Political correctness, in censoring Rechts-Rock, could also be taken a bit more seriously, as Deezer is showing off.  The new day-lists are a very good addition in my opinion, however I would prefer if the algorithm would still favor music of artists I already enjoy and listen to regularly on the main page, rather than highest selling releases, regardless of genre and likeness to my taste.  Also, please make the new music tab more quickly accessible again. You had that down previously, why did you change it?  All in all, I’m sitting somewhere around a 3,5. As of now, I’m willing to lean towards 4, but I’m unsure how long these factors can be left untreated until that changes. One competitor adjusting it’s algorithm, could be all it takes before people really start leaving, and it feels like they aren’t aware enough of that.",Rated 4 out of 5 stars,quite good but a lot of issues need fixing still,i feel like were giving spotify a hard time on here for things that arent entirely fair or at least not that relevant  the main argument for spotify which is what puts it over its competitors like tidal apple music and deezer is simply its algorithm if there is one thing they do well it is putting people onto good music and in my opinion that is one of the main tasks a service like spotify needs to accomplish  that being said there are a few very good reasons especially with recent adjustments that bitter the taste a bit one thing that i as a musician myself have to point out immediately is the fact that they pay the artists very poorly about half of what apple music pays per stream  i also feel like it should be quite possible for spotify to compete with the likes of tidal in high quality audio which is one of tidals key advantages  political correctness in censoring rechtsrock could also be taken a bit more seriously as deezer is showing off  the new daylists are a very good addition in my opinion however i would prefer if the algorithm would still favor music of artists i already enjoy and listen to regularly on the main page rather than highest selling releases regardless of genre and likeness to my taste  also please make the new music tab more quickly accessible again you had that down previously why did you change it  all in all im sitting somewhere around a 35 as of now im willing to lean towards 4 but im unsure how long these factors can be left untreated until that changes one competitor adjusting its algorithm could be all it takes before people really start leaving and it feels like they arent aware enough of that,4
2024-09-16,I upgraded to dual package and to my…,I upgraded to dual package and to my surprise they created a brand new account and have been charging me for both for 15 months. They are refusing to give me a refund!! £165 stolen from me!,Rated 1 out of 5 stars,i upgraded to dual package and to my,i upgraded to dual package and to my surprise they created a brand new account and have been charging me for both for 15 months they are refusing to give me a refund 165 stolen from me,1
2024-09-16,Their support really sucks I’ve tried…,Their support really sucks I’ve tried to make them change country so that I can connect to my husbands family plan several times. He’s been in touch with them to. I think we have spent to much money on a plan we don’t use. I’m so disappointed,Rated 1 out of 5 stars,their support really sucks ive tried,their support really sucks ive tried to make them change country so that i can connect to my husbands family plan several times hes been in touch with them to i think we have spent to much money on a plan we dont use im so disappointed,1
2024-09-15,Spotify has gone to crap it’s so…,Spotify has gone to garbage it’s so expensive compared to other music streaming apps like sound cloud. Free Spotify is so bad you can’t even chose what songs you want to listen to it’s a joke. Free sound cloud you can chose your songs and get half the amount of adds,Rated 1 out of 5 stars,spotify has gone to crap its so,spotify has gone to garbage its so expensive compared to other music streaming apps like sound cloud free spotify is so bad you cant even chose what songs you want to listen to its a joke free sound cloud you can chose your songs and get half the amount of adds,1
2024-09-14,Signed up for the family plan,"Signed up for the family plan. Yet Spotify despite taking the subscription won't allow family members to join. Very happy to take the money, but not to fulfil their obligations. Customer service is appalling, they struggle to understand the situation, and seem unable and unwilling to help, absolutely dismal. David Curran",Rated 1 out of 5 stars,signed up for the family plan,signed up for the family plan yet spotify despite taking the subscription wont allow family members to join very happy to take the money but not to fulfil their obligations customer service is appalling they struggle to understand the situation and seem unable and unwilling to help absolutely dismal david curran,1
2024-09-12,The absolute worst customer service in…,The absolute worst customer service in the world. I’ve reported an issue whereby I’ve shown them explicit content being readily available to children on their platform and they simply refuse to do anything about it. They literally don’t care. I’ve been waiting for nearly 20 minutes for their agent to read the case notes! The absolute worst to deal with,Rated 1 out of 5 stars,the absolute worst customer service in,the absolute worst customer service in the world ive reported an issue whereby ive shown them explicit content being readily available to children on their platform and they simply refuse to do anything about it they literally dont care ive been waiting for nearly 20 minutes for their agent to read the case notes the absolute worst to deal with,1
2024-09-11,Broken system,"I didn't add a card to my account, but the last card I used was charged. Besides, technical support just takes people's time.",Rated 1 out of 5 stars,broken system,i didnt add a card to my account but the last card i used was charged besides technical support just takes peoples time,1
2024-09-11,Always been a decent service for me,Always been a decent service for me. I like the ability to create playlists.,Rated 5 out of 5 stars,always been a decent service for me,always been a decent service for me i like the ability to create playlists,5
2024-09-08,Heads Up for artists,"For over three years a wretched bunch of spammers called wavr.ai have been putting thousands of independent artists' tunes at a time on fake stream playlists without their knowledge or consent. They do this to drum up business for their scam promotional services.  This has been happening in plain sight, so how does Spotify finally ""address"" the problem? By blaming the artists, fining them and kicking them off the platform. Meanwhile wavr under all it's various guises and respawns sails on untouched.  The best thing that could happen to music would be for this horrible company to either go under or be forced by some outside power to treat artists fairly.",Rated 1 out of 5 stars,heads up for artists,for over three years a wretched bunch of spammers called wavrai have been putting thousands of independent artists tunes at a time on fake stream playlists without their knowledge or consent they do this to drum up business for their scam promotional services  this has been happening in plain sight so how does spotify finally address the problem by blaming the artists fining them and kicking them off the platform meanwhile wavr under all its various guises and respawns sails on untouched  the best thing that could happen to music would be for this horrible company to either go under or be forced by some outside power to treat artists fairly,1
2024-09-07,Love the podcasts selection,"Love the podcasts selection, it keeps me entertained all day.",Rated 4 out of 5 stars,love the podcasts selection,love the podcasts selection it keeps me entertained all day,4
2024-09-06,15 hour limit,"You want £240 a year for the family package and then put a 15 hour limit on listening to audiobooks, even if I download the audiobooks.  No way Spotify, now your just taking the p1$$.",Rated 1 out of 5 stars,15 hour limit,you want 240 a year for the family package and then put a 15 hour limit on listening to audiobooks even if i download the audiobooks  no way spotify now your just taking the p1,1
2024-09-06,UNBELIEVABLY BAD SERVICE,My father has a monthly subscription with Spotify and is now in a care home with dementia. I have been trying to cancel the subscription but I do not know his log in details. Unbelievably they will only cancel it if I can log on to his account. So at the moment in a time of stress and worry I’ve been told my father has to continue the monthly payments until he dies !!!!!! This is unacceptable ……. No resolve given to me !!,Rated 1 out of 5 stars,unbelievably bad service,my father has a monthly subscription with spotify and is now in a care home with dementia i have been trying to cancel the subscription but i do not know his log in details unbelievably they will only cancel it if i can log on to his account so at the moment in a time of stress and worry ive been told my father has to continue the monthly payments until he dies  this is unacceptable  no resolve given to me ,1
2024-09-04,spotify's algorithms know my music…,spotify's algorithms know my music taste better than I do,Rated 5 out of 5 stars,spotifys algorithms know my music,spotifys algorithms know my music taste better than i do,5
2024-09-03,Can't log in,Can't log in. Lost my account. it's just useless.,Rated 1 out of 5 stars,cant log in,cant log in lost my account its just useless,1
2024-09-02,Epileptics go elsewhere,Spotify took a monthly payment without consent. I suffer from severe epileptic seizures and having been trying to close the account. They keep asking for a merchant number which I have never been provided with. Looks like we will have to stop this unauthorised payment another way.,Rated 1 out of 5 stars,epileptics go elsewhere,spotify took a monthly payment without consent i suffer from severe epileptic seizures and having been trying to close the account they keep asking for a merchant number which i have never been provided with looks like we will have to stop this unauthorised payment another way,1
2024-09-02,I cancelled my subscription but they…,I cancelled my subscription but they still charged me,Rated 1 out of 5 stars,i cancelled my subscription but they,i cancelled my subscription but they still charged me,1
2024-09-01,Bad move Spotify!,"Considering closing down my payment for your service. I have been here for years, but your app keeps getting worse, like your app can't identify bands who happens to have the same band name. Besides that I listen to The The almost every day, but there has been any information about their upcoming tour, which I will miss because all is sold out. I am on a waiting list, so I hope that there is a ticket for me 🤞 Thanks for nothing Spotify! I will find another place to hear my music in the future!",Rated 1 out of 5 stars,bad move spotify,considering closing down my payment for your service i have been here for years but your app keeps getting worse like your app cant identify bands who happens to have the same band name besides that i listen to the the almost every day but there has been any information about their upcoming tour which i will miss because all is sold out i am on a waiting list so i hope that there is a ticket for me  thanks for nothing spotify i will find another place to hear my music in the future,1
2024-08-31,Epileptics beware,"Would give zero stars if I could. The new UI is horrific, stressful on the eyes and not at all usable. I don't want a tiny short videos playing simultaneously. Who thought that was a good idea? I want the playlists and artists and podcasts and audio books I am currently listening to within easy reach LIKE THEY WERE BEFORE. If you're gonna make sh***y decisions, at least give us the option to choose whether we want to join you in the hellscape you've created or not.",Rated 1 out of 5 stars,epileptics beware,would give zero stars if i could the new ui is horrific stressful on the eyes and not at all usable i dont want a tiny short videos playing simultaneously who thought that was a good idea i want the playlists and artists and podcasts and audio books i am currently listening to within easy reach like they were before if youre gonna make shy decisions at least give us the option to choose whether we want to join you in the hellscape youve created or not,1
2024-08-30,officially crossed the line,"recently, this month, it's lost the only thing & reason people actually use it for. now i can't select your songs for free unless i pay. i understand that spotify needs the money, but this is making lots of people delete the app instead. i know this because people said so in the reviews and all my friends have switched to YouTube and soundcloud.",Rated 1 out of 5 stars,officially crossed the line,recently this month its lost the only thing  reason people actually use it for now i cant select your songs for free unless i pay i understand that spotify needs the money but this is making lots of people delete the app instead i know this because people said so in the reviews and all my friends have switched to youtube and soundcloud,1
2024-08-28,I like Spotify a lot,I like Spotify a lot. Personally I use this app and I’d recommend it to everyone simply because there are no advertisements unlike in u-tube where there’s a lot interruptions in between and not only do I get to listen to music but also listen to podcasts I give Spotify 10/10,Rated 5 out of 5 stars,i like spotify a lot,i like spotify a lot personally i use this app and id recommend it to everyone simply because there are no advertisements unlike in utube where theres a lot interruptions in between and not only do i get to listen to music but also listen to podcasts i give spotify 1010,5
2024-08-28,Never worked,Never worked ! did not work on my I phone13,Rated 1 out of 5 stars,never worked,never worked  did not work on my i phone13,1
2024-08-28,Smart shuffle just killed my listening…,"Smart shuffle just killed my listening experience. Its turned on every bloody time, and when listening on Chromecast I cant seem to turn it off. Im paying for this service, so allow me to use it the way I want!",Rated 2 out of 5 stars,smart shuffle just killed my listening,smart shuffle just killed my listening experience its turned on every bloody time and when listening on chromecast i cant seem to turn it off im paying for this service so allow me to use it the way i want,2
2024-08-28,spotify good apple music bad,"I use spotify everyday.I love spotify because those reasons.First, my favorite football team Barcalona sponsor is spotify so I use it.Second,I can found every songs on this app not only America music, I can listen podcast too.Last, I can create now playlist with my friends.",Rated 5 out of 5 stars,spotify good apple music bad,i use spotify everydayi love spotify because those reasonsfirst my favorite football team barcalona sponsor is spotify so i use itsecondi can found every songs on this app not only america music i can listen podcast toolast i can create now playlist with my friends,5
2024-08-27,One time I got hacked by some company…,"One time I got hacked by some company I'm assuming that arranges plays for small artists, they deleted the listening history on my spotify but unfortunately for them I also scrobble my music via last.fm, so it wasn't difficult to figure out which artist was cheating. I confronted the artist about it, they acted like I was someone they knew and was trying to sabotage them (aka they have issues with multiple people, seems healthy). I reported the abuse, to the point of actually talking to a human at spotify and they said they would get right on it and remove the artist/user. They didn't. After I told the artist that I'd report them they also let that same company/person try to hack my paypall account, also passed that along to spotify, still didn't remove the artist. Crummy company, terrible customer service, and I'm left with a lot of gray songs in my lists.",Rated 1 out of 5 stars,one time i got hacked by some company,one time i got hacked by some company im assuming that arranges plays for small artists they deleted the listening history on my spotify but unfortunately for them i also scrobble my music via lastfm so it wasnt difficult to figure out which artist was cheating i confronted the artist about it they acted like i was someone they knew and was trying to sabotage them aka they have issues with multiple people seems healthy i reported the abuse to the point of actually talking to a human at spotify and they said they would get right on it and remove the artistuser they didnt after i told the artist that id report them they also let that same companyperson try to hack my paypall account also passed that along to spotify still didnt remove the artist crummy company terrible customer service and im left with a lot of gray songs in my lists,1
2024-08-25,They started well but suck big time these days,"I was with Spotify for a few years but had to cancel, I’ve several devices that used my account one of which hadn’t connected for a while. Despite changing the password successfully after thirty minutes of trying and acknowledging the email confirmation that the password had been changed and ignore the email if it was me, a short while later I got another email (apparently automated) suggesting that suspicious activity was identified and I was kicked off my account and only given the option to change my password again.  Enough to say this then lead to a few issues once again with some devices not connecting again and telling me my new forced password wasn’t correct. The only advice from support was that they were trying to ensure my account security but I should stop using my vpn. They couldn’t give me any reassurance that I wouldn’t get another email about suspicious activity and be kicked out of my devices once again.  The service has been getting worse in general for a while and just is not worth the expense or my time anymore.  Avoid like the plague.",Rated 1 out of 5 stars,they started well but suck big time these days,i was with spotify for a few years but had to cancel ive several devices that used my account one of which hadnt connected for a while despite changing the password successfully after thirty minutes of trying and acknowledging the email confirmation that the password had been changed and ignore the email if it was me a short while later i got another email apparently automated suggesting that suspicious activity was identified and i was kicked off my account and only given the option to change my password again  enough to say this then lead to a few issues once again with some devices not connecting again and telling me my new forced password wasnt correct the only advice from support was that they were trying to ensure my account security but i should stop using my vpn they couldnt give me any reassurance that i wouldnt get another email about suspicious activity and be kicked out of my devices once again  the service has been getting worse in general for a while and just is not worth the expense or my time anymore  avoid like the plague,1
2024-08-22,Such a crap company,"Such a crap company. If I didn’t have all my own playlists there, I would already leave. At first they tried to make payment one time at 2AM when I was sleeping, which didn’t work because I store my money in Revolut vaults to have better overview over my finances. After this, they blocked my premium account and thus all my downloaded tracks disappeared from the memory. I woke up willing to pay it manually and discovered this. I have several thousand tracks and paid extra 30€ for the internet data to be able to download those tracks on the airport, all for nothing. You owe me money.  Second thing is that with my second account, Spotify wants to constantly charge me and until now, I couldn’t even access this account to cancel it because their links for reseting password are not working and 9 out of 10 I don’t receive them.",Rated 1 out of 5 stars,such a crap company,such a crap company if i didnt have all my own playlists there i would already leave at first they tried to make payment one time at 2am when i was sleeping which didnt work because i store my money in revolut vaults to have better overview over my finances after this they blocked my premium account and thus all my downloaded tracks disappeared from the memory i woke up willing to pay it manually and discovered this i have several thousand tracks and paid extra 30 for the internet data to be able to download those tracks on the airport all for nothing you owe me money  second thing is that with my second account spotify wants to constantly charge me and until now i couldnt even access this account to cancel it because their links for reseting password are not working and 9 out of 10 i dont receive them,1
2024-08-21,Do not subscribe no refund policy is their policy,No refund policy is b.s I’m so upset,Rated 1 out of 5 stars,do not subscribe no refund policy is their policy,no refund policy is bs im so upset,1
2024-08-21,I would like the service to get a bit…,I would like the service to get a bit cheaper...,Rated 3 out of 5 stars,i would like the service to get a bit,i would like the service to get a bit cheaper,3
2024-08-20,"Renewed subscription while on vacation, can't change country now","I had to renew my subscription while on vacation, after doing so, my Spotify Duo premium has no stopped working for my wife as ""She's in the wrong country"" whenever she tries to use the link to join our Duo account we've been using for months. After contacting support, they basically offered NO help to remedy the situation, and repeatedly told me to ""just let the subscription run out & then you can update"" Which means that I can only use 50% of the service that I am currently paying for at Spotify.com - Horrible support experience.",Rated 1 out of 5 stars,renewed subscription while on vacation cant change country now,i had to renew my subscription while on vacation after doing so my spotify duo premium has no stopped working for my wife as shes in the wrong country whenever she tries to use the link to join our duo account weve been using for months after contacting support they basically offered no help to remedy the situation and repeatedly told me to just let the subscription run out  then you can update which means that i can only use 50 of the service that i am currently paying for at spotifycom  horrible support experience,1
2024-08-20,Its ok,"Its ok. the ads arent too frequent, unlikie youtube. but the american accents can be really irritating. sometimes the tracks dotn play. the censorship isnt too bad. so much, much better than youtube. but at least YT the tacks do play . spotify has a flaw where you click on soemthing and nothing happens",Rated 3 out of 5 stars,its ok,its ok the ads arent too frequent unlikie youtube but the american accents can be really irritating sometimes the tracks dotn play the censorship isnt too bad so much much better than youtube but at least yt the tacks do play  spotify has a flaw where you click on soemthing and nothing happens,3
2024-08-18,Why so difficult?,"Attempted to change who the account holder is, so my partner could access the free audiobooks.It was the most frustrating,convoluted process to do so.I gave up in the end - so that’s a subscription lost for Spotify!",Rated 1 out of 5 stars,why so difficult,attempted to change who the account holder is so my partner could access the free audiobooksit was the most frustratingconvoluted process to do soi gave up in the end  so thats a subscription lost for spotify,1
2024-08-17,My account got hacked and I can’t…,"My account got hacked and I can’t access the email I used to log in anymore I did email contact part and was useless and I had so many songs favourited was even on a free Spotify premium trial glad I didn’t go all way long then re pay for it now, f this app.",Rated 1 out of 5 stars,my account got hacked and i cant,my account got hacked and i cant access the email i used to log in anymore i did email contact part and was useless and i had so many songs favourited was even on a free spotify premium trial glad i didnt go all way long then re pay for it now f this app,1
2024-08-17,I've got charged even I don't have an…,I've got charged even I don't have an account on Spotify. I contacted Spotify. I have all proof on conversation.,Rated 1 out of 5 stars,ive got charged even i dont have an,ive got charged even i dont have an account on spotify i contacted spotify i have all proof on conversation,1
2024-08-16,Solid app does what it promises,Solid app does what it promises,Rated 3 out of 5 stars,solid app does what it promises,solid app does what it promises,3
2024-08-16,Spotify is extremely unethical,Spotify is extremely unethical. They processed payment on my account 21 times in less than 24 hours. Customer support did not once acknowledge this once in my interaction with them even though it was my only query.,Rated 1 out of 5 stars,spotify is extremely unethical,spotify is extremely unethical they processed payment on my account 21 times in less than 24 hours customer support did not once acknowledge this once in my interaction with them even though it was my only query,1
2024-08-15,Kicked out of my premium membership but still paying,"My boyfriend and I share a premium subscription. After a few notifications on my phone that I need to check my address, which on my phone led me nowhere, my account simply got removed from our shared account. This happened within 7 days from receiving the first notification.  Now we are still paying together, but only my partner has the premium account.  When we tried to reach out we were sent to a forum which simply states that failing to adjust your adres leads you to be unable to join a subscription for 12 months (!).  Switching to a different provider has never been so tempting.",Rated 1 out of 5 stars,kicked out of my premium membership but still paying,my boyfriend and i share a premium subscription after a few notifications on my phone that i need to check my address which on my phone led me nowhere my account simply got removed from our shared account this happened within 7 days from receiving the first notification  now we are still paying together but only my partner has the premium account  when we tried to reach out we were sent to a forum which simply states that failing to adjust your adres leads you to be unable to join a subscription for 12 months   switching to a different provider has never been so tempting,1
2024-08-15,Spotify is forcing musical taste on you,"Since some updates you are not able to find all new releases under new releases. Even in a a search results will bring up mostly “new stuff” from your own country/region. Absolutely shamefull. Under new releases all new releases based on date should be found, and a search function within this “new releases” should be available, so one is able to find new work from favorite artists or from totally unknown to this person. Spotify is actively making the world smaller minded and less diverse.",Rated 1 out of 5 stars,spotify is forcing musical taste on you,since some updates you are not able to find all new releases under new releases even in a a search results will bring up mostly new stuff from your own countryregion absolutely shamefull under new releases all new releases based on date should be found and a search function within this new releases should be available so one is able to find new work from favorite artists or from totally unknown to this person spotify is actively making the world smaller minded and less diverse,1
2024-08-15,Audiobooks experience is awful,"Good for music, awful for audio books, locked to family members etc is absolutely terrible",Rated 2 out of 5 stars,audiobooks experience is awful,good for music awful for audio books locked to family members etc is absolutely terrible,2
2024-08-14,Cannot terminate Spotify account,"I have a free Spotify account. I want to leave spotify and cancel my account - but it seems there is no way you can cease being a member. Tried every possible search word in help pages including ""leave spotify"" ""terminate"" etc. Ridiculous. I just have to delete the app from my desktop and phones - but I feel vulnerable my account still active and open to being misused.",Rated 1 out of 5 stars,cannot terminate spotify account,i have a free spotify account i want to leave spotify and cancel my account  but it seems there is no way you can cease being a member tried every possible search word in help pages including leave spotify terminate etc ridiculous i just have to delete the app from my desktop and phones  but i feel vulnerable my account still active and open to being misused,1
2024-08-13,Always plays the wrong song,"Always plays the wrong song, apparently it's the intentional behavior  Absolutely ridiculous, just use YT Music",Rated 1 out of 5 stars,always plays the wrong song,always plays the wrong song apparently its the intentional behavior  absolutely ridiculous just use yt music,1
2024-08-13,Best service out there for music!,Best service out there for music!,Rated 5 out of 5 stars,best service out there for music,best service out there for music,5
2024-08-13,"Worst support, its a shame.",They close conversations without finish the topic or answer the questions.,Rated 1 out of 5 stars,worst support its a shame,they close conversations without finish the topic or answer the questions,1
2024-08-11,Something weird going on with Spotify . . .,"Something weird going on with Spotify . . . I've been an artist on Spotify for years, 20+ of my tracks are featured there, but suddenly they started with a seemingly fanatical purging of tracks they suspect are using ""artificial streaming"". This has now happened to me multiple times . . . just to be clear, I HAVE NOT BEEN USING ARTIFICIAL STREAMING. Contacting customer support is hopeless, the instant I try to ask about this situation, the chat session is immediately closed without further explanation. It's now become a huge hassle, having to go back to distributors, explain that Spotify has made some sort of mistake, and convince them to resend my tracks back to Spotify. I understand fake streams with bots has become a problem, but Spotify is really making a huge mistake with their overly zealous purging of content. My material is synth instrumentals, the stream numbers are actually quite small compared to many other artists, why they would single me out for such extreme scrutiny is mysterious. Many other artists have been recently experiencing the same troubles with Spotify.",Rated 2 out of 5 stars,something weird going on with spotify   ,something weird going on with spotify    ive been an artist on spotify for years 20 of my tracks are featured there but suddenly they started with a seemingly fanatical purging of tracks they suspect are using artificial streaming this has now happened to me multiple times    just to be clear i have not been using artificial streaming contacting customer support is hopeless the instant i try to ask about this situation the chat session is immediately closed without further explanation its now become a huge hassle having to go back to distributors explain that spotify has made some sort of mistake and convince them to resend my tracks back to spotify i understand fake streams with bots has become a problem but spotify is really making a huge mistake with their overly zealous purging of content my material is synth instrumentals the stream numbers are actually quite small compared to many other artists why they would single me out for such extreme scrutiny is mysterious many other artists have been recently experiencing the same troubles with spotify,2
2024-08-08,Spotify deleting small artists music…,"First off all I must say that it is a well-functioning, clear app. (For the biggest part)  Unfortunately they took one of my songs offline due to fake streams. Fake streams from the US while I make music in my native language: (Dutch). This is therefore of no use to me other than the number (which is about +- 2k streams). I didn't use any weird promotional tools or request or pay for any third-party playlists. Many small artists have the same problems. (You can see it on youtube) Random people test and/or place bots on your music. Then Spotify just deletes your music without any proof that you bought these fake streams.  My distributor (Distrokid) doesn't do anything about it either. It's the second time I've been added to a weird playlist and I didn't choose for it. They told me that if you see any strange activity, to report it to Distrokid immediately. But before I could even do anything, my music was already deleted. (This is because I was on vacation and didn't keep an eye on my songs for a few weeks).  In my opinion Spotify is responsible for this. They need to punish the guy who makes these weird playlists. Not the artist who didn't ask/pay for it.  It is sad that the opposite of the law applies here. Guilty until proven innocent.  I speak on behalf of many artists who have the same problem. I pay a lot of money to have 1 song online. 300+ euro. You think I'll risk all this for just 2k (fake) streams? While I have already achieved 10k+ organically on 1 song? It's time to work on this! Now you can punish every small artist by throwing/having fake streams thrown on there song(s). And it just gets deleted.  Spotify i know its frustrating that people pay for fake streams. That doesn’t mean everyone is buying them or have control on it…",Rated 1 out of 5 stars,spotify deleting small artists music,first off all i must say that it is a wellfunctioning clear app for the biggest part  unfortunately they took one of my songs offline due to fake streams fake streams from the us while i make music in my native language dutch this is therefore of no use to me other than the number which is about  2k streams i didnt use any weird promotional tools or request or pay for any thirdparty playlists many small artists have the same problems you can see it on youtube random people test andor place bots on your music then spotify just deletes your music without any proof that you bought these fake streams  my distributor distrokid doesnt do anything about it either its the second time ive been added to a weird playlist and i didnt choose for it they told me that if you see any strange activity to report it to distrokid immediately but before i could even do anything my music was already deleted this is because i was on vacation and didnt keep an eye on my songs for a few weeks  in my opinion spotify is responsible for this they need to punish the guy who makes these weird playlists not the artist who didnt askpay for it  it is sad that the opposite of the law applies here guilty until proven innocent  i speak on behalf of many artists who have the same problem i pay a lot of money to have 1 song online 300 euro you think ill risk all this for just 2k fake streams while i have already achieved 10k organically on 1 song its time to work on this now you can punish every small artist by throwinghaving fake streams thrown on there songs and it just gets deleted  spotify i know its frustrating that people pay for fake streams that doesnt mean everyone is buying them or have control on it,1
2024-08-07,Avoid avoid avoid they took 2 payments…,Avoid avoid avoid they took 2 payments without me signing up or getting there service and they will not give me a refund I have to contact the bank to cancel their payments which I did not sign up to the went through my email be very careful not an honest company jt look at the reviews,Rated 1 out of 5 stars,avoid avoid avoid they took 2 payments,avoid avoid avoid they took 2 payments without me signing up or getting there service and they will not give me a refund i have to contact the bank to cancel their payments which i did not sign up to the went through my email be very careful not an honest company jt look at the reviews,1
2024-08-06,The only music service without Hi-fi…,The only music service without Hi-fi quality. At least YouTube has music videos & is cheaper while Spotify just has audio.,Rated 1 out of 5 stars,the only music service without hifi,the only music service without hifi quality at least youtube has music videos  is cheaper while spotify just has audio,1
2024-08-04,Spotify is amazing and free,Spotify is absolutely amazing and free. The App is incredible. Just want to thank them for providing such a platform which gives such joy. It’s rare. I do not pay for premium but listen to their music daily. It’s an incredible service. Thank you Spotify!,Rated 5 out of 5 stars,spotify is amazing and free,spotify is absolutely amazing and free the app is incredible just want to thank them for providing such a platform which gives such joy its rare i do not pay for premium but listen to their music daily its an incredible service thank you spotify,5
2024-08-02,No Refunds,"I was charged after doing a free trial, and received no notification about it coming due or anything. When calling to ask for a refund because it was not wanted, I was told they do not offer refunds.",Rated 2 out of 5 stars,no refunds,i was charged after doing a free trial and received no notification about it coming due or anything when calling to ask for a refund because it was not wanted i was told they do not offer refunds,2
2024-08-01,Any Family Account or Family Premium Account and it has no protection for Teens,"We signed up on Family Premium account. Hoping that it would be family friendly and able to protectmy teen from garbage music . To my discovery that all adult content restrictions means nothing , even though I placed all restrictions ""ON"". My son could still accsess from his account , hundreds of podcasts , audios and stories that were highly graphic with sexual content that teens should not be able to accsess. First I thought I'll report them one by one but realised that there were so much material, listed that it would take me years to report. So it was not worth even trying. Having my son exposed under the impresion that he will be safe was a lie and I had to ban him from spotify completely.  This was just like watching porn , but just audiable version . When I reached out to them and looked at their community chats , I discovered that this was an issue back in 2019 and parents was requesting an update or safety protocols introduced but to date 2024 ,still have done nothing to introduce safety protocols for teens. Very disappointing and notvreccomending this for families who has young kids or teens.  I've attached a screenshot of their content and display options , and ticking explicit content to be oOff. Is a joke . It means nothing.  It's a complete disgrace and I do not reccomend spotify at all to any teen or family account , hi hope to protect teens and young kids",Rated 1 out of 5 stars,any family account or family premium account and it has no protection for teens,we signed up on family premium account hoping that it would be family friendly and able to protectmy teen from garbage music  to my discovery that all adult content restrictions means nothing  even though i placed all restrictions on my son could still accsess from his account  hundreds of podcasts  audios and stories that were highly graphic with sexual content that teens should not be able to accsess first i thought ill report them one by one but realised that there were so much material listed that it would take me years to report so it was not worth even trying having my son exposed under the impresion that he will be safe was a lie and i had to ban him from spotify completely  this was just like watching porn  but just audiable version  when i reached out to them and looked at their community chats  i discovered that this was an issue back in 2019 and parents was requesting an update or safety protocols introduced but to date 2024 still have done nothing to introduce safety protocols for teens very disappointing and notvreccomending this for families who has young kids or teens  ive attached a screenshot of their content and display options  and ticking explicit content to be ooff is a joke  it means nothing  its a complete disgrace and i do not reccomend spotify at all to any teen or family account  hi hope to protect teens and young kids,1
2024-07-25,Shocking service,"My husband has had Spotify premium for years. I bought it as a surprise birthday gift and had my son organised it from his email address. Two weeks ago we started getting ads, can't get into playlists etc. Was online to them for an hour and a half (because of course they don't want you to speak to a real person) and although they agree that we have a Direct debit coming out for £11.99 each month, they claim that we are paying for my son to have Premium. This mythical Premium account does not however exist, as my son's login shows a basic, free Spotify account. They cannot understand why I am angry about paying £11.99 for no one to have Premium. Customer service is shocking. The supervisor simply repeated, many times, what I had already been told. No recourse to doing anything else. Don't go near them. Now cancelled.",Rated 1 out of 5 stars,shocking service,my husband has had spotify premium for years i bought it as a surprise birthday gift and had my son organised it from his email address two weeks ago we started getting ads cant get into playlists etc was online to them for an hour and a half because of course they dont want you to speak to a real person and although they agree that we have a direct debit coming out for 1199 each month they claim that we are paying for my son to have premium this mythical premium account does not however exist as my sons login shows a basic free spotify account they cannot understand why i am angry about paying 1199 for no one to have premium customer service is shocking the supervisor simply repeated many times what i had already been told no recourse to doing anything else dont go near them now cancelled,1
2024-07-23,Don't sign up for their family plan,"Don't sign up for their family plan, they can't verify that my wife and me lives at the same address, the customer support is useless....",Rated 1 out of 5 stars,dont sign up for their family plan,dont sign up for their family plan they cant verify that my wife and me lives at the same address the customer support is useless,1
2024-07-23,No availability,Unfortunately Spotify is more interested about politics than music removing musicians from Russia because they been told by the EU. Waste of money to pay for something you can’t rely on.,Rated 1 out of 5 stars,no availability,unfortunately spotify is more interested about politics than music removing musicians from russia because they been told by the eu waste of money to pay for something you cant rely on,1
2024-07-21,My music pauses - painful app,When playing Spotify music you cannot play any other app without the enjoyment of playing your music being paused which kills the whole point of chilling and scrolling through anything else you may want to co-enjoy! Stupid Spotify is a useless App! Undoubtedly great for your music but that's all your allowed to enjoy. God forbid if you want to use any other App which may have video / sounds.,Rated 2 out of 5 stars,my music pauses  painful app,when playing spotify music you cannot play any other app without the enjoyment of playing your music being paused which kills the whole point of chilling and scrolling through anything else you may want to coenjoy stupid spotify is a useless app undoubtedly great for your music but thats all your allowed to enjoy god forbid if you want to use any other app which may have video  sounds,2
2024-07-21,Spotify Duo Verification method isn’t fit for purpose,I like Spotify but I can only use the free version.  For the past 3 years my husband has been paying for Spotify Duo and during those years I’ve never been able to login to it. Why? Because Spotify uses Google Maps to identify that we live in the same house. We’ve been living here for 21 years. I can provide proof of address or any other method of proof. Google Maps is not fit for purpose. It doesn’t even have our street let alone our village or house. If you’re going to sell a product then you should at least allow alternative methods of proof beyond something which is useless.  I’ve tried contacting Spotify about 50 times I’ve tried all sorts of ways of making this work. It’s a waste of my time and a waste of my husbands money.  Why don’t you at least make an effort to rectify this Spotify?  3 years and still waiting….,Rated 1 out of 5 stars,spotify duo verification method isnt fit for purpose,i like spotify but i can only use the free version  for the past 3 years my husband has been paying for spotify duo and during those years ive never been able to login to it why because spotify uses google maps to identify that we live in the same house weve been living here for 21 years i can provide proof of address or any other method of proof google maps is not fit for purpose it doesnt even have our street let alone our village or house if youre going to sell a product then you should at least allow alternative methods of proof beyond something which is useless  ive tried contacting spotify about 50 times ive tried all sorts of ways of making this work its a waste of my time and a waste of my husbands money  why dont you at least make an effort to rectify this spotify  3 years and still waiting,1
2024-07-18,We are very sastified with Spotify for…,We are very sastified with Spotify for our listening experience. But the best part is my debit card was hacked and I’d been paying for someone else’s Spotify for a year and a half. We contacted Spotify and they refunded all of the money that was stolen from us without any problems! Thank you Spotify you will always have us as customers!,Rated 5 out of 5 stars,we are very sastified with spotify for,we are very sastified with spotify for our listening experience but the best part is my debit card was hacked and id been paying for someone elses spotify for a year and a half we contacted spotify and they refunded all of the money that was stolen from us without any problems thank you spotify you will always have us as customers,5
2024-07-15,I wish Spotify would jog on and stick…,I wish Spotify would go and stick their suggestions up the CEO's a**. I used to have premium even then it would switch back to suggested.,Rated 1 out of 5 stars,i wish spotify would jog on and stick,i wish spotify would go and stick their suggestions up the ceos a i used to have premium even then it would switch back to suggested,1
2024-07-15,I’ve been using Spotify for a while…,"I’ve been using Spotify for a while now, and it’s a great platform overall. The music library is vast, and the recommendations are usually spot on. However, if you don’t have a premium account, the experience is quite frustrating. Regular users face many limitations: you can’t play specific songs, you’re limited in how many times you can skip tracks, and every song is accompanied by an ad. Without premium, Spotify feels very restrictive and less enjoyable.",Rated 2 out of 5 stars,ive been using spotify for a while,ive been using spotify for a while now and its a great platform overall the music library is vast and the recommendations are usually spot on however if you dont have a premium account the experience is quite frustrating regular users face many limitations you cant play specific songs youre limited in how many times you can skip tracks and every song is accompanied by an ad without premium spotify feels very restrictive and less enjoyable,2
2024-07-14,Premium Duo campaign,"We bought a recent Premium Duo campaign Spotify announced on MAY 15 2024 for the same price as our current subscription (Premium Individual) for the first 2 months.  We were charged the full price (149 DKK) the first 2 months and requested a refund of the price difference, which Spotify declined.  The campaign offered the same price as our current subscription (Premium Individuel 109 DKK) when we placed the order for Premium Duo.  The campaign did not indicate in any way that if you previously have had Premium Duo this campaign would not be valid for you.  I cannot reminisce that I've had Premium Duo previously. Neither indicate the order history on my account. Spotify refused to send us documentation on that.  I find their service exceptional unprofessional and unacceptable not to accommodate our request for a refund and find it necessary to switch to another music streaming service and placing this review for this lack of service.",Rated 1 out of 5 stars,premium duo campaign,we bought a recent premium duo campaign spotify announced on may 15 2024 for the same price as our current subscription premium individual for the first 2 months  we were charged the full price 149 dkk the first 2 months and requested a refund of the price difference which spotify declined  the campaign offered the same price as our current subscription premium individuel 109 dkk when we placed the order for premium duo  the campaign did not indicate in any way that if you previously have had premium duo this campaign would not be valid for you  i cannot reminisce that ive had premium duo previously neither indicate the order history on my account spotify refused to send us documentation on that  i find their service exceptional unprofessional and unacceptable not to accommodate our request for a refund and find it necessary to switch to another music streaming service and placing this review for this lack of service,1
2024-07-14,I've been Spotify for over 2 years now…,"I've been Spotify for over 2 years now and it's been amazing, idk why it has such bad reviews...",Rated 5 out of 5 stars,ive been spotify for over 2 years now,ive been spotify for over 2 years now and its been amazing idk why it has such bad reviews,5
2024-07-12,Surprised by the rating,"I don't know why it has such low rating! Honestly, Spotify has been amazing for me. I love personalizing my playlists, podcasts; getting recommendations; and, being able to download the playlist for when I travel by car and have no signal for wifi. I haven't had any glitches or fails. The price seems fair as well, especially the family one. We've all been enjoying it.",Rated 5 out of 5 stars,surprised by the rating,i dont know why it has such low rating honestly spotify has been amazing for me i love personalizing my playlists podcasts getting recommendations and being able to download the playlist for when i travel by car and have no signal for wifi i havent had any glitches or fails the price seems fair as well especially the family one weve all been enjoying it,5
2024-07-11,Spotify,"Cancelled my premium subscription about a week ago knowing that I didn’t have enough in bank to cover this and other bills and my next bill would have been 11/07/24 but somehow spotify had taken it today the 11th for £11,99 so i went back on my account it was still active so I cancelled it again with my partner checking to see that I cancelled it again.I contacted spotify by text and spoke to a Glen he said there’s nothing on your account that I cancelled it over a week ago and had no proof either,so i said to him can you check that i have cancelled it ten minutes ago.No he text back nothing has come up on your account,i mean really obviously something wrong with their systems he had to cancel it for me at he’s end im so angry I know I cancelled it over a week ago,i know I won’t get my money back and to be honest I don’t think i will ever use spotify again!!!!!",Rated 2 out of 5 stars,spotify,cancelled my premium subscription about a week ago knowing that i didnt have enough in bank to cover this and other bills and my next bill would have been 110724 but somehow spotify had taken it today the 11th for 1199 so i went back on my account it was still active so i cancelled it again with my partner checking to see that i cancelled it againi contacted spotify by text and spoke to a glen he said theres nothing on your account that i cancelled it over a week ago and had no proof eitherso i said to him can you check that i have cancelled it ten minutes agono he text back nothing has come up on your accounti mean really obviously something wrong with their systems he had to cancel it for me at hes end im so angry i know i cancelled it over a week agoi know i wont get my money back and to be honest i dont think i will ever use spotify again,2
2024-07-24,Screws Artists,- Screws artists - Price increases with no improvements - Crap bit-rates for audio - Buggy and overly bloated app on Windows and Android,Rated 1 out of 5 stars,screws artists, screws artists  price increases with no improvements  crap bitrates for audio  buggy and overly bloated app on windows and android,1
2024-07-05,I pay and still get sponsored content,I pay and still get sponsored content What is the point of a subscription if I get commercial content,Rated 1 out of 5 stars,i pay and still get sponsored content,i pay and still get sponsored content what is the point of a subscription if i get commercial content,1
2024-07-04,Yes apart from the price,"As a satisfied spotify user, I thought I should write a review to counteract all the negative ones. I used Amazon prime music for years untill they decided to charge extra for this service, and although I was reasonably happy with them I did have problems with the app freezing and not working sometimes. Since I've gone over to Spotify the operation of their app has been faultless and I am very happy with them. My only gripe is the cost!....two increases within 12 months! I have downgraded my sub by £1 per month by deleating the audio book facility but spotify need to be careful and not think they are invincible as there are other providers who we can turn to.",Rated 4 out of 5 stars,yes apart from the price,as a satisfied spotify user i thought i should write a review to counteract all the negative ones i used amazon prime music for years untill they decided to charge extra for this service and although i was reasonably happy with them i did have problems with the app freezing and not working sometimes since ive gone over to spotify the operation of their app has been faultless and i am very happy with them my only gripe is the costtwo increases within 12 months i have downgraded my sub by 1 per month by deleating the audio book facility but spotify need to be careful and not think they are invincible as there are other providers who we can turn to,4
2024-07-03,"poor customer service, not reliable product",I bought audiobook top up hours that magically disappeared. Customer service kept me on chat for 45 mins wasting my time and did nothing. Even though it was a simple thing to correct and clear I has not used up my listening time.,Rated 1 out of 5 stars,poor customer service not reliable product,i bought audiobook top up hours that magically disappeared customer service kept me on chat for 45 mins wasting my time and did nothing even though it was a simple thing to correct and clear i has not used up my listening time,1
2024-06-30,slow in webbrowser,No Content,Rated 1 out of 5 stars,slow in webbrowser,no content,1
2024-06-29,They are a bunch of scammers. Song removed for no reason,"They are a bunch of scammers and people who don't know how to work and create injustices. What happened to me is clearly evident proof that to work at Spotify, you must have such a low IQ that you commit injustices and remove songs without any reason. These Spotify scammers accused me of creating artificial views when they added me without my consent to a playlist with fake visits from Finland. My song is Italian, there is no reason to obtain artificial views, and moreover, I create music out of passion. The only playlist I had asked to be included in for a trial was Distrokid's wheel of fortune, and imagine if I would pay for a song that I created using artificial intelligence and that is also terrible. These people accused me of paying for artificial views. The views come from Finland, and I have never met a Finn who speaks Italian. I'm sorry for those who have fallen into this scam, which is clearly Spotify's, and who make a living from music, but my demonstration is overwhelming proof that Spotify is a scam and that they remove songs without any reason, just to pretend to do something. What useless people work in there. Go ahead and ban me from Spotify, I don't care at all, because if you accuse honest people of manipulating visits, I can't imagine how many injustices they commit every day. If anyone needs witnesses to prove that they are scammers, I am available because I do not tolerate injustices like these. Congratulations Spotify for proving that you are worth less than zero.",Rated 1 out of 5 stars,they are a bunch of scammers song removed for no reason,they are a bunch of scammers and people who dont know how to work and create injustices what happened to me is clearly evident proof that to work at spotify you must have such a low iq that you commit injustices and remove songs without any reason these spotify scammers accused me of creating artificial views when they added me without my consent to a playlist with fake visits from finland my song is italian there is no reason to obtain artificial views and moreover i create music out of passion the only playlist i had asked to be included in for a trial was distrokids wheel of fortune and imagine if i would pay for a song that i created using artificial intelligence and that is also terrible these people accused me of paying for artificial views the views come from finland and i have never met a finn who speaks italian im sorry for those who have fallen into this scam which is clearly spotifys and who make a living from music but my demonstration is overwhelming proof that spotify is a scam and that they remove songs without any reason just to pretend to do something what useless people work in there go ahead and ban me from spotify i dont care at all because if you accuse honest people of manipulating visits i cant imagine how many injustices they commit every day if anyone needs witnesses to prove that they are scammers i am available because i do not tolerate injustices like these congratulations spotify for proving that you are worth less than zero,1
2024-06-28,It’s mid,"It’s alright, I mean the syncing of the lyrics of the songs is horrible.",Rated 2 out of 5 stars,its mid,its alright i mean the syncing of the lyrics of the songs is horrible,2
2024-06-28,Suscribed to 2 months free - got 2 minutes,"Suscribed to 2 months free trial, got charged 2 minutes later, 2 months in advance. Spent 1h24mn with help advisors sending me from pillar to post trying to convince me that, despite today's date being June 27, I had already enjoyed the month of July free trial and although I had been charged from the word go, my free trial was coming next month 😂. I have the entire lunatic transcript. I finally lost hope talking to a sensible ""advisor"", kissed my £11.99 (free) trial goodbye, cancelled my subscription with Spotify and will look for another provider",Rated 1 out of 5 stars,suscribed to 2 months free  got 2 minutes,suscribed to 2 months free trial got charged 2 minutes later 2 months in advance spent 1h24mn with help advisors sending me from pillar to post trying to convince me that despite todays date being june 27 i had already enjoyed the month of july free trial and although i had been charged from the word go my free trial was coming next month  i have the entire lunatic transcript i finally lost hope talking to a sensible advisor kissed my 1199 free trial goodbye cancelled my subscription with spotify and will look for another provider,1
2024-06-27,Ligeglad med kunderne / They dont care (english below),"Jeg har et familie-abonnement hos Spotify. Men alle familiemedlemmer bliver slettet, for ikke at reagere på en mail, som vi ikke kan finde ved nærmere undersøgelser (måske er den endt i spam - men det kan vi ikke se). Jeg har været loyal kunde i årevis, men ser nu efter alternativer.  Det er meget at forvente, at emails sendt direkte til børn blandt hundredevis af spammails om nye udgivelser af musik, rent faktisk læses aktivt. Hvorfor sender de ikke bare til ejeren af familieabonnementet - mig?  Edit: kundeservice (kun på engelsk, og ikke til at finde på den danske version af hjemmesiden) har sagt, at de vil løse problemet. Men stadig spild af flere timer over flere dage, og en rigtig træls kundeoplevelse. ---  I have a family subscription with Spotify. However, all family members are being removed for not responding to an email, which we couldn't find upon closer inspection (maybe it ended up in spam - but we can't see it). I have been a loyal customer for years, but I am now looking for alternatives.  It is a lot to expect that emails sent directly to children among hundreds of spam emails about new music releases are actually read actively. Why don't they just send them to the owner of the family subscription - me?  Edit: Customer service (only in English, and not available on the Danish version of the website) has said they will solve the problem. But still, it has wasted several hours over several days and resulted in a really bad customer experience.",Rated 1 out of 5 stars,ligeglad med kunderne  they dont care english below,jeg har et familieabonnement hos spotify men alle familiemedlemmer bliver slettet for ikke at reagere på en mail som vi ikke kan finde ved nærmere undersøgelser måske er den endt i spam  men det kan vi ikke se jeg har været loyal kunde i årevis men ser nu efter alternativer  det er meget at forvente at emails sendt direkte til børn blandt hundredevis af spammails om nye udgivelser af musik rent faktisk læses aktivt hvorfor sender de ikke bare til ejeren af familieabonnementet  mig  edit kundeservice kun på engelsk og ikke til at finde på den danske version af hjemmesiden har sagt at de vil løse problemet men stadig spild af flere timer over flere dage og en rigtig træls kundeoplevelse   i have a family subscription with spotify however all family members are being removed for not responding to an email which we couldnt find upon closer inspection maybe it ended up in spam  but we cant see it i have been a loyal customer for years but i am now looking for alternatives  it is a lot to expect that emails sent directly to children among hundreds of spam emails about new music releases are actually read actively why dont they just send them to the owner of the family subscription  me  edit customer service only in english and not available on the danish version of the website has said they will solve the problem but still it has wasted several hours over several days and resulted in a really bad customer experience,1
2024-06-27,"""1 month Premium for 0€"" ? 🤔","""1 month Premium for 0€"" says the email I got from Spotify. After logging to subscribe, I got the message that I'm not eligible for this benefit. Amazing customer experience. 🤦‍♂️",Rated 1 out of 5 stars,1 month premium for 0  ,1 month premium for 0 says the email i got from spotify after logging to subscribe i got the message that im not eligible for this benefit amazing customer experience ,1
2024-06-26,The family plan assumes that all people…,"The family plan assumes that all people live and die in the same country, living in the same place all the time together and their support is complete crap",Rated 1 out of 5 stars,the family plan assumes that all people,the family plan assumes that all people live and die in the same country living in the same place all the time together and their support is complete crap,1
2024-06-26,Highway robbery is too positive a description,"I was listening to a book and 7 minutes before the end, I was asked to pay £9.90. Shocking. I won't be paying Spotify again. It's far too expensive anyway.",Rated 1 out of 5 stars,highway robbery is too positive a description,i was listening to a book and 7 minutes before the end i was asked to pay 990 shocking i wont be paying spotify again its far too expensive anyway,1
2024-06-26,Worst customer service that I have ever…,Worst customer service that I have ever dealt with!,Rated 1 out of 5 stars,worst customer service that i have ever,worst customer service that i have ever dealt with,1
2024-06-26,Can't open.,No Content,Rated 2 out of 5 stars,cant open,no content,2
2024-06-22,Spotify is a scam,I pay for a premium subscription which is supposed to allow playing of downloaded content. It does not. This is a complete rip off. Downloaded content can only be played if you have an internet connection to verify your subscription. It is totally pointless. They are scam merchants.,Rated 1 out of 5 stars,spotify is a scam,i pay for a premium subscription which is supposed to allow playing of downloaded content it does not this is a complete rip off downloaded content can only be played if you have an internet connection to verify your subscription it is totally pointless they are scam merchants,1
2024-06-22,Nonpay Version only adds,Nonpay Version only adds. Not usable anymore. They only want paying costumers. They changed a lot since a year or so. Sad since the Brand Spotify was the number one for a whole music generation.  I will switch to alternatives.,Rated 1 out of 5 stars,nonpay version only adds,nonpay version only adds not usable anymore they only want paying costumers they changed a lot since a year or so sad since the brand spotify was the number one for a whole music generation  i will switch to alternatives,1
2024-06-17,Extremely poor client service,"Extremely poor client service. Paid for double subscription on a family account, and when they closed down the one account, I was banned and they couldn't help me.",Rated 1 out of 5 stars,extremely poor client service,extremely poor client service paid for double subscription on a family account and when they closed down the one account i was banned and they couldnt help me,1
2024-06-15,Not worth it,Please explain why on earth I have to listen to long force fed advertising on the platform I pay a full subscription for? Such rubbish!,Rated 1 out of 5 stars,not worth it,please explain why on earth i have to listen to long force fed advertising on the platform i pay a full subscription for such rubbish,1
2024-08-04,not enough,...less than 1€ in 7 month is simply not enough,Rated 1 out of 5 stars,not enough,less than 1 in 7 month is simply not enough,1
2024-06-14,Downloaded content not available when connection is bad,"Whenever my internet connection is bad (for example when riding a train through a tunnel) Spotify won't play my downloaded content. It seems like the app tries to contact the server first, which obviously fails because the connection is bad. That really upsets me - why did i download the content in the first place?  My bad review is for not fixing this behaviour which exists for more than 4 years.",Rated 1 out of 5 stars,downloaded content not available when connection is bad,whenever my internet connection is bad for example when riding a train through a tunnel spotify wont play my downloaded content it seems like the app tries to contact the server first which obviously fails because the connection is bad that really upsets me  why did i download the content in the first place  my bad review is for not fixing this behaviour which exists for more than 4 years,1
2024-06-12,I wanted to change planholder and after…,"I wanted to change planholder and after 7 hours messaging their service on two separate occasions, I was unable to get any accurate useful help or advice how to do this? Probably the worst customer service experience ever. So disappointing for a company that has a good product to offer. They really need to up their game with regards to helping the customer. Finally sent a survey on my experience which arrived after it had expired! Hence my review on here. Alteady made a complaint to Spotify.",Rated 1 out of 5 stars,i wanted to change planholder and after,i wanted to change planholder and after 7 hours messaging their service on two separate occasions i was unable to get any accurate useful help or advice how to do this probably the worst customer service experience ever so disappointing for a company that has a good product to offer they really need to up their game with regards to helping the customer finally sent a survey on my experience which arrived after it had expired hence my review on here alteady made a complaint to spotify,1
2024-06-11,Spotify double charged me for several…,"Spotify double charged me for several months and refused to refund the additional charges. Despite having a monthly paid subscription, last year I was hearing tons of ads for several weeks so assumed my subscription had lapsed, so I re-upped. But they simply charged for both. Didn't notice until recently. They have no customer service phone number so you will have to text talk with rep (bot?). I wasted the best part of an hour and just ended up canceling both my subscriptions out of sheer frustration.",Rated 1 out of 5 stars,spotify double charged me for several,spotify double charged me for several months and refused to refund the additional charges despite having a monthly paid subscription last year i was hearing tons of ads for several weeks so assumed my subscription had lapsed so i reupped but they simply charged for both didnt notice until recently they have no customer service phone number so you will have to text talk with rep bot i wasted the best part of an hour and just ended up canceling both my subscriptions out of sheer frustration,1
2024-06-10,Wow the reviews are definitely saying…,"Wow the reviews are definitely saying something! I am now also adding to the negative reviews unfortunately. They’ve upped the prices, appreciate it’s only a £1 but it all adds up. I was paying for this but then noticed myself I wasn’t listening to it as much, so I cancelled because of this and the price. They need to give partial refund for lack of use. If they see a customer not listening to it for a month, refund them. Sounds silly but don’t think it’s fair compared to someone using it every day. So I went back to the basic plan of not paying and they do silly things like, you can only play next track once or something like that. Or if someone has shared a music with you; you can only listen to it once a day?! Like really what is this! It’s all just to try & trick you to paying. On top of this, they play adverts every so often. I mean come on! I’m not keen on YouTube so I need to find another alternative. I just think it’s becoming a joke. IF the customer agents reply; it’s gonna be some generic copied template of the inflation etc blah blah with no actual human care to reply properly.",Rated 1 out of 5 stars,wow the reviews are definitely saying,wow the reviews are definitely saying something i am now also adding to the negative reviews unfortunately theyve upped the prices appreciate its only a 1 but it all adds up i was paying for this but then noticed myself i wasnt listening to it as much so i cancelled because of this and the price they need to give partial refund for lack of use if they see a customer not listening to it for a month refund them sounds silly but dont think its fair compared to someone using it every day so i went back to the basic plan of not paying and they do silly things like you can only play next track once or something like that or if someone has shared a music with you you can only listen to it once a day like really what is this its all just to try  trick you to paying on top of this they play adverts every so often i mean come on im not keen on youtube so i need to find another alternative i just think its becoming a joke if the customer agents reply its gonna be some generic copied template of the inflation etc blah blah with no actual human care to reply properly,1
2024-06-07,"Charged twice, no help.","Not only was I charged twice within 7 days, but the customer service rep wasn’t listening at all and offered no help.  I had to file a dispute with my bank. Horrible experience, not worth it at all.",Rated 1 out of 5 stars,charged twice no help,not only was i charged twice within 7 days but the customer service rep wasnt listening at all and offered no help  i had to file a dispute with my bank horrible experience not worth it at all,1
2024-06-07,I had the Spotify app on my phone,"I had the Spotify app on my phone, but for some reason, each time I searched for a song, it played me other songs by the same artist, but not the song I was looking for, even though the song was staring me in the face! I couldn't switch off the little play bar at the bottom of the screen. I thought 'what kind of a useless app is this?', Googled it, and it turns out that to listen to songs of your choosing, you need to pay for 'Premium'! Isn't that some kind of misnomer - 'Premium' refers to literally the most basic thing you want the app for. Imagine if I tried to watch a video on YouTube, but to do so, I had to fork out money for 'YouTube Premium', and the basic app service just showed me random content on a loop. What's the point? I've deleted the app. I'll just find the music on a non-music app instead! We are truly living through the looking glass.",Rated 1 out of 5 stars,i had the spotify app on my phone,i had the spotify app on my phone but for some reason each time i searched for a song it played me other songs by the same artist but not the song i was looking for even though the song was staring me in the face i couldnt switch off the little play bar at the bottom of the screen i thought what kind of a useless app is this googled it and it turns out that to listen to songs of your choosing you need to pay for premium isnt that some kind of misnomer  premium refers to literally the most basic thing you want the app for imagine if i tried to watch a video on youtube but to do so i had to fork out money for youtube premium and the basic app service just showed me random content on a loop whats the point ive deleted the app ill just find the music on a nonmusic app instead we are truly living through the looking glass,1
2024-06-06,Audiobooks,I don’t understand why audiobooks can only be listened to one person on the duo account when we both pay for it. Not cool!,Rated 1 out of 5 stars,audiobooks,i dont understand why audiobooks can only be listened to one person on the duo account when we both pay for it not cool,1
2024-06-05,Love the music and app - awful customer service,"I love the Spotify app and the music catalogue. Unfortunately they are let down by the worst customer service I’ve ever had the misfortune of having to deal with. Despite a lengthy email exchange their customer service still seem unable to comprehend an issue that should be simple to resolve. They do not seem capable of actually taking the time to read the complaint and then suggest appropriate action to resolve the issue - instead they suggest solutions to totally different issues to what you’re raising, and waste time asking for information they already have been given. Truly terrible customer service!",Rated 1 out of 5 stars,love the music and app  awful customer service,i love the spotify app and the music catalogue unfortunately they are let down by the worst customer service ive ever had the misfortune of having to deal with despite a lengthy email exchange their customer service still seem unable to comprehend an issue that should be simple to resolve they do not seem capable of actually taking the time to read the complaint and then suggest appropriate action to resolve the issue  instead they suggest solutions to totally different issues to what youre raising and waste time asking for information they already have been given truly terrible customer service,1
2024-06-05,Spotify is a good example of how geeks…,Spotify is a good example of how geeks ruin the world for normal people.,Rated 2 out of 5 stars,spotify is a good example of how geeks,spotify is a good example of how geeks ruin the world for normal people,2
2024-06-05,I didn’t even subscribe and they…,I didn’t even subscribe and they charged my debit card $16.99. When I called the number that was tied to the transaction it was bogus. I hope this doesn’t happen to other people.,Rated 1 out of 5 stars,i didnt even subscribe and they,i didnt even subscribe and they charged my debit card 1699 when i called the number that was tied to the transaction it was bogus i hope this doesnt happen to other people,1
2024-06-04,Spotify went from the best music…,"Spotify went from the best music streaming app to a useless radio full of ads to play in the barber, shop or hotel lobby. You asking for £12/month and I can't even put my own music to app to listen.…",Rated 1 out of 5 stars,spotify went from the best music,spotify went from the best music streaming app to a useless radio full of ads to play in the barber shop or hotel lobby you asking for 12month and i cant even put my own music to app to listen,1
2024-06-03,whats the deal with not upgrading…,"whats the deal with not upgrading through mobile? I mean, your not a new company or something. Sub is anyway high and gets higher.. you can get this sort",Rated 2 out of 5 stars,whats the deal with not upgrading,whats the deal with not upgrading through mobile i mean your not a new company or something sub is anyway high and gets higher you can get this sort,2
2024-06-03,Disgusted!,Even though it was a free version (non-premium) but still a Sunday noon and there are repetitious advertisements with sexual contents (medications for erectile dysfunction) played when children are listening all around? Come on🤦🏼‍♂️,Rated 1 out of 5 stars,disgusted,even though it was a free version nonpremium but still a sunday noon and there are repetitious advertisements with sexual contents medications for erectile dysfunction played when children are listening all around come on,1
2024-06-02,Used to be good,"Used to be good, but now crap......no more can you play any album, they've turned it into playlists not thealbum.........besides that the price keeps going up.......anything to get out of paying royalties by the look of it",Rated 1 out of 5 stars,used to be good,used to be good but now crapno more can you play any album theyve turned it into playlists not thealbumbesides that the price keeps going upanything to get out of paying royalties by the look of it,1
2024-06-02,"Yep,they’re spotty, all right….","When I first starting using this service I enjoyed both the sheer amount of music you could access,as well as the format of the app. I eventually signed up for premium service and was quite content. Initially, my only gripes were volume level inconsistencies from song to song on a playlist, as well as glitches experienced while creating playlists. I had created a number of playlists which were accessible both on my phone, as well as on other computer browsers. Recently however, my playlists were not showing up in searches on other browsers. After contacting customer service, (which is atrocious by the way), they fixed the problem, but I kept experiencing the same issue weeks later. After a recent useless interaction with a customer service rep, I ended up cancelling my Spotify service. If you’re thinking of signing up for any of their plans,think twice,you’re pretty much better off using YouTube.",Rated 2 out of 5 stars,yeptheyre spotty all right,when i first starting using this service i enjoyed both the sheer amount of music you could accessas well as the format of the app i eventually signed up for premium service and was quite content initially my only gripes were volume level inconsistencies from song to song on a playlist as well as glitches experienced while creating playlists i had created a number of playlists which were accessible both on my phone as well as on other computer browsers recently however my playlists were not showing up in searches on other browsers after contacting customer service which is atrocious by the way they fixed the problem but i kept experiencing the same issue weeks later after a recent useless interaction with a customer service rep i ended up cancelling my spotify service if youre thinking of signing up for any of their plansthink twiceyoure pretty much better off using youtube,2
2024-05-31,Really terrible user experience,Really terrible user experience. You can’t upgrade to premium via the app and when you go via online they fail to send you a link/code. Useless,Rated 1 out of 5 stars,really terrible user experience,really terrible user experience you cant upgrade to premium via the app and when you go via online they fail to send you a linkcode useless,1
2024-05-31,THE WORST streaming platform if you’re an artist…,"THE WORST streaming platform if you’re an artist. Earnings are very low, support center is only bots, no real people and even if you make it into their editorial playlists through the official pitching process within the Spotify for artists app, they claim those streams are artificial and remove the song(s) from their platform. In fact with this move they just indirectly admitted that they’re using fake streams in their own editorial playlists … pathetic behavior to take money from small independent artists.",Rated 1 out of 5 stars,the worst streaming platform if youre an artist,the worst streaming platform if youre an artist earnings are very low support center is only bots no real people and even if you make it into their editorial playlists through the official pitching process within the spotify for artists app they claim those streams are artificial and remove the songs from their platform in fact with this move they just indirectly admitted that theyre using fake streams in their own editorial playlists  pathetic behavior to take money from small independent artists,1
2024-05-31,WHY IS THE LYRICS A PREMIUM FEATURE NOW,"""Are you kidding me, Spotify?! You're actually removing lyrics from the ""free experience?"" KISS MY ASS! It's like you're trying to nickel and dime us to death. First, it's no free music, then it's no lyrics. What's next? Are you going to make us pay per note?  And don't even get me started on the CarPlay scam. You're taking away a feature that was promised to us and not giving us a refund. That's like getting punched in the gut and then getting charged for the pleasure. It's a big fat MIDDLE FINGER to all your loyal customers.  If I could I would give Spotify a solid 0 stars. They're trying to turn their free experience into a cash cow, and it's just not worth it. Avoid Spotify at all costs. Your wallet (and your sanity) will thank you.""",Rated 1 out of 5 stars,why is the lyrics a premium feature now,are you kidding me spotify youre actually removing lyrics from the free experience kiss my ass its like youre trying to nickel and dime us to death first its no free music then its no lyrics whats next are you going to make us pay per note  and dont even get me started on the carplay scam youre taking away a feature that was promised to us and not giving us a refund thats like getting punched in the gut and then getting charged for the pleasure its a big fat middle finger to all your loyal customers  if i could i would give spotify a solid 0 stars theyre trying to turn their free experience into a cash cow and its just not worth it avoid spotify at all costs your wallet and your sanity will thank you,1
2024-05-30,Basic functionality no longer works,"Spotify has recently removed core functionality, in that users can no longer control the volume of Spotify using the volume controls on their iPhones and iPads, when streaming to Sonos or other speakers. Spotify is aware of the issue, but has attempted to shift the blame to Apple, which is shameful behaviour given that volume controls work for other streaming services. Given that Spotify is not interested in restoring this basic functionality, people need to look elsewhere for their streaming services.",Rated 1 out of 5 stars,basic functionality no longer works,spotify has recently removed core functionality in that users can no longer control the volume of spotify using the volume controls on their iphones and ipads when streaming to sonos or other speakers spotify is aware of the issue but has attempted to shift the blame to apple which is shameful behaviour given that volume controls work for other streaming services given that spotify is not interested in restoring this basic functionality people need to look elsewhere for their streaming services,1
2024-05-30,So frustrating,So frustrating. I have gift cards I can’t use because I have a family plan. Only applicable to individual - total waste,Rated 1 out of 5 stars,so frustrating,so frustrating i have gift cards i cant use because i have a family plan only applicable to individual  total waste,1
2024-05-28,Pay to play what is free?,"So I click a song and it plays a different song with the promise that eventually it may play the song I want or I can pay £10.99 , are there really that many gullable people who don't know how to properly use the Internet?",Rated 1 out of 5 stars,pay to play what is free,so i click a song and it plays a different song with the promise that eventually it may play the song i want or i can pay 1099  are there really that many gullable people who dont know how to properly use the internet,1
2024-05-25,Dreadful customer service,Dreadful customer service! They can not do a simple task of finding out why I can’t add a family member then there address finder does not work!,Rated 1 out of 5 stars,dreadful customer service,dreadful customer service they can not do a simple task of finding out why i cant add a family member then there address finder does not work,1
2024-05-25,Worst customer service & never reply to…,Worst customer service & never reply to any basic questions. No chance for growth if your an Indy Artist.  Only cater for the Major players. pay outs are low & disgraceful.,Rated 1 out of 5 stars,worst customer service  never reply to,worst customer service  never reply to any basic questions no chance for growth if your an indy artist  only cater for the major players pay outs are low  disgraceful,1
2024-05-24,Car thing is a scam,"Car thing is a scam, been onto them twice and customers service cuts me off early all the time. where is the ""is there anything else I can help you with?"" Terrible entitled attitude hiding behind a multi bn company always thinking they are above the law. Where in the T&C it says they reserve the right to brick it. It was active for only two years... Got phones from 00s that still work. In addition to the app constantly stuttering. People only used the platforms because of the amount of work the actual artists put into their music. But the actual platform Spotify is just a greedy run criminally organised scam company.",Rated 1 out of 5 stars,car thing is a scam,car thing is a scam been onto them twice and customers service cuts me off early all the time where is the is there anything else i can help you with terrible entitled attitude hiding behind a multi bn company always thinking they are above the law where in the tc it says they reserve the right to brick it it was active for only two years got phones from 00s that still work in addition to the app constantly stuttering people only used the platforms because of the amount of work the actual artists put into their music but the actual platform spotify is just a greedy run criminally organised scam company,1
2024-05-24,Car Thing is essentially a scam.,"I would give zero stars if I could. Spotify is discontinuing Car Play and basically giving a fat middle finger to anyone who purchased one. I paid a lot to have it and now they're turning it off. I contacted customer support, and they did nothing. They even ended the conversation early on me without responding to my text. I'm impressed a company can treat their customers this crappily. If Walmart sold me a table, then took it back whenever they wanted while keeping my money, that would be theft. That is literally what is happening with Car Thing all across the nation, and Spotify couldn't care less. 0/10 company... Horrible morals, horrible ""policies"", and they don't give a crap about their consumers.",Rated 1 out of 5 stars,car thing is essentially a scam,i would give zero stars if i could spotify is discontinuing car play and basically giving a fat middle finger to anyone who purchased one i paid a lot to have it and now theyre turning it off i contacted customer support and they did nothing they even ended the conversation early on me without responding to my text im impressed a company can treat their customers this crappily if walmart sold me a table then took it back whenever they wanted while keeping my money that would be theft that is literally what is happening with car thing all across the nation and spotify couldnt care less 010 company horrible morals horrible policies and they dont give a crap about their consumers,1
2024-05-22,Has all your favourite artists and…,Has all your favourite artists and songs. What's not to like about it? and the premium is cheaper than the other music apps.,Rated 5 out of 5 stars,has all your favourite artists and,has all your favourite artists and songs whats not to like about it and the premium is cheaper than the other music apps,5
2024-05-22,Great music - bad customer service,Great music selection and playback options but terrible customer service. The only option is ‘chat’. I’ve just been ‘chatting’ for 45 minutes in order to redeem a gift card!,Rated 2 out of 5 stars,great music  bad customer service,great music selection and playback options but terrible customer service the only option is chat ive just been chatting for 45 minutes in order to redeem a gift card,2
2024-05-20,Mint support experience,"This rating is about the support only. I have no qualms or otherwise interesting opinions regarding the main service.  Bruno H. deserves a medal for his service in getting back my account which had been suddenly logged out and unable to be recovered by myself.  Not only did he get my account back, he also disclosed to me that he does, in fact, enjoy The Nutty Professor starring Eddie Murphy. Good banter all around.  Godspeed you legend. John",Rated 5 out of 5 stars,mint support experience,this rating is about the support only i have no qualms or otherwise interesting opinions regarding the main service  bruno h deserves a medal for his service in getting back my account which had been suddenly logged out and unable to be recovered by myself  not only did he get my account back he also disclosed to me that he does in fact enjoy the nutty professor starring eddie murphy good banter all around  godspeed you legend john,5
2024-05-19,Appalling customer service,"Appalling customer service. I downloaded an audiobook but couldn’t open the pdf to print it. According to the Spotify boards, it should have been emailed to me. I spent an hour ‘talking’ to customer services who sent me in circles and I still didn’t get the pdf.",Rated 1 out of 5 stars,appalling customer service,appalling customer service i downloaded an audiobook but couldnt open the pdf to print it according to the spotify boards it should have been emailed to me i spent an hour talking to customer services who sent me in circles and i still didnt get the pdf,1
2024-05-17,They avoid ambient music without explanation,"They don't offer an explanation for why ambient music is rejected when uploaded by distributors, and the support team avoids talking about the subject. While they said they don't offer much support for artists composing that type of music, they promote them in their marketing emails. Hence the contradiction.",Rated 1 out of 5 stars,they avoid ambient music without explanation,they dont offer an explanation for why ambient music is rejected when uploaded by distributors and the support team avoids talking about the subject while they said they dont offer much support for artists composing that type of music they promote them in their marketing emails hence the contradiction,1
2024-05-15,Spotify too expensive,I enjoy Spotify and think the product is very good. However the price is now too high and I will be stopping my subscription soon. I think a monthly fee of £5 - £6 is what the service is worth. I used to pay £5 month with Apple but this has now been stopped. Spotify have just announced massive profits and put the price up again! I will be moving over to the free version or trying something else.,Rated 3 out of 5 stars,spotify too expensive,i enjoy spotify and think the product is very good however the price is now too high and i will be stopping my subscription soon i think a monthly fee of 5  6 is what the service is worth i used to pay 5 month with apple but this has now been stopped spotify have just announced massive profits and put the price up again i will be moving over to the free version or trying something else,3
2024-05-14,ads in middle of meditation-useless,"One of my favorite content producers on, YouTube decided to post on Spotify a handful of meditations, and so Spotify is not smart enough to not have commercials in the middle of a goddamn meditation. I uninstalled it. Also as Rude and jarring and irritating and infuriating as commercials in the middle of a meditation session,t actually on my tablet would not stop the Spotify when I would try to go elsewhere. It was just totally take over my tablet and not let me go to Google search or anywhere else until I exited four or five times. This was consistent several times. But mainly it’s they are too greedy for me. Commercials in the middle of meditation, they can go you know where.",Rated 1 out of 5 stars,ads in middle of meditationuseless,one of my favorite content producers on youtube decided to post on spotify a handful of meditations and so spotify is not smart enough to not have commercials in the middle of a goddamn meditation i uninstalled it also as rude and jarring and irritating and infuriating as commercials in the middle of a meditation sessiont actually on my tablet would not stop the spotify when i would try to go elsewhere it was just totally take over my tablet and not let me go to google search or anywhere else until i exited four or five times this was consistent several times but mainly its they are too greedy for me commercials in the middle of meditation they can go you know where,1
2024-05-13,honestly it's a joke making lyrics only…,honestly it's a joke making lyrics only a premium feature is just not cool. I'm starting to hate the app more and more. The pocket version is also unusable if you don't have premium. So I honestly don't recommend using this.,Rated 1 out of 5 stars,honestly its a joke making lyrics only,honestly its a joke making lyrics only a premium feature is just not cool im starting to hate the app more and more the pocket version is also unusable if you dont have premium so i honestly dont recommend using this,1
2024-05-11,very bad app😡😡😡spotify is very greedy…,very bad app😡😡😡spotify is very greedy and u need premium to be able to view the lyrics and to replay songs💀spotify if ur poor js say it cause ur annoying asf,Rated 1 out of 5 stars,very bad appspotify is very greedy,very bad appspotify is very greedy and u need premium to be able to view the lyrics and to replay songsspotify if ur poor js say it cause ur annoying asf,1
2024-05-11,Spotify is perfect until it isn't and…,Spotify is perfect until it isn't and you need some customer service. It doesn't exist. Don't bother trying to get any help. Absolute waste of time.,Rated 1 out of 5 stars,spotify is perfect until it isnt and,spotify is perfect until it isnt and you need some customer service it doesnt exist dont bother trying to get any help absolute waste of time,1
2024-05-10,Well overpriced,"Just increased the price without informing me and took it from account. Now £19.99 for a family account absolute ridiculous, well over priced.",Rated 1 out of 5 stars,well overpriced,just increased the price without informing me and took it from account now 1999 for a family account absolute ridiculous well over priced,1
2024-05-10,Spotify customer support/ tech support…,"Spotify customer support/ tech support is straight up trash! For TWO days i have been on chat for HOURS with various people because they keep disconnecting you when they cant fix the issue or when you ask for an escalation. There is no way to stop the app from autoplaying when you put your earbuds in! Its annoying as all hell and on their consumer community page, its pages and pages of this same problem by customers since 2011 with no one at this company even attempting to fix this issue. All it would take is for them to add a feature to disconnect that option, but they are too busy counting our money they are getting and not helping their customers. This is one of the worst companies I have dealt with in years. This is 2024, we shouldn't have to go through this. Garbage company!",Rated 1 out of 5 stars,spotify customer support tech support,spotify customer support tech support is straight up trash for two days i have been on chat for hours with various people because they keep disconnecting you when they cant fix the issue or when you ask for an escalation there is no way to stop the app from autoplaying when you put your earbuds in its annoying as all hell and on their consumer community page its pages and pages of this same problem by customers since 2011 with no one at this company even attempting to fix this issue all it would take is for them to add a feature to disconnect that option but they are too busy counting our money they are getting and not helping their customers this is one of the worst companies i have dealt with in years this is 2024 we shouldnt have to go through this garbage company,1
2024-05-09,why do you need premium just to see the…,why do you need premium just to see the lyrics i hate this,Rated 1 out of 5 stars,why do you need premium just to see the,why do you need premium just to see the lyrics i hate this,1
2024-05-08,THEY JUST WABNT OUR MONEY,"I log onto spotify and want to look at the lyrics, THEY ARE NOW A PREMIUM FEATURE!!! Whats the point when i can just get the lyrics off google????",Rated 1 out of 5 stars,they just wabnt our money,i log onto spotify and want to look at the lyrics they are now a premium feature whats the point when i can just get the lyrics off google,1
2024-05-08,Spotify completely sucks,"Spotify completely sucks, I wanted to voice displeasure with their ads, the sent me on a runaround to different people but nobody had answers or help...I already have all the songs on my Ipod, OH WAIT, I JUST THOUGHT, THAT MIGHT BE THE REASON THAT THEY HATE US...",Rated 1 out of 5 stars,spotify completely sucks,spotify completely sucks i wanted to voice displeasure with their ads the sent me on a runaround to different people but nobody had answers or helpi already have all the songs on my ipod oh wait i just thought that might be the reason that they hate us,1
2024-05-06,scam price increase tactics,"The send me an email at the beginning of May that my subscription cost will increase by about 13% from my June billing date. Then my May payment miraculously fails, they never try again, immediately cancel my account and downgrade me to their free plan (after paying for 15 years!). Then if I want to resubscribe it's obviously the higher price only. Customer service tells me (in a condescending chat message) that it's my fault and if I didn't want the price increase, I needed to opt out in April (before they notified me). By this time our shared account has dropped to free, all our downloaded music is gone. I get it, they are not growing anymore and trying to squeeze the last bit of juice from existing customers. Doesn't feel very smart... I'll migrate to apple music",Rated 1 out of 5 stars,scam price increase tactics,the send me an email at the beginning of may that my subscription cost will increase by about 13 from my june billing date then my may payment miraculously fails they never try again immediately cancel my account and downgrade me to their free plan after paying for 15 years then if i want to resubscribe its obviously the higher price only customer service tells me in a condescending chat message that its my fault and if i didnt want the price increase i needed to opt out in april before they notified me by this time our shared account has dropped to free all our downloaded music is gone i get it they are not growing anymore and trying to squeeze the last bit of juice from existing customers doesnt feel very smart ill migrate to apple music,1
2024-05-06,Disappointed with Recent Price Increase,"As a long-time Spotify Premium subscriber, I'm deeply disappointed with the recent price hike, especially since it's the second increase within six months. Despite the rise in cost, there has been no noticeable improvement in service.  While I've always valued Spotify's extensive music library and user-friendly interface, the lack of justification for the price increase is concerning. Competitors like Qobuz offer CD-quality music at a lower price, making the decision to stay with Spotify more difficult.  Furthermore, Spotify's failure to upgrade its audio quality to formats like WAV/CD lossless is frustrating, especially in today's audio landscape where high-fidelity options are readily available.  Unless Spotify addresses these concerns promptly, I'll be forced to cancel my subscription and explore alternatives. It's time for Spotify to prioritize customer satisfaction and justify its pricing decisions.",Rated 1 out of 5 stars,disappointed with recent price increase,as a longtime spotify premium subscriber im deeply disappointed with the recent price hike especially since its the second increase within six months despite the rise in cost there has been no noticeable improvement in service  while ive always valued spotifys extensive music library and userfriendly interface the lack of justification for the price increase is concerning competitors like qobuz offer cdquality music at a lower price making the decision to stay with spotify more difficult  furthermore spotifys failure to upgrade its audio quality to formats like wavcd lossless is frustrating especially in todays audio landscape where highfidelity options are readily available  unless spotify addresses these concerns promptly ill be forced to cancel my subscription and explore alternatives its time for spotify to prioritize customer satisfaction and justify its pricing decisions,1
2024-05-05,Constantly upping fees,"Constantly upping fees, $25 a month is ridiculous, will be looking to change music streaming platform.",Rated 1 out of 5 stars,constantly upping fees,constantly upping fees 25 a month is ridiculous will be looking to change music streaming platform,1
2024-05-04,Everything become paid,Everything become paid >:(,Rated 1 out of 5 stars,everything become paid,everything become paid ,1
2024-05-04,Paying premium for ads,"I pay premium in order to not hear ads. With podcasts, Spotify claims they have no power over whether the podcasters choose to include ads in their shows. Funny how I'm now getting unskippable spotify ads in the middle of podcasts.. will be cancelling my subscription. It's a shame really. Spotify was great for so many years but like every other popular streaming service has been infected by greed, destroying the user experience. But hey, at least the shareholders are happy, right?",Rated 1 out of 5 stars,paying premium for ads,i pay premium in order to not hear ads with podcasts spotify claims they have no power over whether the podcasters choose to include ads in their shows funny how im now getting unskippable spotify ads in the middle of podcasts will be cancelling my subscription its a shame really spotify was great for so many years but like every other popular streaming service has been infected by greed destroying the user experience but hey at least the shareholders are happy right,1
2024-05-03,Total rubbish,"Every year I activate the premium version while on holidays for 2 people. Each time there are issues, again like last year and the year before that, the music downloaded is never available, Then they play the same old music I downloaded many years ago over and over..For the cost, it's just not worth it.",Rated 1 out of 5 stars,total rubbish,every year i activate the premium version while on holidays for 2 people each time there are issues again like last year and the year before that the music downloaded is never available then they play the same old music i downloaded many years ago over and overfor the cost its just not worth it,1
2024-05-03,bad update,"why did spotify even decide to make lyrics ""premium""",Rated 1 out of 5 stars,bad update,why did spotify even decide to make lyrics premium,1
2024-05-02,I had my account hacked,"I had my account hacked, contacted the help chat and they fixed it in less than an hour. Chat box was a bit glitchy.",Rated 5 out of 5 stars,i had my account hacked,i had my account hacked contacted the help chat and they fixed it in less than an hour chat box was a bit glitchy,5
2024-05-02,Just keep increasing the prices,"Just keep increasing the prices, I'm sure you'll keep your customers...  On an unrelated note. I'm switching to Apple Music.",Rated 1 out of 5 stars,just keep increasing the prices,just keep increasing the prices im sure youll keep your customers  on an unrelated note im switching to apple music,1
2024-05-01,Another price increase,Another price increase! No thanks.,Rated 1 out of 5 stars,another price increase,another price increase no thanks,1
2024-05-01,Exploitative monopoly,"One of those companies who know they can do you over pretty hard because there is no real competition. Getting more expensive every year, more and more things have commercials even if you pay etc. You will also be a big donor to complete clowns like Joe Rogan if you are a subscriber. Im considering finding my old piratehat again. for 10dollars it wasnt worth it, but now, for twice that and WITH ADS, idk.. I can listen to music for free on youtube with an ad-blocker..",Rated 1 out of 5 stars,exploitative monopoly,one of those companies who know they can do you over pretty hard because there is no real competition getting more expensive every year more and more things have commercials even if you pay etc you will also be a big donor to complete clowns like joe rogan if you are a subscriber im considering finding my old piratehat again for 10dollars it wasnt worth it but now for twice that and with ads idk i can listen to music for free on youtube with an adblocker,1
2024-04-29,Congratulations to Spotify for making…,Congratulations to Spotify for making the most unusable app for people who don't have premium♥️♥️♥️,Rated 1 out of 5 stars,congratulations to spotify for making,congratulations to spotify for making the most unusable app for people who dont have premium,1
2024-04-29,That’s crazy that this app is so used…,"That’s crazy that this app is so used and famous and at the same time got a lot of issues and a bad note !  Many issues for me with payment, they charge me many times a months, and I can’t use my premium account on the app!!! This is unbelievable!!! And no possibility to get someone to help me. No service center, nothing!!!",Rated 1 out of 5 stars,thats crazy that this app is so used,thats crazy that this app is so used and famous and at the same time got a lot of issues and a bad note   many issues for me with payment they charge me many times a months and i cant use my premium account on the app this is unbelievable and no possibility to get someone to help me no service center nothing,1
2024-04-28,SpotaLie,"I call it SpotaLie - Don't waste your time with this service. The ""30 Minutes of Free Music_ they promise after commercials is more like 10-15 at the most. Think you get to listen to your ""Liked"" songs? Think again, Spotify puts many songs into that list to force you to purchase their ""Premium"" service. Use another service.",Rated 1 out of 5 stars,spotalie,i call it spotalie  dont waste your time with this service the 30 minutes of free music_ they promise after commercials is more like 1015 at the most think you get to listen to your liked songs think again spotify puts many songs into that list to force you to purchase their premium service use another service,1
2024-04-28,My iPhone recently went back to factory…,"My iPhone recently went back to factory settings and I lost everything 🙀. I couldn’t remember my user I.d. Or password so I had to contact Spotify. Within an hour Kyle and Harold had me back up and running with my original account. I just wish other companies were so eager to help. 10/10 for their customer service, thanks guys for all your help 👍",Rated 5 out of 5 stars,my iphone recently went back to factory,my iphone recently went back to factory settings and i lost everything  i couldnt remember my user id or password so i had to contact spotify within an hour kyle and harold had me back up and running with my original account i just wish other companies were so eager to help 1010 for their customer service thanks guys for all your help ,5
2024-04-26,Trial Offers Premium,Trial Offers Premium They Messed Up by charging for Offer 3 months free Trial Charged for straight away Before end of trial Cancelled it because of this Not a good way to do business ?,Rated 1 out of 5 stars,trial offers premium,trial offers premium they messed up by charging for offer 3 months free trial charged for straight away before end of trial cancelled it because of this not a good way to do business ,1
2024-05-15,Price increase? Subscription cancelled!,"I've been a premium subscriber for years and after announcing the latest increase to £11.99 when the audio quality is the same and the mobile/desktop apps are outdated, I said no and cancelled my subscription. I will move to another provider for a better service and same price.  I have contacted their support in the UK to let them know that Spotify should first improve their service quality, with better audio, better desktop and mobile apps, better shuffle player since sometimes plays the same song within a short time period, etc.  Only in this way they can justify the price increase, not the other way around. I urge others to do the same. Customers have a great power if they act together.",Rated 2 out of 5 stars,price increase subscription cancelled,ive been a premium subscriber for years and after announcing the latest increase to 1199 when the audio quality is the same and the mobiledesktop apps are outdated i said no and cancelled my subscription i will move to another provider for a better service and same price  i have contacted their support in the uk to let them know that spotify should first improve their service quality with better audio better desktop and mobile apps better shuffle player since sometimes plays the same song within a short time period etc  only in this way they can justify the price increase not the other way around i urge others to do the same customers have a great power if they act together,2
2024-04-24,Yet another price increase!!,"Shocked and annoyed at yet another price increase! Doesn’t seem five minutes since the last one!? I use Spotify a lot - however I use barely any of the features. I pick albums I like and create my own playlists and that’s it. I only pay because the adverts absolutely ruin listening experience and infuriate me. Well, another price increase has infuriated me too. It’s not like my wages are going up whilst the cost of everything else is. And there are alternatives to Spotify…! It’s not like money even goes from Spotify to the artists (which is why I still buy physical copies of their records)",Rated 2 out of 5 stars,yet another price increase,shocked and annoyed at yet another price increase doesnt seem five minutes since the last one i use spotify a lot  however i use barely any of the features i pick albums i like and create my own playlists and thats it i only pay because the adverts absolutely ruin listening experience and infuriate me well another price increase has infuriated me too its not like my wages are going up whilst the cost of everything else is and there are alternatives to spotify its not like money even goes from spotify to the artists which is why i still buy physical copies of their records,2
2024-04-24,£240 a year for a family subscription…,"£240 a year for a family subscription is too much. Price increases are happening every year now and are above the rate of inflation.  An AI DJ is not worth the money, the accent of the DJ is unbearable and unable to be customised. Audiobooks can be sourced elsewhere. I don’t need to listen to a podcast on Spotify and the algorithms give me the same stuff.  I can’t stop listening to an artist anymore, only remove the song from the playlist. I can’t dive into an album and pick up seamlessly when I’m listening to a playlist. I can’t remove songs from my recently played if for example I’ve been listening with a child and don’t want Disney to pop up when I’m on my own.  The list is longer than this, but my score reflects how I feel.  I’ve been a subscriber since the beginning and a paying subscriber since they started charging.  I won’t accept another price increase in less than 12 months, and I’m undecided whether to cancel now anyway.",Rated 2 out of 5 stars,240 a year for a family subscription,240 a year for a family subscription is too much price increases are happening every year now and are above the rate of inflation  an ai dj is not worth the money the accent of the dj is unbearable and unable to be customised audiobooks can be sourced elsewhere i dont need to listen to a podcast on spotify and the algorithms give me the same stuff  i cant stop listening to an artist anymore only remove the song from the playlist i cant dive into an album and pick up seamlessly when im listening to a playlist i cant remove songs from my recently played if for example ive been listening with a child and dont want disney to pop up when im on my own  the list is longer than this but my score reflects how i feel  ive been a subscriber since the beginning and a paying subscriber since they started charging  i wont accept another price increase in less than 12 months and im undecided whether to cancel now anyway,2
2024-04-24,Disappointing,Another fee increase that can't be justified. Same old clunky interface. Lack of UX & outdated tech.,Rated 1 out of 5 stars,disappointing,another fee increase that cant be justified same old clunky interface lack of ux  outdated tech,1
2024-04-21,Yet another price increase they simply…,Yet another price increase they simply cannot justify. Give students a cheap option but what about a cheaper option for people who dont need the whole thing. Ridiculous. It also speaks volumes when they don't bother to answer anything. Cancelling and going for something else.,Rated 1 out of 5 stars,yet another price increase they simply,yet another price increase they simply cannot justify give students a cheap option but what about a cheaper option for people who dont need the whole thing ridiculous it also speaks volumes when they dont bother to answer anything cancelling and going for something else,1
2024-04-20,Shocking dishonest customer service,"Shocking customer service. I actually felt like I was talking to a bot, with all the generic messages sent back to me. We wanted to do a simple name change, for the main account holder. My wife wanted to access the audio books on our duo account. However, the account needed to be in her name and myself put as a plan member. The advisor told us that we needed to cancel the account a re subscribe. Which we did, but then the price was £2 more per month. This was not shared with us. They instantly cancelled our subscription and told us after, that the price had increased. Spotify wouldn’t honour our original price subscription, as their system was unable to do a simple name change. We left Apple to save money and now Spotify is the same price. We spoke with four advisors. Sent loads of generic messages referring to helping Spotify’s platform grow. Shocking dishonest customer service!",Rated 1 out of 5 stars,shocking dishonest customer service,shocking customer service i actually felt like i was talking to a bot with all the generic messages sent back to me we wanted to do a simple name change for the main account holder my wife wanted to access the audio books on our duo account however the account needed to be in her name and myself put as a plan member the advisor told us that we needed to cancel the account a re subscribe which we did but then the price was 2 more per month this was not shared with us they instantly cancelled our subscription and told us after that the price had increased spotify wouldnt honour our original price subscription as their system was unable to do a simple name change we left apple to save money and now spotify is the same price we spoke with four advisors sent loads of generic messages referring to helping spotifys platform grow shocking dishonest customer service,1
2024-04-19,Effing Perfect,"Effing perfect! Their DJ feature is my dream, I love this stuff! God damn Spotify just saved their platform. Spotify 4 life!",Rated 5 out of 5 stars,effing perfect,effing perfect their dj feature is my dream i love this stuff god damn spotify just saved their platform spotify 4 life,5
2024-04-19,Free trial scam,"Tried a free trial but it was nearly impossible to cancel. No ""Cancel Premium"" button was shown as is specified in the guides. Scam.",Rated 1 out of 5 stars,free trial scam,tried a free trial but it was nearly impossible to cancel no cancel premium button was shown as is specified in the guides scam,1
2024-04-18,Pfft!,Pfft! Junk explicit content filter...,Rated 1 out of 5 stars,pfft,pfft junk explicit content filter,1
2024-04-18,Disgraceful,"Load of rubbish and when taken up free trial practically impossible to cancel, no reminders, so ended up paying for a month I haven't used and did not want. Shouldn't be allowed",Rated 1 out of 5 stars,disgraceful,load of rubbish and when taken up free trial practically impossible to cancel no reminders so ended up paying for a month i havent used and did not want shouldnt be allowed,1
2024-04-16,Just had an email saying your family…,Just had an email saying your family subscription will in crease next month for £17.99 to £19.99. I don't think so. Have cancelled the lot. Brilliant streaming service but to say that with no time to phase it in is taking the mickey frankly,Rated 1 out of 5 stars,just had an email saying your family,just had an email saying your family subscription will in crease next month for 1799 to 1999 i dont think so have cancelled the lot brilliant streaming service but to say that with no time to phase it in is taking the mickey frankly,1
2024-04-16,"Any Apple Watch and Spotify, USELESS!","Been using Spotify since it first came out and have had a family premium plan. While the iPhone app works ok most of the time, the Apple Watch app (AW Ultra) is probably one of the most infuriating things to operate. Spotify do you have an actual QA team that test this application and experienced developers working on this project, as you may want to have a chat with them? I am a developer and this would not be acceptable even for an Alpha test build never mind production.  I was running the Lake Garda marathon last Sunday and downloaded a playlist as I knew the network would not be ideal at times. I started a recent downloaded playlist for offline listening. Can you please tell me why I have then a prompt to tell me I have no network and to try again, but no way to exit the prompt other than try again that would not clear? I was furious!!! Time to move to another music streaming service as this is comical at times. I’ve tried others and they work as expected. Spotify puts up its prices but continues to provide mediocre apps and poor support.",Rated 1 out of 5 stars,any apple watch and spotify useless,been using spotify since it first came out and have had a family premium plan while the iphone app works ok most of the time the apple watch app aw ultra is probably one of the most infuriating things to operate spotify do you have an actual qa team that test this application and experienced developers working on this project as you may want to have a chat with them i am a developer and this would not be acceptable even for an alpha test build never mind production  i was running the lake garda marathon last sunday and downloaded a playlist as i knew the network would not be ideal at times i started a recent downloaded playlist for offline listening can you please tell me why i have then a prompt to tell me i have no network and to try again but no way to exit the prompt other than try again that would not clear i was furious time to move to another music streaming service as this is comical at times ive tried others and they work as expected spotify puts up its prices but continues to provide mediocre apps and poor support,1
2024-04-15,Totally Unaccountable,"I have been unable to access any of my downloaded albums while offline for over 2 months at the date of writing this review. I have an chain of almost 100 emails where I have been trying to get assistance. To date they have blamed my connection, a VPN (neither of which are applicable to offline listening), my library and my device. I have explained repeatedly that there was no issue prior to an update installed mid February, but they have taken no responsibility for the issues their faulty app is causing. They have refused to give me an older functioning version of the app and have also refused to give me any timescale of when they are going to fix this issue. I have been promised on multiple occasions that they will contact me with updates regarding this issue, but I have had no correspondence unless I have initiated it. On multiple occasions they have closed my issue when I have raised difficult questions rather than actually do anything to assist me. Spotify's customer service is beyond appalling. Don't expect any assistance from them, you won't get it",Rated 1 out of 5 stars,totally unaccountable,i have been unable to access any of my downloaded albums while offline for over 2 months at the date of writing this review i have an chain of almost 100 emails where i have been trying to get assistance to date they have blamed my connection a vpn neither of which are applicable to offline listening my library and my device i have explained repeatedly that there was no issue prior to an update installed mid february but they have taken no responsibility for the issues their faulty app is causing they have refused to give me an older functioning version of the app and have also refused to give me any timescale of when they are going to fix this issue i have been promised on multiple occasions that they will contact me with updates regarding this issue but i have had no correspondence unless i have initiated it on multiple occasions they have closed my issue when i have raised difficult questions rather than actually do anything to assist me spotifys customer service is beyond appalling dont expect any assistance from them you wont get it,1
2024-04-14,"Spotify. Horrible, exhausting customer care.","I don't know where to begin. Put through pure torture trying to close UK account and move to portugal and on cancellation ( which i assumed needed to be timely), lost access immediately despite having paid for April. Online support messaging, was initially a BOT and then 4 assistants who may as well have been BOTs. Nothing achieved in 1.5hr so i just reconfirmed cancellation. I hadnt realised CS had got so dreadful. It's mind blowing. I can't justify resubscribing to such an arrogant, uncaring, unprofessional company.",Rated 1 out of 5 stars,spotify horrible exhausting customer care,i dont know where to begin put through pure torture trying to close uk account and move to portugal and on cancellation  which i assumed needed to be timely lost access immediately despite having paid for april online support messaging was initially a bot and then 4 assistants who may as well have been bots nothing achieved in 15hr so i just reconfirmed cancellation i hadnt realised cs had got so dreadful its mind blowing i cant justify resubscribing to such an arrogant uncaring unprofessional company,1
2024-04-13,I love Spotify premium,"I love Spotify premium, but sadly I can't contribute £12 a month just so I don't have to listen to ads. I know it needs to raise prices but this service is a nice to have and not a necessity.",Rated 1 out of 5 stars,i love spotify premium,i love spotify premium but sadly i cant contribute 12 a month just so i dont have to listen to ads i know it needs to raise prices but this service is a nice to have and not a necessity,1
2024-04-13,Poor customer service,"Poor customer service. Don't give a dam about keeping long standing customers.cut me off when trying to speak to them about latest price increases, come on you dont offer lossless cd quality?.I know you don't care about my £20 per month.",Rated 1 out of 5 stars,poor customer service,poor customer service dont give a dam about keeping long standing customerscut me off when trying to speak to them about latest price increases come on you dont offer lossless cd qualityi know you dont care about my 20 per month,1
2024-04-12,Been about 10 years premium client with…,"Been about 10 years premium client with Spotify,just a few months a year in the winter I didn’t use premium because don’t use it so much,but those months I still could use my preferred song list (but had to cope with advertising,witch I accept because it’s free), now they changed that and you can only hear a few seconds from each song, and they are using more new ennoying rules to push you 12 months a year in premium,really very stupid of them to disrespect long existing premium clients like that,because of that mentality I hardly use there premium anymore and prefer to give my money to a company that respects long existing and paying clients,really a stupid move of them to disrespect your long existing clients like that.",Rated 1 out of 5 stars,been about 10 years premium client with,been about 10 years premium client with spotifyjust a few months a year in the winter i didnt use premium because dont use it so muchbut those months i still could use my preferred song list but had to cope with advertisingwitch i accept because its free now they changed that and you can only hear a few seconds from each song and they are using more new ennoying rules to push you 12 months a year in premiumreally very stupid of them to disrespect long existing premium clients like thatbecause of that mentality i hardly use there premium anymore and prefer to give my money to a company that respects long existing and paying clientsreally a stupid move of them to disrespect your long existing clients like that,1
2024-04-11,Cancelled not paying constant increase in price!,Just cancelled. had a membership for a long time but refuse to pay towards a company clearly being greedy at a time where people are struggling financially.  I'll just get an old MP3 player and be retro or pay for Amazon music than a company like this.  Think you can keep increasing prices and still maintain customers?  Bye forever Spotify,Rated 1 out of 5 stars,cancelled not paying constant increase in price,just cancelled had a membership for a long time but refuse to pay towards a company clearly being greedy at a time where people are struggling financially  ill just get an old mp3 player and be retro or pay for amazon music than a company like this  think you can keep increasing prices and still maintain customers  bye forever spotify,1
2024-04-11,The worst payment service ever,"The worst payment service ever, limit methods of payments and when it allows to pay bank never go further,I am in a different country, the message say that this is the reason but I try with 3 different accounts even creating a new one in this country Dubai, UAE... but always reject the payment, I try local Bank and my home country bank, always reject.  Suggestion: accept crypto payments, makes life much easier!",Rated 1 out of 5 stars,the worst payment service ever,the worst payment service ever limit methods of payments and when it allows to pay bank never go furtheri am in a different country the message say that this is the reason but i try with 3 different accounts even creating a new one in this country dubai uae but always reject the payment i try local bank and my home country bank always reject  suggestion accept crypto payments makes life much easier,1
2024-04-11,Gone from great to poor.,"Started off well, inexpensive, good access to lots of music but prices rising exponentially, you spend hours and hours putting playlists together to suit mood, groups of friends, gatherings etc only to suddenly find Spotify have inserted a whole range of random songs in based on their understanding of what would be suitable additions to your playlist. Huge number of inserts and notifications to extend your monthly package to a partner or family share only to find that only one person can listen at a time so if your out in the car, away for a few days or just up in the garage if your other half has tuned in you can’t! Playlists Spotify produce based on your listening and their interpretation of a genre such as folk, blues, soul etc and therefore what they include in these collectives are at times, farcical. Time to move to another provider.",Rated 2 out of 5 stars,gone from great to poor,started off well inexpensive good access to lots of music but prices rising exponentially you spend hours and hours putting playlists together to suit mood groups of friends gatherings etc only to suddenly find spotify have inserted a whole range of random songs in based on their understanding of what would be suitable additions to your playlist huge number of inserts and notifications to extend your monthly package to a partner or family share only to find that only one person can listen at a time so if your out in the car away for a few days or just up in the garage if your other half has tuned in you cant playlists spotify produce based on your listening and their interpretation of a genre such as folk blues soul etc and therefore what they include in these collectives are at times farcical time to move to another provider,2
2024-04-11,Manipulation at its best,I thought this would be the answer to my music listening problems! What an expensive way to find out it isn't! Random songs inserted in to my choices. I listened less and less. £11 per month for an unpleasant listening experience is really not worth it. Cancelled my subscription and bought a CD player to play the music I actually love. I have just noticed that they are replying to these comments by asking people to message their team on X or Facebook!! Another big no! Your customer service team should deal with it and deal with it professionally.,Rated 1 out of 5 stars,manipulation at its best,i thought this would be the answer to my music listening problems what an expensive way to find out it isnt random songs inserted in to my choices i listened less and less 11 per month for an unpleasant listening experience is really not worth it cancelled my subscription and bought a cd player to play the music i actually love i have just noticed that they are replying to these comments by asking people to message their team on x or facebook another big no your customer service team should deal with it and deal with it professionally,1
2024-04-10,Spotify it's getting greedy!another…,Spotify it's getting greedy! 61 billion net worth and another increase in prices no thank you! Bills constantly going up so it's not about only £1 it's about everything! On top of it when I pay my playlist I have so many songs there and it keeps repeating songs instead playing different. I also only listen music I don't use any books or broadcast it should be a cheaper option for me nly using music! I really hope you will start loosing your customers. Time to look for alternative.,Rated 1 out of 5 stars,spotify its getting greedyanother,spotify its getting greedy 61 billion net worth and another increase in prices no thank you bills constantly going up so its not about only 1 its about everything on top of it when i pay my playlist i have so many songs there and it keeps repeating songs instead playing different i also only listen music i dont use any books or broadcast it should be a cheaper option for me nly using music i really hope you will start loosing your customers time to look for alternative,1
2024-04-09,Horrible customer service,"Horrible customer service. Even if you can pass the booth and reach a real person, they don't even try to understand your problem, and answer like robots. And close the conversation before the problem is solved.",Rated 1 out of 5 stars,horrible customer service,horrible customer service even if you can pass the booth and reach a real person they dont even try to understand your problem and answer like robots and close the conversation before the problem is solved,1
2024-04-07,Shocking customer service,Shocking customer service. They take no responsibility for their faulty app.,Rated 1 out of 5 stars,shocking customer service,shocking customer service they take no responsibility for their faulty app,1
2024-04-06,Buyer beware on premium,"Buyer beware on premium. I have been a premium member for over 12yrs. Recently started listening to Spotify audiobooks and find that the listening time is capped. So I only heard 2/3rds the book, then asked for another £9.99 to finish it. Terrible considering I am already a premium member",Rated 1 out of 5 stars,buyer beware on premium,buyer beware on premium i have been a premium member for over 12yrs recently started listening to spotify audiobooks and find that the listening time is capped so i only heard 23rds the book then asked for another 999 to finish it terrible considering i am already a premium member,1
2024-04-06,The Support service not polite he…,"The Support service not polite he closed the chat before he solve my problem, Really Dirty",Rated 1 out of 5 stars,the support service not polite he,the support service not polite he closed the chat before he solve my problem really dirty,1
2024-04-05,Terrible,"Terrible, charged me for premium and wont refund me even though i dont use it",Rated 1 out of 5 stars,terrible,terrible charged me for premium and wont refund me even though i dont use it,1
2024-04-04,Very disappointed with the customer…,"Very disappointed with the customer support.  With the new launch of the audiobooks there was an error which caused the chapters of the books to shuffle into random order.  This problem caused my listening listening time to be used up without me being able to listen to my audio book in order as intended.  Spotify said they knew there was a problem and they were looking into it to fix it. They accepted that their problem was unacceptable. But to rectify it they would be able to do anything.  I said reinstating my listening time would help. They said no its £10 to buy more listening time.  You're joking! I said, you want me to pay you?!  Yes if I intend to keep on listening I would need to buy more listening time.  I asked to speak to a manager and after 2and a half hours explaining the problem and what solution would be right, the manager decided to take the side of his employee and not give me more listening time and I would have to pay to listen any longer or wait until my allowance renewed next month!  Disgusting customer support 😡",Rated 1 out of 5 stars,very disappointed with the customer,very disappointed with the customer support  with the new launch of the audiobooks there was an error which caused the chapters of the books to shuffle into random order  this problem caused my listening listening time to be used up without me being able to listen to my audio book in order as intended  spotify said they knew there was a problem and they were looking into it to fix it they accepted that their problem was unacceptable but to rectify it they would be able to do anything  i said reinstating my listening time would help they said no its 10 to buy more listening time  youre joking i said you want me to pay you  yes if i intend to keep on listening i would need to buy more listening time  i asked to speak to a manager and after 2and a half hours explaining the problem and what solution would be right the manager decided to take the side of his employee and not give me more listening time and i would have to pay to listen any longer or wait until my allowance renewed next month  disgusting customer support ,1
2024-04-02,"Extremely buggy, and has been since its release.","Tons of worthless features appear, and essential things for a music player, like the play and skip button, on a music player, often fail to do their job. A new perplexing bug appears every week as if that's part of your subscription. A fascinating example: hitting the play button starts a song and a podcast playing on top of each other. How can you mess up this majorly? Podcasts refuse to play, asking yout to check your 'data saver settings,' even though they are turned off. A buggy, but desired, feature- listening to content along with friends, even after being fully released and not in beta fails to outright work, and sometimes skips from part of a song to another part of the same song, only for some people in the 'listen along' session. Take your pick, you will be amazed. It is as if new bugs are what you pay for. I, personally do not care for new features and wrapped at the end of the year. I want to not have to pay for something and have it frustrate me so much that I spend 2 hours of my day looking for alternatives and writing a Trustpilot review, but here we are. Competitors that are worth having a look at are Deezer, QoBuz, and Tidal.",Rated 1 out of 5 stars,extremely buggy and has been since its release,tons of worthless features appear and essential things for a music player like the play and skip button on a music player often fail to do their job a new perplexing bug appears every week as if thats part of your subscription a fascinating example hitting the play button starts a song and a podcast playing on top of each other how can you mess up this majorly podcasts refuse to play asking yout to check your data saver settings even though they are turned off a buggy but desired feature listening to content along with friends even after being fully released and not in beta fails to outright work and sometimes skips from part of a song to another part of the same song only for some people in the listen along session take your pick you will be amazed it is as if new bugs are what you pay for i personally do not care for new features and wrapped at the end of the year i want to not have to pay for something and have it frustrate me so much that i spend 2 hours of my day looking for alternatives and writing a trustpilot review but here we are competitors that are worth having a look at are deezer qobuz and tidal,1
2024-03-29,"Another dinosaur,the next my space","Used to be good, now it's one of the worst platforms for artists and consumer. I mean you can't even pick a song and play it but rather it will pick songs for you. 🤢 Ridiculous business model and the exec team needs a reshufle if they want to gain customer loyalty. More and more people are rightly leaving the platform and only have bad experiences to talk About. Even YouTube with adds is a better option.",Rated 1 out of 5 stars,another dinosaurthe next my space,used to be good now its one of the worst platforms for artists and consumer i mean you cant even pick a song and play it but rather it will pick songs for you  ridiculous business model and the exec team needs a reshufle if they want to gain customer loyalty more and more people are rightly leaving the platform and only have bad experiences to talk about even youtube with adds is a better option,1
2024-03-29,I use the free version of Spotify…,I use the free version of Spotify because I am unwilling to pay an exuberant price for a at best so so product. For that price I can get serious satellite radio and be able to listen anywhere anytime never need service. It's probably time to move my stuff to YouTube music. I would continue with the free version if it wasn't playing more commercials than songs. And probably the biggest problem is the way they treat their artists big and small and yet they expect us to give them money for crap service. Or you don't pay them and get in even crappier service.,Rated 1 out of 5 stars,i use the free version of spotify,i use the free version of spotify because i am unwilling to pay an exuberant price for a at best so so product for that price i can get serious satellite radio and be able to listen anywhere anytime never need service its probably time to move my stuff to youtube music i would continue with the free version if it wasnt playing more commercials than songs and probably the biggest problem is the way they treat their artists big and small and yet they expect us to give them money for crap service or you dont pay them and get in even crappier service,1
2024-03-28,they are not being fair with small…,"they are not being fair with small artists accusing them of false listener illusions while the artists don't know anything about it. and the case since big artists are not paid by Spotify is no longer an open secret, indeed this parasitic company must be destroyed by law.",Rated 1 out of 5 stars,they are not being fair with small,they are not being fair with small artists accusing them of false listener illusions while the artists dont know anything about it and the case since big artists are not paid by spotify is no longer an open secret indeed this parasitic company must be destroyed by law,1
2024-03-21,I’ve been a premium member for years,"I’ve been a premium member for years, half way through an audiobook telling me I’ve ran out of listening time, but can purchase 10 hours for 9.99, disgusting",Rated 1 out of 5 stars,ive been a premium member for years,ive been a premium member for years half way through an audiobook telling me ive ran out of listening time but can purchase 10 hours for 999 disgusting,1
2024-03-19,"negative - neutral opinion, still using spotify because of family membership account","- i tried to get my data back, got stuck in a support loop resulting in different support employees sounding like bots, answering with generic non-helping advice every time and never really addressing my problem. - i cannot see the list of my music listening history, as somehow they don't want that i can re-listen to the same music, ushering me to listen to new music every time. - its quite expensive for a premium membership and not giving the artists enough money/credit for my listening activity.  on the plus: apparently as a new artist you can pay spotify to include you in one of their ""release radar"" playlists to get new followers.  they seem to have enough money and time to play around with ""spotify tarot"" mini-games inside the app which were a fun thing to do once.",Rated 2 out of 5 stars,negative  neutral opinion still using spotify because of family membership account, i tried to get my data back got stuck in a support loop resulting in different support employees sounding like bots answering with generic nonhelping advice every time and never really addressing my problem  i cannot see the list of my music listening history as somehow they dont want that i can relisten to the same music ushering me to listen to new music every time  its quite expensive for a premium membership and not giving the artists enough moneycredit for my listening activity  on the plus apparently as a new artist you can pay spotify to include you in one of their release radar playlists to get new followers  they seem to have enough money and time to play around with spotify tarot minigames inside the app which were a fun thing to do once,2
2024-03-19,They say I have been downloading files,They say I have been downloading files? Haven't done anything and they continue to block my account. A SCAM11 Will go to TIDAL,Rated 1 out of 5 stars,they say i have been downloading files,they say i have been downloading files havent done anything and they continue to block my account a scam11 will go to tidal,1
2024-03-18,too complicated to set up family memebership,"recently set up family premium membership, spotify VERY efficient at taking the increased fee, but adding members of the family a NIGHTMARE, as when they finally can join, they cannot use the Premium features???.... not helped by having to leave the app and go to spotify online to set up for some prehistoric reason  No help from the app or website.... only advice might be somewhere in the mass of online community comments.... really poor compared to other app friendly music streamers",Rated 1 out of 5 stars,too complicated to set up family memebership,recently set up family premium membership spotify very efficient at taking the increased fee but adding members of the family a nightmare as when they finally can join they cannot use the premium features not helped by having to leave the app and go to spotify online to set up for some prehistoric reason  no help from the app or website only advice might be somewhere in the mass of online community comments really poor compared to other app friendly music streamers,1
2024-03-17,Scamming…and probably pocketing the…,"Scamming…and probably pocketing the money from the so called “frudulent streams”. It’s all a scam and here is the bigger problem they can’t stop. Let’s say Spotify was an actual artist and I didn’t like them…well I could easily hire one of the hundreds of promo companies real or fake to run up their numbers and force Spotify to flag them for fraudulent streams until they get banned. All anonymous and unbeknownst to Spotify the artists. God forbid you get traction on social media and added to playlist, your getting flagged. Mofos don’t want to pay what they owe……",Rated 1 out of 5 stars,scammingand probably pocketing the,scammingand probably pocketing the money from the so called frudulent streams its all a scam and here is the bigger problem they cant stop lets say spotify was an actual artist and i didnt like themwell i could easily hire one of the hundreds of promo companies real or fake to run up their numbers and force spotify to flag them for fraudulent streams until they get banned all anonymous and unbeknownst to spotify the artists god forbid you get traction on social media and added to playlist your getting flagged mofos dont want to pay what they owe,1
2024-03-17,If you are a small artist on this DSP,If you are a small artist on this DSP. All they will do is accuse you of having fake streams. My music has been taken down 3 times for “streaming fraud”. Spotify does this all the time.,Rated 1 out of 5 stars,if you are a small artist on this dsp,if you are a small artist on this dsp all they will do is accuse you of having fake streams my music has been taken down 3 times for streaming fraud spotify does this all the time,1
2024-03-16,Love Spotify ❤️,Love Spotify ❤️ No issues everything works well sounds good Love the convenience especially got it for music 🎶 out and about I'm using it more often at home now running through my mine hifi speakers 🔊,Rated 5 out of 5 stars,love spotify ,love spotify  no issues everything works well sounds good love the convenience especially got it for music  out and about im using it more often at home now running through my mine hifi speakers ,5
2024-03-15,I pay premium,I pay premium. Why do I have suggestions of new releases popping up constantly?? Can’t care less of Taylor S new album mate,Rated 1 out of 5 stars,i pay premium,i pay premium why do i have suggestions of new releases popping up constantly cant care less of taylor s new album mate,1
2024-03-12,This company sucks,This company sucks. All they do if you are a small musician is accusing you of having fake listens. My music has been taken down twice for BS reason. The real problem here is that Spofity will look the other way when big artist have fake listens and don't care.,Rated 1 out of 5 stars,this company sucks,this company sucks all they do if you are a small musician is accusing you of having fake listens my music has been taken down twice for bs reason the real problem here is that spofity will look the other way when big artist have fake listens and dont care,1
2024-03-11,lazy devs,"It's ok, but way too expensive for how lazy they've got lately. No new features, like antive playback speed. That's honeslty crazy, EVERY OTHER music player has a way to control playback speed, why not spotify. I be here looking for ""sped up version"" because I can't change playback speed. I think I will move to youtube music if this continues to be the case for too long.",Rated 3 out of 5 stars,lazy devs,its ok but way too expensive for how lazy theyve got lately no new features like antive playback speed thats honeslty crazy every other music player has a way to control playback speed why not spotify i be here looking for sped up version because i cant change playback speed i think i will move to youtube music if this continues to be the case for too long,3
2024-03-07,"Sorry, I'm done with them","I was a loyal Spotify Premium user for the past 2 years. Now migrating my songs and albums to an alternative platform. What happened ? I was left without music for snowboarding vacation in the mountains because their app is crap - you need to log in again to prolong your premium and enter your card again. Not extended on time premium account is worse than a freemium account (see 2). It was the last drop.  1. The personal music recommendation engine is based on obvious : same artist, same genre. 2. Spotify puts too much pressure immediately if you fail to prolong your Premium: 3 ads (30 seconds each) after every song, your offline playlists are not available anymore, you can't skip more than 6 songs in 1 hr. I think this list of such ""features"" is not complete. 3. UX - hard to navigate in the app and the website, hard to edit your playlists. 4. A lot of music is not yet in Spotify, especially some remixes. 5. Music search - no misspelling tolerated. 6. You can't enlist all the songs of the author - need to search in the albums.",Rated 1 out of 5 stars,sorry im done with them,i was a loyal spotify premium user for the past 2 years now migrating my songs and albums to an alternative platform what happened  i was left without music for snowboarding vacation in the mountains because their app is crap  you need to log in again to prolong your premium and enter your card again not extended on time premium account is worse than a freemium account see 2 it was the last drop  1 the personal music recommendation engine is based on obvious  same artist same genre 2 spotify puts too much pressure immediately if you fail to prolong your premium 3 ads 30 seconds each after every song your offline playlists are not available anymore you cant skip more than 6 songs in 1 hr i think this list of such features is not complete 3 ux  hard to navigate in the app and the website hard to edit your playlists 4 a lot of music is not yet in spotify especially some remixes 5 music search  no misspelling tolerated 6 you cant enlist all the songs of the author  need to search in the albums,1
2024-03-06,worst app ever,"worst app ever, ads every 2 seconds",Rated 1 out of 5 stars,worst app ever,worst app ever ads every 2 seconds,1
2024-03-04,Do NOT give them money!,"Well, I've had issues with my account being laden with terrible Italian techno, etc for years, which would take hours to clear every time someone hijacked my account. But an email popped up right when I was looking for something in an unfocused inbox folder (thanks, Gmail 😠) saying """"So and So has just joined your Premium Family Plan! You now have SIX members""! What the eff? I go to my account; lo and behold not only have six POS' been using my account (I reported them, but Spotify won't do eff all), they somehow managed to change it so my PayPal was charged double what I was previously signed up for, ten years ago. The a-holes at Spotify are well aware of the issue and encourage it, because every stream gets them paid. There was no two-step verification, which should be automatic when any sort of finance is involved. These people are monsters, and I dearly hope Karma has been paying attention, because I guarantee they will never stop. It's bad enough the artists are getting terribly short-changed for their intellectual property.  She sees everything.",Rated 1 out of 5 stars,do not give them money,well ive had issues with my account being laden with terrible italian techno etc for years which would take hours to clear every time someone hijacked my account but an email popped up right when i was looking for something in an unfocused inbox folder thanks gmail  saying so and so has just joined your premium family plan you now have six members what the eff i go to my account lo and behold not only have six pos been using my account i reported them but spotify wont do eff all they somehow managed to change it so my paypal was charged double what i was previously signed up for ten years ago the aholes at spotify are well aware of the issue and encourage it because every stream gets them paid there was no twostep verification which should be automatic when any sort of finance is involved these people are monsters and i dearly hope karma has been paying attention because i guarantee they will never stop its bad enough the artists are getting terribly shortchanged for their intellectual property  she sees everything,1
2024-03-03,The accuracy of the top tracks feature…,"The accuracy of the top tracks feature is ridiculous. Songs I play frequently, perhaps over a hundred times in a week, are ranked lower than 50, while a song I've only listened to once can make it to the top 10. This inconsistency is incredibly discomforting. Even basic smartphone apps can handle this calculation more accurately, and it's disappointing that a tech giant like Spotify falls short in this aspect. I'm seriously considering switching to a different platform.",Rated 1 out of 5 stars,the accuracy of the top tracks feature,the accuracy of the top tracks feature is ridiculous songs i play frequently perhaps over a hundred times in a week are ranked lower than 50 while a song ive only listened to once can make it to the top 10 this inconsistency is incredibly discomforting even basic smartphone apps can handle this calculation more accurately and its disappointing that a tech giant like spotify falls short in this aspect im seriously considering switching to a different platform,1
2024-02-28,They are THIEVES!!!,Constant same recommend music. But worst of all they are thieving units. They kept taking money out my account when I had cancelled my Spotify as it is s#) 'to. Honestly don't sign up to a subscription crap service and you won't get your money back if same happens to you as has with me. And you can't phone them. Try email and you will get nowhere. Honestly stay well away,Rated 1 out of 5 stars,they are thieves,constant same recommend music but worst of all they are thieving units they kept taking money out my account when i had cancelled my spotify as it is s to honestly dont sign up to a subscription crap service and you wont get your money back if same happens to you as has with me and you cant phone them try email and you will get nowhere honestly stay well away,1
2024-02-28,Spotify keeps pushing unrefuseable ads…,Spotify keeps pushing unrefuseable ads for gambling and alcohol. I don’t know how much these people are paying Spotify. It is every time I open the app.,Rated 1 out of 5 stars,spotify keeps pushing unrefuseable ads,spotify keeps pushing unrefuseable ads for gambling and alcohol i dont know how much these people are paying spotify it is every time i open the app,1
2024-02-25,Really awful customer service,No Content,Rated 1 out of 5 stars,really awful customer service,no content,1
2024-02-25,Don't waste your time,"I've been a loyal Spotify Premium user for years, but the current state of their Android app is testing my patience. The app's performance has been disappointing, with constant bugs affecting music downloads and playback. I've had to delete and redownload my music library multiple times due to these issues. To make matters worse, the app often refuses to open, forcing me to go through the whole setup process again. This not only eats up my time but also my data allowance, as I can't listen to music offline. Paying for a service that's meant to deliver seamless music listening but instead delivers frustration is becoming increasingly hard to justify. I'm now actively looking for alternatives to transfer my music library to, as Spotify seems more focused on adding features than ensuring the app works reliably for their paying customers.",Rated 1 out of 5 stars,dont waste your time,ive been a loyal spotify premium user for years but the current state of their android app is testing my patience the apps performance has been disappointing with constant bugs affecting music downloads and playback ive had to delete and redownload my music library multiple times due to these issues to make matters worse the app often refuses to open forcing me to go through the whole setup process again this not only eats up my time but also my data allowance as i cant listen to music offline paying for a service thats meant to deliver seamless music listening but instead delivers frustration is becoming increasingly hard to justify im now actively looking for alternatives to transfer my music library to as spotify seems more focused on adding features than ensuring the app works reliably for their paying customers,1
2024-02-25,Only option is chat,"Only option is chat, you wait ages for the agent to respond to simple query, no phone number to ring, terrible service and I have a family premium account!",Rated 1 out of 5 stars,only option is chat,only option is chat you wait ages for the agent to respond to simple query no phone number to ring terrible service and i have a family premium account,1
2024-02-25,You make playlists which you never see…,You make playlists which you never see again. To add insult to injury Spotify then FLOODS your playlist with dire rubbish.,Rated 1 out of 5 stars,you make playlists which you never see,you make playlists which you never see again to add insult to injury spotify then floods your playlist with dire rubbish,1
2024-02-24,Pay premium price but chat with agent…,Pay premium price but chat with agent Andrew Michael T service suks.,Rated 1 out of 5 stars,pay premium price but chat with agent,pay premium price but chat with agent andrew michael t service suks,1
2024-02-22,I can listen all my favourite songs.,No Content,Rated 5 out of 5 stars,i can listen all my favourite songs,no content,5
2024-02-21,I pay for premium and have for years,"I pay for premium and have for years, and now I am forced to listen to ads... EVEN THOUGH I AM PAYING THEM.",Rated 1 out of 5 stars,i pay for premium and have for years,i pay for premium and have for years and now i am forced to listen to ads even though i am paying them,1
2024-02-19,Desktop app is a laggy mess,"The desktop app has been broken for 2 years. Works fine for 5 minutes then experiences unbearable lag, sometimes I'd have to wait minutes just to play or pause a song. This is on every computer I've tried it on both fast and old. Support also don't care about resolving the issue they just make you go through loads of steps to try fix it, which resolves nothing. Soon as my student discount expires I'm done with this mess.",Rated 1 out of 5 stars,desktop app is a laggy mess,the desktop app has been broken for 2 years works fine for 5 minutes then experiences unbearable lag sometimes id have to wait minutes just to play or pause a song this is on every computer ive tried it on both fast and old support also dont care about resolving the issue they just make you go through loads of steps to try fix it which resolves nothing soon as my student discount expires im done with this mess,1
2024-02-19,Customer Support seems to be run by drunk toddlers,"I've never had such a frustrating experience contacting the Customer Support of any company in my entire life. Their agents just log off in the middle of your conversation over and over again. I eventually asked to raise a formal complaint, twice, and both agents just closed my chat midway through the conversation about that as well.  Spotify execs, do you have real people actually manning your customer support or is it just poorly programmed AI?! It it's the latter, it doesn't work, if it's the former, your customer service agents are taking the p*ss out of you and doing no work.  I spent 1 hr 40 mins on the chat function and spoke to 7 different agents, each more inept than the last. If you don't allow people to report violent & threatening content on your platform then you're not fit for purpose. Employ some customer service reps with a brain and try again!!",Rated 1 out of 5 stars,customer support seems to be run by drunk toddlers,ive never had such a frustrating experience contacting the customer support of any company in my entire life their agents just log off in the middle of your conversation over and over again i eventually asked to raise a formal complaint twice and both agents just closed my chat midway through the conversation about that as well  spotify execs do you have real people actually manning your customer support or is it just poorly programmed ai it its the latter it doesnt work if its the former your customer service agents are taking the pss out of you and doing no work  i spent 1 hr 40 mins on the chat function and spoke to 7 different agents each more inept than the last if you dont allow people to report violent  threatening content on your platform then youre not fit for purpose employ some customer service reps with a brain and try again,1
2024-02-17,Always ask for reset password every…,"Always ask for reset password every week, can I just listen to my music?",Rated 1 out of 5 stars,always ask for reset password every,always ask for reset password every week can i just listen to my music,1
2024-02-16,Great customised experience,No Content,Rated 5 out of 5 stars,great customised experience,no content,5
2024-02-12,The WORST Customer Service and Support I've Encountered,"I am a professional playlist curator and I've been spending years by building up a follower/listener base of my playlists. Suddenly, my playlists are getting banned with no reason stated, literally deleting years of my work in a second. After contacting support literally dozens of times, the agents don't communicate, providing no information, logging off in the middle of conversation and they refuse to transfer my issue to specialized team. This is absolutely insane! This behavior seriously harms my business and I have absolutely no way to defend my case or to actually know why they keep banning my playlists while I am 110% sure I do not violate any rules and TOS. I am giving the support and service 0/5!!!",Rated 1 out of 5 stars,the worst customer service and support ive encountered,i am a professional playlist curator and ive been spending years by building up a followerlistener base of my playlists suddenly my playlists are getting banned with no reason stated literally deleting years of my work in a second after contacting support literally dozens of times the agents dont communicate providing no information logging off in the middle of conversation and they refuse to transfer my issue to specialized team this is absolutely insane this behavior seriously harms my business and i have absolutely no way to defend my case or to actually know why they keep banning my playlists while i am 110 sure i do not violate any rules and tos i am giving the support and service 05,1
2024-02-10,Tried to purchase an audiobook but no…,Tried to purchase an audiobook but no search function on web browser on safari or chrome. The book exists because it comes up in the app fine but you can’t buy in the app. Checked settings but other websites work fine. Contacted customer services and of course they talked a load of nonsense so I said ok I’ll buy it elsewhere.,Rated 1 out of 5 stars,tried to purchase an audiobook but no,tried to purchase an audiobook but no search function on web browser on safari or chrome the book exists because it comes up in the app fine but you cant buy in the app checked settings but other websites work fine contacted customer services and of course they talked a load of nonsense so i said ok ill buy it elsewhere,1
2024-02-10,Spotify wants me to upgrade bit I already have premium,Spotify keeps saying that I have to uograde to premium but I also have a premium subscription. The new interface is disgracefull. Bad design and is confusing.,Rated 1 out of 5 stars,spotify wants me to upgrade bit i already have premium,spotify keeps saying that i have to uograde to premium but i also have a premium subscription the new interface is disgracefull bad design and is confusing,1
2024-02-09,Canceled family subscriptions to make…,"Canceled family subscriptions to make more money. Will switch soon to another streaming service, with more reasonable prices.",Rated 1 out of 5 stars,canceled family subscriptions to make,canceled family subscriptions to make more money will switch soon to another streaming service with more reasonable prices,1
2024-02-09,It’s just a scam don’t fall for it I…,"It’s just a scam don’t fall for it I paid the monthly subscription and the money was debited from my side but my account was still not activated for premium when I asked it they say it’s not paid also I provided all details for the payment , later they banned my number from Spotify and I can no longer use it also they scammed my money",Rated 1 out of 5 stars,its just a scam dont fall for it i,its just a scam dont fall for it i paid the monthly subscription and the money was debited from my side but my account was still not activated for premium when i asked it they say its not paid also i provided all details for the payment  later they banned my number from spotify and i can no longer use it also they scammed my money,1
2024-02-04,I LOVE this app,"I LOVE this app! Absolutely awesome content, recommendations and constantly upgrading with new features. I think it is ridiculously cheap for what you're getting. I would pay 4 times what they charge. Excellent selection of music and podcasts.",Rated 5 out of 5 stars,i love this app,i love this app absolutely awesome content recommendations and constantly upgrading with new features i think it is ridiculously cheap for what youre getting i would pay 4 times what they charge excellent selection of music and podcasts,5
2024-02-01,AVOID AVOID AVOID I have been trying to…,"AVOID AVOID AVOID I have been trying to cancel my premium subscription for years and they still continue to charge me. The only way to block it is through a bank request, but those aren’t permanent. Zero way to contact them, zero way to log in and cancel through the website because when I reset my password, they don’t send an email link to do so. Now locked out of account, no way to cancel, no way to contact anyone, and my account has been charged for years! So frustrating.",Rated 1 out of 5 stars,avoid avoid avoid i have been trying to,avoid avoid avoid i have been trying to cancel my premium subscription for years and they still continue to charge me the only way to block it is through a bank request but those arent permanent zero way to contact them zero way to log in and cancel through the website because when i reset my password they dont send an email link to do so now locked out of account no way to cancel no way to contact anyone and my account has been charged for years so frustrating,1
2024-02-01,Before all songs always displayed…,Before all songs always displayed lyrics but now it doesn't show up anymore. It would be a waste of money not even be able to download music to listen to offline,Rated 3 out of 5 stars,before all songs always displayed,before all songs always displayed lyrics but now it doesnt show up anymore it would be a waste of money not even be able to download music to listen to offline,3
2024-01-31,Horrible service,No Content,Rated 1 out of 5 stars,horrible service,no content,1
2024-01-28,Terrible desktop app not userfriendly,"Spotify costs a lot of money, but as a user, you're offered userfriendly app nor lossless music. The Spotify desktop app is a disaster; who programmed this? Do you have no designer? Don't you think about user-friendliness? Why is it suddenly so hard to create a playlist and rearrange things? Why can't you find this week's releases more easily? My own playlist can not be found among playlists earch. Everything has become too difficult and messy. What you've become best at is ruining the user experience and for yourself. Remember that you gained a lot of ground on user-friendliness; you could easily create a playlist, and you understood the application when you opened it. As it is right now, sitting in front of the computer, it's hard to believe that this is the same company as when it started. I saw that YouTube Music just improved its user interface; I will switch there as soon as my subscription is over!""",Rated 1 out of 5 stars,terrible desktop app not userfriendly,spotify costs a lot of money but as a user youre offered userfriendly app nor lossless music the spotify desktop app is a disaster who programmed this do you have no designer dont you think about userfriendliness why is it suddenly so hard to create a playlist and rearrange things why cant you find this weeks releases more easily my own playlist can not be found among playlists earch everything has become too difficult and messy what youve become best at is ruining the user experience and for yourself remember that you gained a lot of ground on userfriendliness you could easily create a playlist and you understood the application when you opened it as it is right now sitting in front of the computer its hard to believe that this is the same company as when it started i saw that youtube music just improved its user interface i will switch there as soon as my subscription is over,1
2024-01-27,Nice and cool very nice company,No Content,Rated 5 out of 5 stars,nice and cool very nice company,no content,5
2024-01-27,Nice and good company thank you,No Content,Rated 5 out of 5 stars,nice and good company thank you,no content,5
2024-01-24,Useless customer support,Useless customer support. I have been a paid-up member for over five years. Their suggestions to fix my issue did not work. Now they won't respond to my polite emails asking for help. I have now given up and posted an honest review here instead.,Rated 1 out of 5 stars,useless customer support,useless customer support i have been a paidup member for over five years their suggestions to fix my issue did not work now they wont respond to my polite emails asking for help i have now given up and posted an honest review here instead,1
2024-01-24,Adore this service,"Forever in my heart for those emotions I experienced back when I was listening to my favorite music and was forced to pass through tons of hardships in my life. Music can heal, actually, Spotify's music collections are also awesome. I am not fond of listening to them, but from time to time when my playlist annoys me, I can listen something from them. Plus, this seamless music crossfade allows me to create real mixtapes consisted of tons of songs.",Rated 5 out of 5 stars,adore this service,forever in my heart for those emotions i experienced back when i was listening to my favorite music and was forced to pass through tons of hardships in my life music can heal actually spotifys music collections are also awesome i am not fond of listening to them but from time to time when my playlist annoys me i can listen something from them plus this seamless music crossfade allows me to create real mixtapes consisted of tons of songs,5
2024-01-23,I don't know about other people but…,"I don't know about other people but spotify has certainly revolutinized the way I access, enjoy, and discover music and podcasts!  their library is insane. it is as good as youtube music, maybe even better, i don't know. but more importantly, i used to listen all my podcasts from the official podcasts app of Apple. Now I don't do that, I only go for spotify for my regular intakes of the joe rogan podcasts, andrew huberman, lex fridman and all that jazz.  I also love the suggested and recommended playlists that are prepared by the spotify, and the shuffle radio. I get to discover sooo many great tracks that i have not heard before especially when i am trying out a new genre!  the app is perfectly easy to use, the drive mode is very very effective and does not distract me at all when im driving, the overall user interface is pretty intuitive and user friendly as well. Being able to download the songs and podcasts is obviously not something new but it obviously adds to the satisfaction i get from the app.",Rated 5 out of 5 stars,i dont know about other people but,i dont know about other people but spotify has certainly revolutinized the way i access enjoy and discover music and podcasts  their library is insane it is as good as youtube music maybe even better i dont know but more importantly i used to listen all my podcasts from the official podcasts app of apple now i dont do that i only go for spotify for my regular intakes of the joe rogan podcasts andrew huberman lex fridman and all that jazz  i also love the suggested and recommended playlists that are prepared by the spotify and the shuffle radio i get to discover sooo many great tracks that i have not heard before especially when i am trying out a new genre  the app is perfectly easy to use the drive mode is very very effective and does not distract me at all when im driving the overall user interface is pretty intuitive and user friendly as well being able to download the songs and podcasts is obviously not something new but it obviously adds to the satisfaction i get from the app,5
2024-01-22,They don't honour all artists for…,"They don't honour all artists for creating, recording and supplying to spotify. while spotify is getting fatter they don't pay out to the rights owner that have less than 1000 streams.",Rated 1 out of 5 stars,they dont honour all artists for,they dont honour all artists for creating recording and supplying to spotify while spotify is getting fatter they dont pay out to the rights owner that have less than 1000 streams,1
2024-01-21,Very nice next time l will come to your…,Very nice next time l will come to your place,Rated 5 out of 5 stars,very nice next time l will come to your,very nice next time l will come to your place,5
2024-01-21,By far Spotify has been the only music…,By far Spotify has been the only music streaming service that has somewhat polished and user friendly interface. I really appreciate that Spotify experience between devices has been very seamless and seems to be integrated flawlessly. Spotify premium is worth it just to get away from hearing those annoying Spotify ads,Rated 4 out of 5 stars,by far spotify has been the only music,by far spotify has been the only music streaming service that has somewhat polished and user friendly interface i really appreciate that spotify experience between devices has been very seamless and seems to be integrated flawlessly spotify premium is worth it just to get away from hearing those annoying spotify ads,4
2024-01-21,And not only for Spotify,"Not only for Spotify, but also for CDs and other sound carriers related to playlists. Loudness not the same. Or loud or soft. for as long as I've been listening to music. Keep adjusting the volume. 'Worthless'. It would be nice if 'Spotify' would technically correct this and adjust it together...!",Rated 3 out of 5 stars,and not only for spotify,not only for spotify but also for cds and other sound carriers related to playlists loudness not the same or loud or soft for as long as ive been listening to music keep adjusting the volume worthless it would be nice if spotify would technically correct this and adjust it together,3
2024-01-21,Non stop ads even when paying 19.00 per month,"Even when you pay $19 a month, you are bombarded nonstop with advertising and Spotify promoting their choices in music, books, podcasting. Pathetic BS. Waste of money!",Rated 1 out of 5 stars,non stop ads even when paying 1900 per month,even when you pay 19 a month you are bombarded nonstop with advertising and spotify promoting their choices in music books podcasting pathetic bs waste of money,1
2024-01-20,Absolute Crap,Absolute Crap. Can't even play my own playlists. You should have been happy with the money from ads and not try to screw money from pensioner,Rated 1 out of 5 stars,absolute crap,absolute crap cant even play my own playlists you should have been happy with the money from ads and not try to screw money from pensioner,1
2024-01-20,Pays awfully for artists,"Pays awfully for artists, artists beware they willl steal your money without a care, it really annoys me that spotify gets away with this and people listening to the music dont know (or probably even care), as a musician myself i usually prefer to buy direct from the artist and support them whereas spotify forces artists to put their music on it or else nobody would listen to them in todays day and age",Rated 2 out of 5 stars,pays awfully for artists,pays awfully for artists artists beware they willl steal your money without a care it really annoys me that spotify gets away with this and people listening to the music dont know or probably even care as a musician myself i usually prefer to buy direct from the artist and support them whereas spotify forces artists to put their music on it or else nobody would listen to them in todays day and age,2
2024-01-19,Keeps redownloading my playlists.,Keeps redownloading my playlists. This has been apparently an issue for nearly 8 years with various users but they sweep it under with general responses and won't fix their bugs.  The files are all there but it keeps downloading them anyway.  All responses now are bots. The moment any company starts using bots to reply to everything they are on their way down as you can never raise an issue.,Rated 2 out of 5 stars,keeps redownloading my playlists,keeps redownloading my playlists this has been apparently an issue for nearly 8 years with various users but they sweep it under with general responses and wont fix their bugs  the files are all there but it keeps downloading them anyway  all responses now are bots the moment any company starts using bots to reply to everything they are on their way down as you can never raise an issue,2
2024-01-19,This really helps me with my work,"This really helps me with my work, I have lots of playlists of songs which I can play both online and offline. I love now that they have included audio books in the membership. Thank you!",Rated 5 out of 5 stars,this really helps me with my work,this really helps me with my work i have lots of playlists of songs which i can play both online and offline i love now that they have included audio books in the membership thank you,5
2024-01-17,Change the history of music,"Spotify's offline listening feature is a game changer. Being able to download my favorite tracks and playlists ensures that I can enjoy music even when I don't have a stable internet connection making it a convenient and versatile platform. I also appreciate Spotify's commitment to supporting artists. The platform offers features like Spotify for artists, helping musicians connect with their audience and grow their fan base. I use Spotify daily and it great app.",Rated 5 out of 5 stars,change the history of music,spotifys offline listening feature is a game changer being able to download my favorite tracks and playlists ensures that i can enjoy music even when i dont have a stable internet connection making it a convenient and versatile platform i also appreciate spotifys commitment to supporting artists the platform offers features like spotify for artists helping musicians connect with their audience and grow their fan base i use spotify daily and it great app,5
2024-01-16,It's becoming a rip off.,No Content,Rated 3 out of 5 stars,its becoming a rip off,no content,3
2024-01-14,Audiobooks rediculously expensive,Spotify audiobooks absolutely dreadful and soooo expensive. Lured in with 15 hours of audio and happy to pay one extension fee of £9.99 but when you still haven’t finished the book and they ask for another £9.99 that’s dreadful. Works out at over £19.98 plus per book. It just doesn’t make sense. You can buy the book on Apple Books for £7.99. Very disappointing. I wouldn’t recommend them.,Rated 1 out of 5 stars,audiobooks rediculously expensive,spotify audiobooks absolutely dreadful and soooo expensive lured in with 15 hours of audio and happy to pay one extension fee of 999 but when you still havent finished the book and they ask for another 999 thats dreadful works out at over 1998 plus per book it just doesnt make sense you can buy the book on apple books for 799 very disappointing i wouldnt recommend them,1
2024-01-14,its so terrible I can't hear the lyrics…,"Spotify is so terrible I can't hear the lyrics anymore, two weeks ago it worked but now it doesn't",Rated 1 out of 5 stars,its so terrible i cant hear the lyrics,spotify is so terrible i cant hear the lyrics anymore two weeks ago it worked but now it doesnt,1
2024-01-13,Best Music App Ever!,"Best Music App Ever! Spotify has gotten me through alot of tough times. I was 16 and went to ""hell and back a few times"" with the help of god, inner belief and music I managed to overcome depression, mental health, ptsd and anxiety. Thank you spotify :)",Rated 5 out of 5 stars,best music app ever,best music app ever spotify has gotten me through alot of tough times i was 16 and went to hell and back a few times with the help of god inner belief and music i managed to overcome depression mental health ptsd and anxiety thank you spotify ,5
2024-01-13,I've been using Spotify in UA,"I've been using Spotify for a while now, and it's hard to imagine my daily routine without it. As a music streaming platform, Spotify stands out with its vast library of songs, covering almost every genre imaginable. Whether I'm in the mood for the latest hits, classic rock, or even obscure indie tracks, Spotify seems to have it all.  The user interface is one of the highlights for me. It's clean, intuitive, and makes navigating through the extensive music collection a breeze. Creating playlists is super easy and fun, and the way Spotify suggests new music based on my listening habits is impressively accurate.  Another feature I absolutely love is the ability to download songs and listen offline. It's a lifesaver for my commutes and travels. The sound quality is consistently good, and I haven't experienced any significant issues with streaming.  Spotify's social features add an extra layer of enjoyment. Sharing playlists with friends or seeing what others are listening to is a great way to discover new music and stay connected.  Their subscription model is fair, in my opinion. The free version offers a lot, but I opted for the premium subscription to avoid ads and get better sound quality. To me, the cost is justified by the value I get out of it.  In summary, Spotify has been a fantastic service for all my music needs. It's user-friendly, offers a great selection of music, and the personalized experience makes it feel like my own personal DJ. Highly recommended for any music lover!",Rated 3 out of 5 stars,ive been using spotify in ua,ive been using spotify for a while now and its hard to imagine my daily routine without it as a music streaming platform spotify stands out with its vast library of songs covering almost every genre imaginable whether im in the mood for the latest hits classic rock or even obscure indie tracks spotify seems to have it all  the user interface is one of the highlights for me its clean intuitive and makes navigating through the extensive music collection a breeze creating playlists is super easy and fun and the way spotify suggests new music based on my listening habits is impressively accurate  another feature i absolutely love is the ability to download songs and listen offline its a lifesaver for my commutes and travels the sound quality is consistently good and i havent experienced any significant issues with streaming  spotifys social features add an extra layer of enjoyment sharing playlists with friends or seeing what others are listening to is a great way to discover new music and stay connected  their subscription model is fair in my opinion the free version offers a lot but i opted for the premium subscription to avoid ads and get better sound quality to me the cost is justified by the value i get out of it  in summary spotify has been a fantastic service for all my music needs its userfriendly offers a great selection of music and the personalized experience makes it feel like my own personal dj highly recommended for any music lover,3
2024-01-10,Avoid at all costs,Avoid at all costs. Thieves! We were gifted a One 4 All Gift card which stated Spotify was a partner. Converted the gift card to redeem against Spotify - won’t allow us to redeem as my son has a Student Account and not eligible. Basically stole £20 as unable to redeem as their terms and conditions do not allow. False advertising as clearly on the student gift card stated redeemable against Spotify. AVOID AVOID AVOID Will be cancelling subscription and going to an alternative provider.,Rated 1 out of 5 stars,avoid at all costs,avoid at all costs thieves we were gifted a one 4 all gift card which stated spotify was a partner converted the gift card to redeem against spotify  wont allow us to redeem as my son has a student account and not eligible basically stole 20 as unable to redeem as their terms and conditions do not allow false advertising as clearly on the student gift card stated redeemable against spotify avoid avoid avoid will be cancelling subscription and going to an alternative provider,1
2024-01-10,This is a joke...,"I had Premium for like 3 yers, and today, as some things had changed, i had to swap my family plan for Duo (other person is the manager). And i can't do it for whole 12 months!! This is outrageous... If You don't want to keep premium users, just say so lol.",Rated 1 out of 5 stars,this is a joke,i had premium for like 3 yers and today as some things had changed i had to swap my family plan for duo other person is the manager and i cant do it for whole 12 months this is outrageous if you dont want to keep premium users just say so lol,1
2024-01-10,Good playlist,Good playlist. I have been using it in putting my daughter to sleep. I don't have a premium but some playlists have 2 or 3 songs that are not for sleeping at all leading to my daughter waking up from time to time.,Rated 3 out of 5 stars,good playlist,good playlist i have been using it in putting my daughter to sleep i dont have a premium but some playlists have 2 or 3 songs that are not for sleeping at all leading to my daughter waking up from time to time,3
2024-01-09,Closing Account is too hard…,I have been attempting to close my account and get a refund for two months. The quoted reason for the continued billing post closure was the reactivation by spotify of an old account linked to an email address I no longer have access to.,Rated 1 out of 5 stars,closing account is too hard,i have been attempting to close my account and get a refund for two months the quoted reason for the continued billing post closure was the reactivation by spotify of an old account linked to an email address i no longer have access to,1
2024-01-08,Every conversation conveniently drops…,"Every conversation conveniently drops out, EVERY agent has a different way to NOT help, each one saying something different to the one problem I have. Does not seem like anyone in customer service actually knows how Spotify works, I have tried multiple times to rectify my problem but spotify can say goodbye to my membership, For such a big company the customer service leaves a LOT to be desired, there is Nothing good about the customer Experience.",Rated 1 out of 5 stars,every conversation conveniently drops,every conversation conveniently drops out every agent has a different way to not help each one saying something different to the one problem i have does not seem like anyone in customer service actually knows how spotify works i have tried multiple times to rectify my problem but spotify can say goodbye to my membership for such a big company the customer service leaves a lot to be desired there is nothing good about the customer experience,1
2024-01-07,Love,I love this app so much i use it everyday to listen to my favorite artists but make premium less expensive please 🙏,Rated 4 out of 5 stars,love,i love this app so much i use it everyday to listen to my favorite artists but make premium less expensive please ,4
2024-01-06,They took my money twice every month,Sabri was helpful,Rated 5 out of 5 stars,they took my money twice every month,sabri was helpful,5
2024-01-06,They keep blocking my account so i have…,They keep blocking my account so i have to contact them to unlock my account only for them to lock it again days later time to leave for good.,Rated 1 out of 5 stars,they keep blocking my account so i have,they keep blocking my account so i have to contact them to unlock my account only for them to lock it again days later time to leave for good,1
2024-01-05,NOT A MEMBER,"NOT A MEMBER, KEEP GETTING RENAWAL E MAILS TO RESIGN. NOT A OR EVER WAS A MEMBER. F.T.C. COMPLAINT FILED FOR HARRASMENT.",Rated 1 out of 5 stars,not a member,not a member keep getting renawal e mails to resign not a or ever was a member ftc complaint filed for harrasment,1
2023-12-29,Spencer (Shopify) Refuse to let me raise a complaint.,Refused to let me raise a complaint. Spoke to Spencer today 11:22 29.12.2023 and they would not let me raise a complaint or deal with my issue. They said a manger would get back to me but don't believe it for one second. Also when I asked to raise a subject access request I will told I couldn't.,Rated 1 out of 5 stars,spencer shopify refuse to let me raise a complaint,refused to let me raise a complaint spoke to spencer today 1122 29122023 and they would not let me raise a complaint or deal with my issue they said a manger would get back to me but dont believe it for one second also when i asked to raise a subject access request i will told i couldnt,1
2023-12-27,Time to stop using spotify,"Time to stop using spotify. Not only are their ads annoying, now they don't even normalize volume anymore for their ads. Get ready to listen to soft piano tunes in the background only to be SHOUTED at by a spotify ad out of nowhere. Absolutely unusable this way.",Rated 1 out of 5 stars,time to stop using spotify,time to stop using spotify not only are their ads annoying now they dont even normalize volume anymore for their ads get ready to listen to soft piano tunes in the background only to be shouted at by a spotify ad out of nowhere absolutely unusable this way,1
2023-12-27,DO NOT GET the duo accountnt get dount my partner…,just got the duo account my partner (the manager) is entitled to the 15 hours of audiobooks but I am not. it is NOT worth it! if you pay premium on eg netflix the other people get to watch the whole films..not half! not that you even get ANY audiobooks with this!!! this SHOULD include both parties being able to listen to 15 hours audiobooks each! DO NOT WASTE YOUR MONEY ON THE DUO PLAN!!! YOU HAVE BEEN WARNED ITS A WASTE OF MONEY!!!! would of given Zero stars if allowed!!!!,Rated 1 out of 5 stars,do not get the duo accountnt get dount my partner,just got the duo account my partner the manager is entitled to the 15 hours of audiobooks but i am not it is not worth it if you pay premium on eg netflix the other people get to watch the whole filmsnot half not that you even get any audiobooks with this this should include both parties being able to listen to 15 hours audiobooks each do not waste your money on the duo plan you have been warned its a waste of money would of given zero stars if allowed,1
2023-12-23,Overpriced,It is a bit of an overrated and overpriced music app. There are plenty of better and free music apps.,Rated 3 out of 5 stars,overpriced,it is a bit of an overrated and overpriced music app there are plenty of better and free music apps,3
2023-12-22,Good service,"Good service, not so sure about the creeping prices though",Rated 4 out of 5 stars,good service,good service not so sure about the creeping prices though,4
2023-12-22,pure garbage unless you pay,pure garbage unless you pay. It wont even play the song even after all the ads,Rated 1 out of 5 stars,pure garbage unless you pay,pure garbage unless you pay it wont even play the song even after all the ads,1
2023-12-20,Junk app.,"This app has always been spotty, but now it won't even open at all, anymore! Garbage. They don't always have songs I want, and there's WAAAAYYYY, way, way too many commercials and they're each way too long and there's far too many in a row. I guess if you're not forking over your hard-earned money, making these jerks rich, while we're having to eat at food banks, you're $@!+ outta luck. Music is supposed to make people happy. This music site is trash. Wish I could move all my selections to an actual, legitimate music service. How can anyone take seriously, a business that doesn't give a damned about what its users need? Whoever owns this should go back to working at McDonald's, you dunno w.t.h. you're doing.",Rated 1 out of 5 stars,junk app,this app has always been spotty but now it wont even open at all anymore garbage they dont always have songs i want and theres waaaayyyy way way too many commercials and theyre each way too long and theres far too many in a row i guess if youre not forking over your hardearned money making these jerks rich while were having to eat at food banks youre  outta luck music is supposed to make people happy this music site is trash wish i could move all my selections to an actual legitimate music service how can anyone take seriously a business that doesnt give a damned about what its users need whoever owns this should go back to working at mcdonalds you dunno wth youre doing,1
2023-12-19,WHAT A SCAM.,Me and my partner have a duo account. Only the account manager (the person that opens the account t for the Duo account) is able to access the 15hours of audiobooks each month. WHAT A SCAM. I am paying half the account and I am not entitled to the same benefits that the other person on the same account does. THIS IS A JOKE.,Rated 1 out of 5 stars,what a scam,me and my partner have a duo account only the account manager the person that opens the account t for the duo account is able to access the 15hours of audiobooks each month what a scam i am paying half the account and i am not entitled to the same benefits that the other person on the same account does this is a joke,1
2023-12-19,SPAM SPAM SPAM,"Every few days, SPOTIFY sends spam to one of my no-reply mailboxes. I don't know how they got it. That generates an auto response from me, saying ""this box doesn't accept mail. That in turn generates a response from Spotify, saying the same thing, etc, etc. I can't contact Spotify - because all I have is a no reply address. I can't log on to my account - which they suggest - because, I don't have an account. I've blocked their domain on the server, but I guess, I'm not alone in being spammed by these guys.",Rated 1 out of 5 stars,spam spam spam,every few days spotify sends spam to one of my noreply mailboxes i dont know how they got it that generates an auto response from me saying this box doesnt accept mail that in turn generates a response from spotify saying the same thing etc etc i cant contact spotify  because all i have is a no reply address i cant log on to my account  which they suggest  because i dont have an account ive blocked their domain on the server but i guess im not alone in being spammed by these guys,1
2023-12-18,Removed my family members and…,Removed my family members and housemates from my family account without any notice. No option to appeal even though we meet the terms of the policy and Spotify have made a mistake. Right before Christmas too: scrooge like behaviour. Very mean.,Rated 1 out of 5 stars,removed my family members and,removed my family members and housemates from my family account without any notice no option to appeal even though we meet the terms of the policy and spotify have made a mistake right before christmas too scrooge like behaviour very mean,1
2023-12-17,Certainly,"Certainly! Here's a comprehensive review highlighting the key features and benefits of Spotify:  ""Spotify is an unparalleled music streaming platform that has revolutionized the way we listen to music. Its vast library of over millions of songs across various genres, languages, and cultures caters to the diverse musical tastes of its users worldwide.  One of Spotify's standout features is its user-friendly interface, which offers seamless navigation through playlists, albums, and personalized recommendations. The 'Discover Weekly' and 'Release Radar' playlists intelligently curate music based on individual listening habits, introducing users to new artists and tracks they might love.  The platform's algorithm-driven recommendations, coupled with its robust search functionality, empower users to effortlessly explore and discover music tailored to their preferences. Additionally, the collaborative playlist feature fosters social engagement, allowing friends to create and contribute to shared playlists, enhancing the communal aspect of music discovery.  Spotify's subscription tiers offer flexibility, with a free ad-supported version and premium plans that unlock ad-free listening, offline downloads, higher audio quality, and unlimited skips. Its compatibility across multiple devices, including smartphones, tablets, desktops, and smart speakers, ensures music is accessible anytime, anywhere.  The platform's commitment to supporting artists through initiatives like 'Spotify for Artists' and features like 'Canvas' (which allows artists to personalize their tracks with looping visuals) demonstrates its dedication to promoting and empowering musicians.  Furthermore, Spotify's podcasts and audio content add depth to its offerings, featuring a wide range of topics, from educational series to entertaining discussions, making it a one-stop destination for both music and spoken-word content.  In conclusion, Spotify sets the gold standard for music streaming services, combining an extensive music library, intuitive interface, personalized recommendations, and support for artists. Its continuous innovation and commitment to enhancing the music streaming experience solidify its position as a leader in the industry, catering to the evolving needs of music enthusiasts worldwide.""",Rated 5 out of 5 stars,certainly,certainly heres a comprehensive review highlighting the key features and benefits of spotify  spotify is an unparalleled music streaming platform that has revolutionized the way we listen to music its vast library of over millions of songs across various genres languages and cultures caters to the diverse musical tastes of its users worldwide  one of spotifys standout features is its userfriendly interface which offers seamless navigation through playlists albums and personalized recommendations the discover weekly and release radar playlists intelligently curate music based on individual listening habits introducing users to new artists and tracks they might love  the platforms algorithmdriven recommendations coupled with its robust search functionality empower users to effortlessly explore and discover music tailored to their preferences additionally the collaborative playlist feature fosters social engagement allowing friends to create and contribute to shared playlists enhancing the communal aspect of music discovery  spotifys subscription tiers offer flexibility with a free adsupported version and premium plans that unlock adfree listening offline downloads higher audio quality and unlimited skips its compatibility across multiple devices including smartphones tablets desktops and smart speakers ensures music is accessible anytime anywhere  the platforms commitment to supporting artists through initiatives like spotify for artists and features like canvas which allows artists to personalize their tracks with looping visuals demonstrates its dedication to promoting and empowering musicians  furthermore spotifys podcasts and audio content add depth to its offerings featuring a wide range of topics from educational series to entertaining discussions making it a onestop destination for both music and spokenword content  in conclusion spotify sets the gold standard for music streaming services combining an extensive music library intuitive interface personalized recommendations and support for artists its continuous innovation and commitment to enhancing the music streaming experience solidify its position as a leader in the industry catering to the evolving needs of music enthusiasts worldwide,5
2023-12-15,They dont pay artists,"They dont pay artists, I got 350,000 streams between them and Distrokid I got paid nothing, fighting for months upon months, and now in 2024 upcoming they wont pay so I think thats why they are delaying. Boycott them. Seriously buy from local indie artists.",Rated 1 out of 5 stars,they dont pay artists,they dont pay artists i got 350000 streams between them and distrokid i got paid nothing fighting for months upon months and now in 2024 upcoming they wont pay so i think thats why they are delaying boycott them seriously buy from local indie artists,1
2023-12-15,Cookie Policy,"Never had many issues, not a huge user. Cookie Policies seem to have changed... and they're disingenuous... 'we respect your pricvacy' and that's why we're sending your details to out 2,000 third paty friends. Pass... I'kll find someone else to give money to or do without.",Rated 3 out of 5 stars,cookie policy,never had many issues not a huge user cookie policies seem to have changed and theyre disingenuous we respect your pricvacy and thats why were sending your details to out 2000 third paty friends pass ikll find someone else to give money to or do without,3
2023-12-14,Very happy with this service,"Very happy with this service. Not sure why the low rating, Spotify has always been great for me.",Rated 5 out of 5 stars,very happy with this service,very happy with this service not sure why the low rating spotify has always been great for me,5
2023-12-13,Spotify To Stop Paying Small and Upcoming Artists,"Spotify, in 2024, are going to stop paying low stream, under 1000 streams per year, per track, small, and upcoming artists of their stream earnings and are going to give that money, which Spotify estimate is billions of dollars, to richer artists who havent earned those streams. Their excuse is that some royalties do not reach the artist due to distributor and bank charges. This is completely wrong and immoral and is a way of Spotify making themselves look good to bigger artists by paying them more at no expense to Spotify. It's also none of Spotify's business to decide how artists control their end earnings. Many small artists do gladly and needily receive their small royalty payments, and being as Spotify state that they do not know how much money artists actually earn after distributor costs etc, it is complete BS! I would encourage Big and Small artists to make their objections known to Spotify and to instruct their distributors to remove all their songs, tracks etc from Spotify if they implement this change and I would also encourage end users to close their Spotify accounts and not use the service and switch to a different streaming platform who will pay every artist fairly. This policy is plain wrong and unfair.",Rated 1 out of 5 stars,spotify to stop paying small and upcoming artists,spotify in 2024 are going to stop paying low stream under 1000 streams per year per track small and upcoming artists of their stream earnings and are going to give that money which spotify estimate is billions of dollars to richer artists who havent earned those streams their excuse is that some royalties do not reach the artist due to distributor and bank charges this is completely wrong and immoral and is a way of spotify making themselves look good to bigger artists by paying them more at no expense to spotify its also none of spotifys business to decide how artists control their end earnings many small artists do gladly and needily receive their small royalty payments and being as spotify state that they do not know how much money artists actually earn after distributor costs etc it is complete bs i would encourage big and small artists to make their objections known to spotify and to instruct their distributors to remove all their songs tracks etc from spotify if they implement this change and i would also encourage end users to close their spotify accounts and not use the service and switch to a different streaming platform who will pay every artist fairly this policy is plain wrong and unfair,1
2023-12-12,One of the best music streaming services,"Music, podcasts, you name it Spotify definitely has it. Somebody is complaining about the subscription but we are in 2023. Plus the fee is very affordable for literally anyone.",Rated 4 out of 5 stars,one of the best music streaming services,music podcasts you name it spotify definitely has it somebody is complaining about the subscription but we are in 2023 plus the fee is very affordable for literally anyone,4
2023-12-12,So I recently decided I wanted to move…,"So I recently decided I wanted to move all my direct debits to my payday at the end of the month. My Spotify, annoyingly, was coming out on the 9th.  My initial attempts to amend my DD were hopeless - Spotify has no way to let you amend the DD date. My only option was to cancel Premium and switch to Free until the end of the month then re-subscribe.  So I'm already pretty frustrated at having to do this. But we do it and we switch to Free for basically 3 weeks.  What a nightmare!! It's supposed to be ""at least 30 minutes of uninterrupted music"" with ads. Nope! It's 1-2 tracks, then 1-3 ads. You'll usually get an ad right as soon as you start playing or immediately after your first track too. At the gym I hopped on the treadmill and activated Spotify and during 20 mins of treadmill I only listened to 3 songs!  It feels like nothing other than trying to strong arm you into taking out Premium. Well, I'd still be on Premium if I could have simply updated my DD date.  Awful experience.",Rated 2 out of 5 stars,so i recently decided i wanted to move,so i recently decided i wanted to move all my direct debits to my payday at the end of the month my spotify annoyingly was coming out on the 9th  my initial attempts to amend my dd were hopeless  spotify has no way to let you amend the dd date my only option was to cancel premium and switch to free until the end of the month then resubscribe  so im already pretty frustrated at having to do this but we do it and we switch to free for basically 3 weeks  what a nightmare its supposed to be at least 30 minutes of uninterrupted music with ads nope its 12 tracks then 13 ads youll usually get an ad right as soon as you start playing or immediately after your first track too at the gym i hopped on the treadmill and activated spotify and during 20 mins of treadmill i only listened to 3 songs  it feels like nothing other than trying to strong arm you into taking out premium well id still be on premium if i could have simply updated my dd date  awful experience,2
2023-12-09,Spotify is sh#t,"Spotify isn’t really a bad app. It’s just such a beg. They need to make stuff which they stand by. “Enjoy 30 minutes of uninterrupted music” NO BECAUSE ITS NEVER 30 MIN ITS ONLY 5! I’ve literally played 5 minutes worth of songs and get 6 minutes worth of ads???? How does this make sense. This doesn’t push me to buy Spotify premium, I’m better off going to Apple Music, and that’s exactly what I’m doing. In conclusion, Do not download Spotify unless you have money for Spotify Premium and I’ll be straight with you I don’t want to spend money to listen to music. I’m no longer using Spotify and I must say I’m actually enjoying my music now. I have no ads to worry about. Spotify you need to pattern up Cus I wanna go back but can’t because if I play 1 hour of songs at least 45 of them will be ads. FIX UP.",Rated 1 out of 5 stars,spotify is sht,spotify isnt really a bad app its just such a beg they need to make stuff which they stand by enjoy 30 minutes of uninterrupted music no because its never 30 min its only 5 ive literally played 5 minutes worth of songs and get 6 minutes worth of ads how does this make sense this doesnt push me to buy spotify premium im better off going to apple music and thats exactly what im doing in conclusion do not download spotify unless you have money for spotify premium and ill be straight with you i dont want to spend money to listen to music im no longer using spotify and i must say im actually enjoying my music now i have no ads to worry about spotify you need to pattern up cus i wanna go back but cant because if i play 1 hour of songs at least 45 of them will be ads fix up,1
2023-12-09,"Spotify, I hope you wake up.","Spotify has no trouble in supporting violent and harmful music (Harbu Darbu) inciting violence and the death of named celebrities but removes the song Dammi Falistini even though the whole song is about being a proud Palestinian. When asking Spotify to remove Harbu Darbu, they say they can’t help with that. Disgusting.",Rated 1 out of 5 stars,spotify i hope you wake up,spotify has no trouble in supporting violent and harmful music harbu darbu inciting violence and the death of named celebrities but removes the song dammi falistini even though the whole song is about being a proud palestinian when asking spotify to remove harbu darbu they say they cant help with that disgusting,1
2023-12-09,"3 months free, not free","I signed up for a new account as I've never had spotify before. The offer I signed up for included the 1st 3 months for free. They debited my account for £10.99 as soon as I signed up. I contacted support to get this fixed and after 4 days of back and forth they have now said it was 3 months for the price of 1. I have send screenshots of everything saying it should be free and they are refusing to let me have the month they have taken money for. The say I can get a refund but will lose access to my account and won't be able to use any offers to sign up again. Terrible customer service, terrible unprofessional language used and terrible debiting practices.",Rated 1 out of 5 stars,3 months free not free,i signed up for a new account as ive never had spotify before the offer i signed up for included the 1st 3 months for free they debited my account for 1099 as soon as i signed up i contacted support to get this fixed and after 4 days of back and forth they have now said it was 3 months for the price of 1 i have send screenshots of everything saying it should be free and they are refusing to let me have the month they have taken money for the say i can get a refund but will lose access to my account and wont be able to use any offers to sign up again terrible customer service terrible unprofessional language used and terrible debiting practices,1
2023-12-07,I have just had my bank account debited…,"I have just had my bank account debited by Spotify!!!!! extremely strange…… why because I have never signed up to Spotify. There is no way to get in contact because I can’t login since I have never joined, there are no telephone numbers therefore no way to contact me. Santander told me it’s because old debit cards were used yet on the statement it gives my current debit card number!!!!! Their fraud dept are currently investigating the matter",Rated 1 out of 5 stars,i have just had my bank account debited,i have just had my bank account debited by spotify extremely strange why because i have never signed up to spotify there is no way to get in contact because i cant login since i have never joined there are no telephone numbers therefore no way to contact me santander told me its because old debit cards were used yet on the statement it gives my current debit card number their fraud dept are currently investigating the matter,1
2023-12-07,Works very Well,No Content,Rated 5 out of 5 stars,works very well,no content,5
2023-12-06,New to Spotify- not impressed so far,"Just joined Spotify from another streaming service beginning to wish I hadn’t. Having issues adding my partner to the duo plan. Can't speak or chat online, it appears the only way to communicate with them is through X . Very close to cancelling as not good enough.",Rated 2 out of 5 stars,new to spotify not impressed so far,just joined spotify from another streaming service beginning to wish i hadnt having issues adding my partner to the duo plan cant speak or chat online it appears the only way to communicate with them is through x  very close to cancelling as not good enough,2
2023-12-06,shocking,Iv just started listening to my tunes on loud next minute adds came on and blown my speakers the adds are ridiculous how much louder they thanks Spotify sort it out !!!!!,Rated 1 out of 5 stars,shocking,iv just started listening to my tunes on loud next minute adds came on and blown my speakers the adds are ridiculous how much louder they thanks spotify sort it out ,1
2023-12-06,Good fix,"The app reverted its whole configuration, bringing back videos when I disabled them, and disabling Car Mode, but the Support team helped me out and it's cool now",Rated 4 out of 5 stars,good fix,the app reverted its whole configuration bringing back videos when i disabled them and disabling car mode but the support team helped me out and its cool now,4
2023-12-06,Many questions,Best music recommendation ever. But the service's geo-blocking policy lowers my rating.,Rated 2 out of 5 stars,many questions,best music recommendation ever but the services geoblocking policy lowers my rating,2
2023-12-05,"Not bad, but not that good.","Not bad, but not that good. I really do like that they have a lot of songs I can play, but I had trouble connecting my account to my speakers. I contacted Spotify, and I heard back from them 1 day later. It would be 5 stars if they were faster, but they did resolve my issues.",Rated 4 out of 5 stars,not bad but not that good,not bad but not that good i really do like that they have a lot of songs i can play but i had trouble connecting my account to my speakers i contacted spotify and i heard back from them 1 day later it would be 5 stars if they were faster but they did resolve my issues,4
2023-12-05,Paying for absolutely nothing.,I cancelled premium but continue to have my bank account debited month after month. No way to resolve the situation with Spotify as the customer service department seems not to even exist. I cannot even log back into Spotify to use the account I'm still paying for - so they're just taking monthly fees in return for nothing.,Rated 1 out of 5 stars,paying for absolutely nothing,i cancelled premium but continue to have my bank account debited month after month no way to resolve the situation with spotify as the customer service department seems not to even exist i cannot even log back into spotify to use the account im still paying for  so theyre just taking monthly fees in return for nothing,1
2023-12-05,Worst Customer Support,"I've spoken to over 10 agents on their website, 3 emails, and Twitter ""Spotify Cares"" account. I have not received any help in regards to my issue. I recieve robotic responses, and a run around message telling me to refer to a ""no-reply"" email that doesn't have any additional information I need. My public playlist was removed for violating TC, despite not violating any TC rules. I own a music license and represent independent artists on a radio station. Worst customer service I've experienced in years!",Rated 1 out of 5 stars,worst customer support,ive spoken to over 10 agents on their website 3 emails and twitter spotify cares account i have not received any help in regards to my issue i recieve robotic responses and a run around message telling me to refer to a noreply email that doesnt have any additional information i need my public playlist was removed for violating tc despite not violating any tc rules i own a music license and represent independent artists on a radio station worst customer service ive experienced in years,1
2023-12-05,Customer Service...,"I found out I have been charged £17.99 instead of the usual monthly charge of £10.99. I checked and I saw I had been upgraded to the Premium Family Subscription which I have never requested since I'm on my own. I looked up for the support, didn't find it simple. I started the chat with the automatic advisor that couldn't help, then I was connected to an advisor called Maudy A.  The advisor wasn't helpful at all, I needed to extrapolate the info through asking questions, otherwise I was receiving partial information. After 45 minutes of the above I was left with a statement... I nudged for more clarification with a ""Yes, so?"". Maudy A came back after 3 minutes with a sarcastic reply.  I asked to talk to a manager, I was transferred in less than 10 minutes. I wanted to report the whole thing, the Premium Family Subscription wasn't the issue any more.  NOW, if you have an escalation you would be very careful and patient wouldn't you? I was passed to Alaiza Joy D, I kindly asked them who they were, they say a ""Higher Support"". I asked them to take their time and read the support I received, they totally avoid the subject and continued to talk about the Premium Family Subscription. I asked again about their opinion on the matter and they say they were sorry and carried on about the issue with the Subscription.  I asked to talk to their manager. There was no manager and they kept me on the chat for about 20 minutes while I kept asking to talk to a manager. At the end they closed the conversation.  I'll ask for a refund through Paypal and look out for a better platform, no wonder why all these negative reviews.",Rated 1 out of 5 stars,customer service,i found out i have been charged 1799 instead of the usual monthly charge of 1099 i checked and i saw i had been upgraded to the premium family subscription which i have never requested since im on my own i looked up for the support didnt find it simple i started the chat with the automatic advisor that couldnt help then i was connected to an advisor called maudy a  the advisor wasnt helpful at all i needed to extrapolate the info through asking questions otherwise i was receiving partial information after 45 minutes of the above i was left with a statement i nudged for more clarification with a yes so maudy a came back after 3 minutes with a sarcastic reply  i asked to talk to a manager i was transferred in less than 10 minutes i wanted to report the whole thing the premium family subscription wasnt the issue any more  now if you have an escalation you would be very careful and patient wouldnt you i was passed to alaiza joy d i kindly asked them who they were they say a higher support i asked them to take their time and read the support i received they totally avoid the subject and continued to talk about the premium family subscription i asked again about their opinion on the matter and they say they were sorry and carried on about the issue with the subscription  i asked to talk to their manager there was no manager and they kept me on the chat for about 20 minutes while i kept asking to talk to a manager at the end they closed the conversation  ill ask for a refund through paypal and look out for a better platform no wonder why all these negative reviews,1
2023-12-04,Spotify is by far the best App in the…,Spotify is by far the best App in the world. Cannot live without this glimmering gem. Listen to numerous artists and their music is a well that cannot be appreciated more. Spotify should be considered the most pristine and appraised jewel there is... ⭐️⭐️⭐️⭐️⭐️,Rated 5 out of 5 stars,spotify is by far the best app in the,spotify is by far the best app in the world cannot live without this glimmering gem listen to numerous artists and their music is a well that cannot be appreciated more spotify should be considered the most pristine and appraised jewel there is ,5
2023-12-03,I have been subscribing to premium on…,"I have been subscribing to premium on and off for a long time; and in general it was a good experience, but at some point my playlists got corrupted (playing different versions of the songs I liked). Support pages said the damage is done and that I have to start a new Spotify account. Not good.....",Rated 1 out of 5 stars,i have been subscribing to premium on,i have been subscribing to premium on and off for a long time and in general it was a good experience but at some point my playlists got corrupted playing different versions of the songs i liked support pages said the damage is done and that i have to start a new spotify account not good,1
2023-11-29,Apps a joke,"I have ads play during songs!!! Are you kidding me??? Also, I type in a song I would like to listen to and click play and then a different similar song plays and I have the free version so I end up using all of my skips to try to get to the song I want to listen to and most of the time I can’t even listen to the song I wanted to… Lastly; so many songs I can’t even find. Lame! This app is a joke!",Rated 1 out of 5 stars,apps a joke,i have ads play during songs are you kidding me also i type in a song i would like to listen to and click play and then a different similar song plays and i have the free version so i end up using all of my skips to try to get to the song i want to listen to and most of the time i cant even listen to the song i wanted to lastly so many songs i cant even find lame this app is a joke,1
2023-11-28,This was a good company and a good app…,This was a good company and a good app a few years back now it's just like YouTube a pile of garbage it's amazing how every company incorporation is a pile of poop unbelievable I'm 65 I try to just go and get groceries food and that's it cuz everything else is a scam rip off these people are the same Spotify what's good years ago now it's a piece of garbage it gives you the same songs over and over even though you flag them and they said we'll never give them to you again I guess they mean for 20 seconds and then they'll give it again and you got a flag it again it's disgusting they don't refer any good songs at the app is totally a piece of garbage now do not get it go to some other music app I'm stuck with a thousand songs with this piece of garbage company it's going to take me awhile to get it over to another company but I will cuz his Swedish company is a garbage worthless scumbag company do not download,Rated 1 out of 5 stars,this was a good company and a good app,this was a good company and a good app a few years back now its just like youtube a pile of garbage its amazing how every company incorporation is a pile of poop unbelievable im 65 i try to just go and get groceries food and thats it cuz everything else is a scam rip off these people are the same spotify whats good years ago now its a piece of garbage it gives you the same songs over and over even though you flag them and they said well never give them to you again i guess they mean for 20 seconds and then theyll give it again and you got a flag it again its disgusting they dont refer any good songs at the app is totally a piece of garbage now do not get it go to some other music app im stuck with a thousand songs with this piece of garbage company its going to take me awhile to get it over to another company but i will cuz his swedish company is a garbage worthless scumbag company do not download,1
2023-11-24,I prefer Spotify over other companies,"I prefer Spotify over other companies, but one aspect I find inconvenient is the inability to choose a specific song without transitioning to it.",Rated 3 out of 5 stars,i prefer spotify over other companies,i prefer spotify over other companies but one aspect i find inconvenient is the inability to choose a specific song without transitioning to it,3
2023-11-22,Green,"Green, 5star",Rated 5 out of 5 stars,green,green 5star,5
2023-11-21,"Spotify ( "" For Artist Section"") has…","Spotify ( "" For Artist Section"") has become a nightmare for the small artist ( MILLIONS of them .... the same people who pay monthly SUBSCRIPTIONS to them and increase their wealth) . I had one of my songs DELETED by Spotify as they wrote to my Distributor that a Playlist provider used ""bots"" (fake plays) to boost my song's plays . Did I know about this ? .......No ! .....So why don't they just NOT pay the royalties for that particular song if they think it's bots rather that delete the song ??? Total madness .... More Spotify madness to come with "" Penalties"" and other stuff for the small guy (they won't do that to Major Record Labels) ........ now watch how Millions of small artists (who are their subscribers too) will WALK away from these Gestapo tactics. I'm close to quitting myself - plenty of other stuff ( Apple Itunes , Deezer etc) about !! "" Last straw "" about to come up Spotify ??",Rated 1 out of 5 stars,spotify   for artist section has,spotify   for artist section has become a nightmare for the small artist  millions of them  the same people who pay monthly subscriptions to them and increase their wealth  i had one of my songs deleted by spotify as they wrote to my distributor that a playlist provider used bots fake plays to boost my songs plays  did i know about this  no  so why dont they just not pay the royalties for that particular song if they think its bots rather that delete the song  total madness  more spotify madness to come with  penalties and other stuff for the small guy they wont do that to major record labels  now watch how millions of small artists who are their subscribers too will walk away from these gestapo tactics im close to quitting myself  plenty of other stuff  apple itunes  deezer etc about   last straw  about to come up spotify ,1
2023-11-18,What a long terribly useless support system…,"What a long terribly useless support chat I just had which resulted in essentially nothing, no resolution to my audio streaming quality. Their chat system times out an agent after a few minutes and reassigns a new agent, each time they need to catch up on the case and it takes hours.",Rated 1 out of 5 stars,what a long terribly useless support system,what a long terribly useless support chat i just had which resulted in essentially nothing no resolution to my audio streaming quality their chat system times out an agent after a few minutes and reassigns a new agent each time they need to catch up on the case and it takes hours,1
2023-11-16,JUNK & TATT. I actually really enjoy using spotify…,I actually really enjoy using spotify and have subscribed for years. but they've started emailing me junk about buying crappy planet-harming merchandise that i don't want. think I might switch to Apple Music.,Rated 1 out of 5 stars,junk  tatt i actually really enjoy using spotify,i actually really enjoy using spotify and have subscribed for years but theyve started emailing me junk about buying crappy planetharming merchandise that i dont want think i might switch to apple music,1
2023-11-15,"Spotify going bad - go for youtube music, thank me later","Spotify going bad, every year its worse and worse. Now with their new ""same location - same payment method"" policy this is last straw for me.  Im travelling all the time and they ask me to have payment method (bank) from the location im currently in. What is this mess? Also their customer support is non-existent fake Pajeet from India talking to you, rude and closing chats every time you trying to prove your point to them. In summ = you will not be getting money from me anymore.  Im just changing to youtube premium (+music +no ads +background play) as we speak for 12,99e/m FOR 6 PEOPLE!! (much cheaper and much better quality music also) and will be never coming back to this pathetic platform again. Bye-bye",Rated 1 out of 5 stars,spotify going bad  go for youtube music thank me later,spotify going bad every year its worse and worse now with their new same location  same payment method policy this is last straw for me  im travelling all the time and they ask me to have payment method bank from the location im currently in what is this mess also their customer support is nonexistent fake pajeet from india talking to you rude and closing chats every time you trying to prove your point to them in summ  you will not be getting money from me anymore  im just changing to youtube premium music no ads background play as we speak for 1299em for 6 people much cheaper and much better quality music also and will be never coming back to this pathetic platform again byebye,1
2023-11-15,Spotify going bad - go for youtube music,"Spotify going bad, every year its worse and worse. Now with their new ""same location - same payment method"" policy this is last straw for me.  Im travelling all the time and they ask me to have payment method (bank) from the location im currently in. What is this mess? Also their customer support is non-existent fake Pajeet from India talking to you, rude and closing chats every time you trying to prove your point to them. In summ = you will not be getting money from me anymore.  Im just changing to youtube music as we speak for 6,99/m (much cheaper and much better quality music) and will be never coming back to this sh!t platform again. Bye-bye",Rated 1 out of 5 stars,spotify going bad  go for youtube music,spotify going bad every year its worse and worse now with their new same location  same payment method policy this is last straw for me  im travelling all the time and they ask me to have payment method bank from the location im currently in what is this mess also their customer support is nonexistent fake pajeet from india talking to you rude and closing chats every time you trying to prove your point to them in summ  you will not be getting money from me anymore  im just changing to youtube music as we speak for 699m much cheaper and much better quality music and will be never coming back to this sht platform again byebye,1
2023-11-10,Rubbish,"I was blocked by Spotify that accused me that I was using it in breach of the rules, unfortunately Spotify was not able to substantiate what I have done wrong. Happily left Spotify and using Amazon Music much better.....goodbye Spotify!!",Rated 1 out of 5 stars,rubbish,i was blocked by spotify that accused me that i was using it in breach of the rules unfortunately spotify was not able to substantiate what i have done wrong happily left spotify and using amazon music much bettergoodbye spotify,1
2023-11-09,The app told me I had 6 hours of…,"The app told me I had 6 hours of audiobook listening time left, so I chose a book that was 5hrs and 45 minutes to get the most out of my listening. Lo and behold the final 2 chapters are unavailable to me because I am out of time. Literally 4 minutes left on the clock and you expect me to wait 2 weeks just to hear the final few paragraphs or pay £10 to get it now. If your counter more accurately displayed the amount of time I had left or let me know it had rounded up to the nearest hour, I would have chosen a shorter book. Feeling very cheated by the service, seems like you falsely listed the listening hours I had left to push me into spending more money once I ran out. Might just go back to using audible and save myself this frustration in the future.",Rated 1 out of 5 stars,the app told me i had 6 hours of,the app told me i had 6 hours of audiobook listening time left so i chose a book that was 5hrs and 45 minutes to get the most out of my listening lo and behold the final 2 chapters are unavailable to me because i am out of time literally 4 minutes left on the clock and you expect me to wait 2 weeks just to hear the final few paragraphs or pay 10 to get it now if your counter more accurately displayed the amount of time i had left or let me know it had rounded up to the nearest hour i would have chosen a shorter book feeling very cheated by the service seems like you falsely listed the listening hours i had left to push me into spending more money once i ran out might just go back to using audible and save myself this frustration in the future,1
2023-11-10,Awful free version.,"The free version is so bad. You can’t even make a playlist. Well technically￼ you can but they put recommended￼ songs in your playlist and you can’t get rid of them! Btw there are a lot of ads, they Interrupt￼ your music and When you’re scrolling through the app￼. You can’t pick the songs you want￼ in a playlist. Also you can only￼ skip six times￼. But of course, if you pay all this is avoided. And the premium version￼ is great. My verdict is it’s not a free version. It’s a free trial basically￼.",Rated 1 out of 5 stars,awful free version,the free version is so bad you cant even make a playlist well technically you can but they put recommended songs in your playlist and you cant get rid of them btw there are a lot of ads they interrupt your music and when youre scrolling through the app you cant pick the songs you want in a playlist also you can only skip six times but of course if you pay all this is avoided and the premium version is great my verdict is its not a free version its a free trial basically,1
2023-11-06,Life is getting expansive,We used to buy cd's and cassettes. For like +-25 euro/dollar. Now we pay 130dollar/euro a year for thé same music. I understand we need to support artist. But... +-130 for a while year just to listen to a couple of songs. Get free? You can't choose a song when u are using it for free. I know Spotify won't Care about this. But if we all think a little more like this....,Rated 2 out of 5 stars,life is getting expansive,we used to buy cds and cassettes for like 25 eurodollar now we pay 130dollareuro a year for thé same music i understand we need to support artist but 130 for a while year just to listen to a couple of songs get free you cant choose a song when u are using it for free i know spotify wont care about this but if we all think a little more like this,2
2023-11-03,Audiobook disappointing,"What a disappointing experience the newaudio book feature is. I have a Premium account but halfway through my FIRST book have run out of access, that will not refresh for six days unless I pay more. It turns out that Premium no longer means Premium at Spotify. What a waste of time.",Rated 1 out of 5 stars,audiobook disappointing,what a disappointing experience the newaudio book feature is i have a premium account but halfway through my first book have run out of access that will not refresh for six days unless i pay more it turns out that premium no longer means premium at spotify what a waste of time,1
2023-11-03,I listen to music via Spotify every…,I listen to music via Spotify every day! Love the podcast section and it's very cool that you can listen to books in the same application. A special like for the lack of advertising and the ability to listen offline,Rated 5 out of 5 stars,i listen to music via spotify every,i listen to music via spotify every day love the podcast section and its very cool that you can listen to books in the same application a special like for the lack of advertising and the ability to listen offline,5
2023-11-02,Shuffle should be renamed what we want you to hear.,I have over 282 hours in a playlist and spotify insists on playing the same songs over and over again. The shuffle is terrible. I'm seriously considering cancelling the membership I have it's so bad.,Rated 2 out of 5 stars,shuffle should be renamed what we want you to hear,i have over 282 hours in a playlist and spotify insists on playing the same songs over and over again the shuffle is terrible im seriously considering cancelling the membership i have its so bad,2
2023-11-02,web app is good but why so slow as…,web app is good but why so slow as always? and sometims you need to click the button many time to play a song...,Rated 2 out of 5 stars,web app is good but why so slow as,web app is good but why so slow as always and sometims you need to click the button many time to play a song,2
2024-01-27,Not premium,"still paying premium -£14.99 pm which is premium for nothing? still getting adverts. changed email, password etc. cant contact spotify. so no choice but to cancel? crap customer support  Ive used spotify for years no probs. But changed banks - account frozen. So daughter opened a family premium account. Spotify confirm i’m in, my playlists are there. But so are the adverts. we are paying premium but getting free. ive been into my account (premium) looked everywhere -but can change it.  Annoyingly the adverts advertise premium?  No way of complaining or speaking to anything. Just pay or leave.",Rated 1 out of 5 stars,not premium,still paying premium 1499 pm which is premium for nothing still getting adverts changed email password etc cant contact spotify so no choice but to cancel crap customer support  ive used spotify for years no probs but changed banks  account frozen so daughter opened a family premium account spotify confirm im in my playlists are there but so are the adverts we are paying premium but getting free ive been into my account premium looked everywhere but can change it  annoyingly the adverts advertise premium  no way of complaining or speaking to anything just pay or leave,1
2023-10-27,TERRIBLE Customer Service,AWFUL CUSTOMER SERVICE. I GOT CHARGED TWICE FOR MONTHS AND THEY WOULDN'T REFUND ME. YOU CAN NOT TALK TO A LIVE PERON. POS COMPANY WITH DUMB AGENTS TEXTING YOU.,Rated 1 out of 5 stars,terrible customer service,awful customer service i got charged twice for months and they wouldnt refund me you can not talk to a live peron pos company with dumb agents texting you,1
2023-10-24,Seemingly impossible to merge artist pages,"I’ve spent most of a day trying to consolidate a number of my past music releases into a single artist page. My previous distributor, CD Baby won’t help, Spotify says they can’t update their database unless my distributor supplies new metadata. Both companies wash their hands and suggest I delete and re-upload at considerable time and financial cost to myself. I find it difficult to believe that Spotify don’t have the ability to merge artist pages - surely a straight forward database operation. But it’s a flat no from them. Rubbish service all round for what should be an easy problem to fix.",Rated 1 out of 5 stars,seemingly impossible to merge artist pages,ive spent most of a day trying to consolidate a number of my past music releases into a single artist page my previous distributor cd baby wont help spotify says they cant update their database unless my distributor supplies new metadata both companies wash their hands and suggest i delete and reupload at considerable time and financial cost to myself i find it difficult to believe that spotify dont have the ability to merge artist pages  surely a straight forward database operation but its a flat no from them rubbish service all round for what should be an easy problem to fix,1
2023-10-24,It's destroying real artist..,It's destroying real artist... No future for the good music because of such platforms..,Rated 1 out of 5 stars,its destroying real artist,its destroying real artist no future for the good music because of such platforms,1
2023-10-24,One of my regular apps,One of my regular apps. Using it since 2016 with no issues.,Rated 5 out of 5 stars,one of my regular apps,one of my regular apps using it since 2016 with no issues,5
2023-10-23,Absolutely hopeless,"Absolutely hopeless, i signed up for Premium but kept getting Adverts blasting out whilst listening to my music, I spoke to a Robot last week with stupid generic questions and answers and was given a 10 point plan to rectify the situation, how about “Get Stuffed” i am signing up with another Music supplier.",Rated 1 out of 5 stars,absolutely hopeless,absolutely hopeless i signed up for premium but kept getting adverts blasting out whilst listening to my music i spoke to a robot last week with stupid generic questions and answers and was given a 10 point plan to rectify the situation how about get stuffed i am signing up with another music supplier,1
2023-10-22,Disappointed,"Not used this type of platform before so I am a bit of a newby, maybe that's my problem I don't know? I set up a playlist and every time I try to play on shuffle it brings up an ad for premium, and plays a random song. I am now unable to play shuffle at all. When I try to play an individual song it plays it half way through just giving you a taster of the song. Of course Spotify is trying to get you to subscribe but be open about that instead of trying to hook people in with false advertising of free goods. It's not free if it doesn't work! Really cheesed off with it now so will be deleting the app.",Rated 1 out of 5 stars,disappointed,not used this type of platform before so i am a bit of a newby maybe thats my problem i dont know i set up a playlist and every time i try to play on shuffle it brings up an ad for premium and plays a random song i am now unable to play shuffle at all when i try to play an individual song it plays it half way through just giving you a taster of the song of course spotify is trying to get you to subscribe but be open about that instead of trying to hook people in with false advertising of free goods its not free if it doesnt work really cheesed off with it now so will be deleting the app,1
2023-10-20,Great to be able to have all the music…,"Great to be able to have all the music in my pocket all the time, a bit pricey so not 5 stars",Rated 4 out of 5 stars,great to be able to have all the music,great to be able to have all the music in my pocket all the time a bit pricey so not 5 stars,4
2023-10-18,One thing........,For the most part spotify is great but if you have to change your password they will tamper with your account and change your username and then try to gaslight you into believing that your username is system generated. I know I picked my own username when I opened my account tyvm.,Rated 3 out of 5 stars,one thing,for the most part spotify is great but if you have to change your password they will tamper with your account and change your username and then try to gaslight you into believing that your username is system generated i know i picked my own username when i opened my account tyvm,3
2023-10-17,Good music and quality,Pretty good platform for music and podcasts.. the subscription is quite cheap and almost no ads. Multiple payment methods.,Rated 5 out of 5 stars,good music and quality,pretty good platform for music and podcasts the subscription is quite cheap and almost no ads multiple payment methods,5
2023-10-17,Just a bad deal.,"Honestly until this audiobook nonsense it would have been a 4 or 5. I didn't need audio books on Spotify but giving me less time for my subscription than most books, not allowing my family plan users to have this access themselves and trying to gouge me for extra time, spotify has demonstrated its garbage view of it's userbase.  Other services give you much more for much less.",Rated 1 out of 5 stars,just a bad deal,honestly until this audiobook nonsense it would have been a 4 or 5 i didnt need audio books on spotify but giving me less time for my subscription than most books not allowing my family plan users to have this access themselves and trying to gouge me for extra time spotify has demonstrated its garbage view of its userbase  other services give you much more for much less,1
2023-10-14,Best music site,The ULTIMATE music site and I love there new ai bot than is super kind and good at knowing what I like.,Rated 5 out of 5 stars,best music site,the ultimate music site and i love there new ai bot than is super kind and good at knowing what i like,5
2023-10-11,Awful service,"Verifying student status is ridiculous, and if you can it continually reverts to full price without notification. Help is nonexistent, talked on and on in circles, and the verification people ignore you. Seems they only want to know if they can charge you the full whack. Closed account. Dreadful customer service.",Rated 1 out of 5 stars,awful service,verifying student status is ridiculous and if you can it continually reverts to full price without notification help is nonexistent talked on and on in circles and the verification people ignore you seems they only want to know if they can charge you the full whack closed account dreadful customer service,1
2023-10-11,As an artist i have to say that their…,"""The Ruben"" As an artist i have to say that their customer service is amazing!  They need metadata from my distributer, so i understand they cant do it all. But they saved me big time 🙏🏻",Rated 5 out of 5 stars,as an artist i have to say that their,the ruben as an artist i have to say that their customer service is amazing  they need metadata from my distributer so i understand they cant do it all but they saved me big time ,5
2023-10-08,SPOTIFY ARE THIEVES,Would give zero stars if there was an option Used Spotify for a couple of year's with no problems then suddenly started getting random playlists on my account and emails about attempts to log into my account in the very city Spotify's head office is Then noticed a couple of charges for 16.99 instead of 9.99 when I contacted Spotify they weren't interested so I contacted the bank and they pointed out a further 5 transactions THIEVES,Rated 1 out of 5 stars,spotify are thieves,would give zero stars if there was an option used spotify for a couple of years with no problems then suddenly started getting random playlists on my account and emails about attempts to log into my account in the very city spotifys head office is then noticed a couple of charges for 1699 instead of 999 when i contacted spotify they werent interested so i contacted the bank and they pointed out a further 5 transactions thieves,1
2023-10-05,Spotify deleted my playlist.,"Spotify deleted my playlist.  I'd spent years making this playlist, and suddenly there was just one song in there.  I tried finding help on Spotify support, but first it just led me back to Spotify support. The second time it led me to a bunch of options for buying additional stuff.  Fudge these guys. I'll export my playlist and find a better option.",Rated 1 out of 5 stars,spotify deleted my playlist,spotify deleted my playlist  id spent years making this playlist and suddenly there was just one song in there  i tried finding help on spotify support but first it just led me back to spotify support the second time it led me to a bunch of options for buying additional stuff  fudge these guys ill export my playlist and find a better option,1
2023-10-05,Artist Point of View,"From an artist point of view, I was on the support chatline for an hour. I have been passed on from advisor to advisor seeking help on a query. Every single time I have been put on they ask for a couple minutes to check the information. And then always reply with can you give a little more information about the issue. I have given all I can give. What more do you want. If you need something more then please elaborate on the details you want.",Rated 1 out of 5 stars,artist point of view,from an artist point of view i was on the support chatline for an hour i have been passed on from advisor to advisor seeking help on a query every single time i have been put on they ask for a couple minutes to check the information and then always reply with can you give a little more information about the issue i have given all i can give what more do you want if you need something more then please elaborate on the details you want,1
2023-10-04,"Student discount in whole Europe, except Slovakia","Spotify is a fantastic music streaming service enjoyed by millions worldwide. However, it's disappointing to see that the Student Program, which offers discounted rates to students throughout Europe, does not extend to Slovakia.  As a long-time student subscriber, I have been paying the full subscription fee instead of benefiting from the reduced student price available to our European counterparts.  This discrepancy raises a legitimate question: Why is Slovakia the only European country excluded from this offer?It's frustrating to feel like Spotify is neglecting its Slovakian users in this way",Rated 1 out of 5 stars,student discount in whole europe except slovakia,spotify is a fantastic music streaming service enjoyed by millions worldwide however its disappointing to see that the student program which offers discounted rates to students throughout europe does not extend to slovakia  as a longtime student subscriber i have been paying the full subscription fee instead of benefiting from the reduced student price available to our european counterparts  this discrepancy raises a legitimate question why is slovakia the only european country excluded from this offerits frustrating to feel like spotify is neglecting its slovakian users in this way,1
2023-10-04,Stop doing it spotify,I like spotify. It has all the songsi like. It's some what free and its nice to play after a long day. BUT. I swear to god it makes me want to shoot myself sometimes. I'm listening to my music and then my song finishes and starts playing a random song that I've never heard of. I swipe off spotify and press play on my playlist again and it plays me the same random song. I skip it (keep in mind that i only have 6 skips per hour as i cant afford spotify premium) and another random song appears. I even created multiple playlists so that I could click on to the other when this happens. But it keeps happening again and again and again and again. It infuriates me and its very unpleasant. Don't know if it's because I haven't got premium but even so spotify should fix it,Rated 3 out of 5 stars,stop doing it spotify,i like spotify it has all the songsi like its some what free and its nice to play after a long day but i swear to god it makes me want to shoot myself sometimes im listening to my music and then my song finishes and starts playing a random song that ive never heard of i swipe off spotify and press play on my playlist again and it plays me the same random song i skip it keep in mind that i only have 6 skips per hour as i cant afford spotify premium and another random song appears i even created multiple playlists so that i could click on to the other when this happens but it keeps happening again and again and again and again it infuriates me and its very unpleasant dont know if its because i havent got premium but even so spotify should fix it,3
2023-09-28,Abysmal customer service,"Spotify cancelled some members of the family that live at the same address because Spotify is too dumb to match two identical addresses. Not even their ""specialist"" advisors could resolve. Five hours on chat and they still don't help. I have never experienced customer service so utterly abysmal!",Rated 1 out of 5 stars,abysmal customer service,spotify cancelled some members of the family that live at the same address because spotify is too dumb to match two identical addresses not even their specialist advisors could resolve five hours on chat and they still dont help i have never experienced customer service so utterly abysmal,1
2023-09-27,not paying for intellectual property,"I think it is scandalous that the management of Spotify takes the liberty to distribute a cover of a song, while putting the credits of the real owner on the list “credits” clearly intellectual theft and plagiarism! They think that listeners are too dumb or tone deaf to notice. Don’t they earn enough money to pay the royalties as they should?",Rated 1 out of 5 stars,not paying for intellectual property,i think it is scandalous that the management of spotify takes the liberty to distribute a cover of a song while putting the credits of the real owner on the list credits clearly intellectual theft and plagiarism they think that listeners are too dumb or tone deaf to notice dont they earn enough money to pay the royalties as they should,1
2023-09-26,Spotify makes no sense what so ever,Spotify makes no sense what so ever. If you are not a major artist Spotfiy will not give you any recommendation for your song. They want for you to pay money so that you song can become more popular. If Spofity thinks you are botting they will take your song off. But all the major artist are doing so they don't care about them.,Rated 1 out of 5 stars,spotify makes no sense what so ever,spotify makes no sense what so ever if you are not a major artist spotfiy will not give you any recommendation for your song they want for you to pay money so that you song can become more popular if spofity thinks you are botting they will take your song off but all the major artist are doing so they dont care about them,1
2025-12-01,Broken policy violation system and poor customer service,"OK platform, but the system for reporting policy violations is poor and there is also poor customer service. Any user can apparently report a playlist for violating Spotify’s rules, and instead of checking if that’s true, Spotify just bans the list so not even the creator can use it anymore.  I’ve just lost a list that I spent many hours curating and which had more than 10.000 followers, and the Spotify customer service is of no help…  Other than that, I’m very happy with the product; good selection for a decent price. And an ok user interface. But what’s this worth if the lists I make can just be scooped out from under me? I’m so disappointed in this, particularly because my research has showed that it’s a known issue (more than 5 years old) and that the users have long since suggested a solution.",Rated 3 out of 5 stars,broken policy violation system and poor customer service,ok platform but the system for reporting policy violations is poor and there is also poor customer service any user can apparently report a playlist for violating spotifys rules and instead of checking if thats true spotify just bans the list so not even the creator can use it anymore  ive just lost a list that i spent many hours curating and which had more than 10000 followers and the spotify customer service is of no help  other than that im very happy with the product good selection for a decent price and an ok user interface but whats this worth if the lists i make can just be scooped out from under me im so disappointed in this particularly because my research has showed that its a known issue more than 5 years old and that the users have long since suggested a solution,3
2023-09-23,The best application of music,No Content,Rated 5 out of 5 stars,the best application of music,no content,5
2023-09-22,Worlds best music stealing platform.,"Price went up by a pound. Already a premium service. Sent an email to state it apparently, but never agreed to pay extra. Joke. Majority of artists getting close to nothing per stream, will this extra pound be sorting that out? As it stands this is the Worlds best music stealing platform.",Rated 1 out of 5 stars,worlds best music stealing platform,price went up by a pound already a premium service sent an email to state it apparently but never agreed to pay extra joke majority of artists getting close to nothing per stream will this extra pound be sorting that out as it stands this is the worlds best music stealing platform,1
2023-09-21,Spotify is anwsome way to play music 🎶…,Spotify is anwsome way to play music 🎶 love this app,Rated 5 out of 5 stars,spotify is anwsome way to play music ,spotify is anwsome way to play music  love this app,5
2023-09-20,I use Spotify almost every day,I have used Spotify for the past 10 years or so and I absolutely love it!,Rated 5 out of 5 stars,i use spotify almost every day,i have used spotify for the past 10 years or so and i absolutely love it,5
2023-09-19,Spotify deserves no stars,"Spotify deserves no stars. Their customer service chat support help is useless. I wanted a refund as I did not sign up for Spotify. They asked for a screen shot of my credit card statement. First 6 numbers and last four of my credit card number. Reference number on my credit card charge, Then they dropped my call. I refused to give first 6 numbers. Tried three times each time they dropped the call. Please do your homework on this company they do not deserve your business.",Rated 1 out of 5 stars,spotify deserves no stars,spotify deserves no stars their customer service chat support help is useless i wanted a refund as i did not sign up for spotify they asked for a screen shot of my credit card statement first 6 numbers and last four of my credit card number reference number on my credit card charge then they dropped my call i refused to give first 6 numbers tried three times each time they dropped the call please do your homework on this company they do not deserve your business,1
2023-09-19,pay for premium amd still get adds…,pay for premium amd still get adds customer service are useless and keep disconnecting me purposely this company is terrible,Rated 1 out of 5 stars,pay for premium amd still get adds,pay for premium amd still get adds customer service are useless and keep disconnecting me purposely this company is terrible,1
2023-09-15,Best playlists!,"The best playlists any other program would ever do for me. Plus, I really like the feature, that you can shere your music with your friend and Sptofy will do a playlist for you both – just fantastic.",Rated 5 out of 5 stars,best playlists,the best playlists any other program would ever do for me plus i really like the feature that you can shere your music with your friend and sptofy will do a playlist for you both  just fantastic,5
2023-09-20,"Spotify's playlist's SPOT ON, cust service needs work","I've had Spotify Premium now couple months. This morning they made me a playlist so GOOD I had to share. Like most music apps, you can pick your genre,artist whatever, make your own playlists,of course they'll throw suggestions in- if you want them or they won't if you don't. My taste in music is so random and huge,that I'm in shock at this playlist they made, I've been listening for 2 hours and digging each and every minute! Updating, after reading a review I agree with. Customer service is a headache! Don't ask for a screenshot after I click help! what I saw is long gone, why I'm asking you. love everything but customer service",Rated 4 out of 5 stars,spotifys playlists spot on cust service needs work,ive had spotify premium now couple months this morning they made me a playlist so good i had to share like most music apps you can pick your genreartist whatever make your own playlistsof course theyll throw suggestions in if you want them or they wont if you dont my taste in music is so random and hugethat im in shock at this playlist they made ive been listening for 2 hours and digging each and every minute updating after reading a review i agree with customer service is a headache dont ask for a screenshot after i click help what i saw is long gone why im asking you love everything but customer service,4
2023-09-14,Poor,"Had this, liked it and then I suddenly get a message telling me I have cancelled my subscription?? Nope, I had not done that. And then could not get hold of anyone to find out what was going on. So, I have gone back to Amazon Music and there I shall stay.",Rated 2 out of 5 stars,poor,had this liked it and then i suddenly get a message telling me i have cancelled my subscription nope i had not done that and then could not get hold of anyone to find out what was going on so i have gone back to amazon music and there i shall stay,2
2023-09-12,This company right here is a joke,"This company right here is a joke. They are rude. They are another platform that feels that it is a privilege for you to be on their platform. My story is long. But here is the deal they play to many games with words. I am a podcaster.I have been trying to get someone to explain something to me. But they are so tight until they know me by now. I use to get paid for ads. And one day I nothice I was not getting anything. I wrote everyone playing dumb.It took them 1 and 1/2 month to tell me you should becareful who promote your podcast. i am sitting around looking dumb and not understanding what they are saying. I was using fiverr to promote my shows because fiverr is a legal online company. And if you go on your website there are many people that promote people shows. Apple and spotify. No where did it say that you could not promote your shows I have the screen shots. I remember asking the agent may I have another chance and she said they dod not let people come back once they have been taken off . So I said even Jesus gives second chances. Last night I tried to remove my show and the first agent was great. But the second people was something that came out of a movie. This peson took me through the ringer. I sent him everything that proved that this was my show. And he still kept hammering on me it was 2 am I said you know I am getting out tof there one way or the other. They will not talk to you to get your side of anything. They have even told their people if I come on to close the chat. But here is the thing. The have it set up to where you can not read your transcript, Because they will not send it to you. I have even told them about that . Oh we are working on it I can not lie I love spot but they have gave me a sour taste in my mouth. In order to be blessed you must treat people right . There are 3 sides to every story. Get the truth. If I knew that they did not alow us to use out siders to promote our podcasts ok I would have used their services. I did not know that we could not use fiverr . I have evern tried to to talk to the legal team. No one will talk. I do not want to be part of a company like that. For what they took me through I am am seeking legal help. Because I should not have went through the mess. I even tried to write to the CEO and he would not reply. Here the deal you guys trying ot be so perfect but yet you are loosing money. your stocks are not doing well. law suits are on going. And I wonder why it is because you do not treat people right. I am done . I rahter lose my podcast and be in peace and keep losing sleep . And not wanting to do my podcast. . You would not listen to me in my emails well may be you listen to me on here. I have all the emails .",Rated 1 out of 5 stars,this company right here is a joke,this company right here is a joke they are rude they are another platform that feels that it is a privilege for you to be on their platform my story is long but here is the deal they play to many games with words i am a podcasteri have been trying to get someone to explain something to me but they are so tight until they know me by now i use to get paid for ads and one day i nothice i was not getting anything i wrote everyone playing dumbit took them 1 and 12 month to tell me you should becareful who promote your podcast i am sitting around looking dumb and not understanding what they are saying i was using fiverr to promote my shows because fiverr is a legal online company and if you go on your website there are many people that promote people shows apple and spotify no where did it say that you could not promote your shows i have the screen shots i remember asking the agent may i have another chance and she said they dod not let people come back once they have been taken off  so i said even jesus gives second chances last night i tried to remove my show and the first agent was great but the second people was something that came out of a movie this peson took me through the ringer i sent him everything that proved that this was my show and he still kept hammering on me it was 2 am i said you know i am getting out tof there one way or the other they will not talk to you to get your side of anything they have even told their people if i come on to close the chat but here is the thing the have it set up to where you can not read your transcript because they will not send it to you i have even told them about that  oh we are working on it i can not lie i love spot but they have gave me a sour taste in my mouth in order to be blessed you must treat people right  there are 3 sides to every story get the truth if i knew that they did not alow us to use out siders to promote our podcasts ok i would have used their services i did not know that we could not use fiverr  i have evern tried to to talk to the legal team no one will talk i do not want to be part of a company like that for what they took me through i am am seeking legal help because i should not have went through the mess i even tried to write to the ceo and he would not reply here the deal you guys trying ot be so perfect but yet you are loosing money your stocks are not doing well law suits are on going and i wonder why it is because you do not treat people right i am done  i rahter lose my podcast and be in peace and keep losing sleep  and not wanting to do my podcast  you would not listen to me in my emails well may be you listen to me on here i have all the emails ,1
2023-09-11,Thieves and liars,"They put up a banner offering a 2 months premium trial so I gave it a shot. After clicking on the banner I was directed to a payment page. As is often the case with free trials the company wants payment details so they can bill you if you want to continue and I suspect to take advantage of people who forget to cancel the subscription before the end of the trial.  This time around I was billed. Accidents happen, so I contacted Spotify support. They refused to put it right. They said it's my fault as I selected Google Pay and I have to hassle Google and you know how easy it is to get to their support.  Despite the fact Spotify gets the money, despite the fact they kept pushing this offer to me and failed to deliver,it's my problem? Sounds like a dishonest attempt to get my money.  Don't trust them.",Rated 1 out of 5 stars,thieves and liars,they put up a banner offering a 2 months premium trial so i gave it a shot after clicking on the banner i was directed to a payment page as is often the case with free trials the company wants payment details so they can bill you if you want to continue and i suspect to take advantage of people who forget to cancel the subscription before the end of the trial  this time around i was billed accidents happen so i contacted spotify support they refused to put it right they said its my fault as i selected google pay and i have to hassle google and you know how easy it is to get to their support  despite the fact spotify gets the money despite the fact they kept pushing this offer to me and failed to deliverits my problem sounds like a dishonest attempt to get my money  dont trust them,1
2023-09-06,Appalling,"Appalling, suddenly log out from my account, my password (which is correct) won't work, and when I try to recover it I won't receive a password reset link, their customer service is useless, they told me to recover it through their website...and then stopped replying when I told them it doesn't work.",Rated 1 out of 5 stars,appalling,appalling suddenly log out from my account my password which is correct wont work and when i try to recover it i wont receive a password reset link their customer service is useless they told me to recover it through their websiteand then stopped replying when i told them it doesnt work,1
2023-09-05,Very difficult to contact.,Very difficult to contact.  Tried to contact Spotify but they won't take calls and their messaging system puts me through to a bot. Gave up.,Rated 2 out of 5 stars,very difficult to contact,very difficult to contact  tried to contact spotify but they wont take calls and their messaging system puts me through to a bot gave up,2
2023-09-01,officially uninstalled spotify,"Today we officially uninstalled spotify. We use Sonos studio now. Because the ads on Spotify are so disgusting, loud and annoying. Every 2 minutes there starts the spotify ads. Highly recommend uninstall spotify,we don't need this crap.",Rated 1 out of 5 stars,officially uninstalled spotify,today we officially uninstalled spotify we use sonos studio now because the ads on spotify are so disgusting loud and annoying every 2 minutes there starts the spotify ads highly recommend uninstall spotifywe dont need this crap,1
2023-08-31,Spotify's New Game Plan - 101 on Deceiving your paying members,"How to spot greedy companies and how robotization or AI helps them achieve it  My personal case with Spotify  Failing to update my credit card details prompted ""You have lost access to your premium account.  After 1.5 hours of dialogue with Spotify customer support based outside Sweden, they realized that I am temporarily outside of my home country, temporarily at my vacation home in Greece, and based on pinning me down to my current location, they asked me to change my home address to Greece, which I did.  I added my credit card, Spotify charged my bank account in less than 10 seconds, and then I invited my 17-year-old daughter to register with my new Spotify membership, Premium Duo (not saying a word about the fact that all the communication prompted on the app was in Greek only), which failed massively due to the fact that you can't have any Duo or Family plan if any of your family is temporarily outside of your declared residence home.  The customer representative told me that any member of my family could join, no matter where they are now. Big lie.  But hey, it is not possible; if you are outside of the country, even temporarily, forget about it.  Now I contacted them again and asked them to cancel and refund me. Still in wait.  Now my daughter is 17 years old. A high school student, last year by all means, is not recognized as a student, but she can register as an adult, for which the price is almost double.  Now all these Spotify barriers work against any EU core principles, and I wonder if any big law firms can investigate and eventually open a class action lawsuit against Spotify.",Rated 1 out of 5 stars,spotifys new game plan  101 on deceiving your paying members,how to spot greedy companies and how robotization or ai helps them achieve it  my personal case with spotify  failing to update my credit card details prompted you have lost access to your premium account  after 15 hours of dialogue with spotify customer support based outside sweden they realized that i am temporarily outside of my home country temporarily at my vacation home in greece and based on pinning me down to my current location they asked me to change my home address to greece which i did  i added my credit card spotify charged my bank account in less than 10 seconds and then i invited my 17yearold daughter to register with my new spotify membership premium duo not saying a word about the fact that all the communication prompted on the app was in greek only which failed massively due to the fact that you cant have any duo or family plan if any of your family is temporarily outside of your declared residence home  the customer representative told me that any member of my family could join no matter where they are now big lie  but hey it is not possible if you are outside of the country even temporarily forget about it  now i contacted them again and asked them to cancel and refund me still in wait  now my daughter is 17 years old a high school student last year by all means is not recognized as a student but she can register as an adult for which the price is almost double  now all these spotify barriers work against any eu core principles and i wonder if any big law firms can investigate and eventually open a class action lawsuit against spotify,1
2023-08-31,Disgusting,"Disgusting! They keep adding phucked up music to my downloaded songs, got my windows rolled down , causing down the street, listening to my great song download and all of a sudden, some puke ass plucking song added by those dumb pukes in the spotify backroom comes on! Plus all thru my list is their plucking added songs! So phuckkoff spotify !",Rated 1 out of 5 stars,disgusting,disgusting they keep adding phucked up music to my downloaded songs got my windows rolled down  causing down the street listening to my great song download and all of a sudden some puke ass plucking song added by those dumb pukes in the spotify backroom comes on plus all thru my list is their plucking added songs so phuckkoff spotify ,1
2023-08-28,little stated to be pricey,"little stated to be pricey, i went to apple music and its been great",Rated 3 out of 5 stars,little stated to be pricey,little stated to be pricey i went to apple music and its been great,3
2023-08-28,They don't help unless it is a payment…,They don't help unless it is a payment issue. If you reach out with anything else they simply drop the connection.,Rated 1 out of 5 stars,they dont help unless it is a payment,they dont help unless it is a payment issue if you reach out with anything else they simply drop the connection,1
2023-08-27,Took money no service,Offered me 3 months premium for 10.99 Took the money then refused the offer No refund They have no telephone contact number Bank unable to help Finally sorted out via Facebook chat,Rated 3 out of 5 stars,took money no service,offered me 3 months premium for 1099 took the money then refused the offer no refund they have no telephone contact number bank unable to help finally sorted out via facebook chat,3
2023-08-23,AWFUL AWFUL customer service,"AWFUL AWFUL customer service. I have flagged that I keep seeing other people joining my spotify account, and playing songs through my account. Not my friends, not people I have 'left my accounts logged in by mistake' as I am not stupid enough. After spending 40 mins on live chat I am non the wiser why people are still accessing my Spotify account, first it was the wi-fi, then my email address, now I need to change all my passwords (having already done that) and yet I am non the wiser. This type of thing really makes you want to unsubscribe as I am struggling why I am spending £15 a month for my membership, when other people can use it and I get really poor customer service?!  Thanks, Natalia",Rated 1 out of 5 stars,awful awful customer service,awful awful customer service i have flagged that i keep seeing other people joining my spotify account and playing songs through my account not my friends not people i have left my accounts logged in by mistake as i am not stupid enough after spending 40 mins on live chat i am non the wiser why people are still accessing my spotify account first it was the wifi then my email address now i need to change all my passwords having already done that and yet i am non the wiser this type of thing really makes you want to unsubscribe as i am struggling why i am spending 15 a month for my membership when other people can use it and i get really poor customer service  thanks natalia,1
2023-08-22,Not been able to log into my spotify…,"Not been able to log into my spotify account now since June, and the ""reset password"" option does not work.",Rated 1 out of 5 stars,not been able to log into my spotify,not been able to log into my spotify account now since june and the reset password option does not work,1
2023-08-20,The app is well done but the music…,The app is well done but the music quality and lack of spatial audio made me change to amazon music,Rated 3 out of 5 stars,the app is well done but the music,the app is well done but the music quality and lack of spatial audio made me change to amazon music,3
2023-08-19,Students Don’t Matter,"I used to be a student and so used the student pricing, which was great. I ceased being a student and joined the workforce and have recently gone back to school part time.  Spotify claims they can’t give me student pricing anymore because the “4 years has run out” but I haven’t been using Spotify student pricing for the past few years. I’ve noticed that they’ve raised their prices again this summer and now I have to pay full price - despite the fact that I am still a student.  Spotify doesn’t seem to acknowledge that programs can take more than four years. It’s almost like they don’t want users anymore and are pushing them on to cheaper music platforms.  I had to contact customer support through Twitter who told me that despite the “disappointing outcome” there were always sales going on for discounts and to “keep watch”. 3 months free isn’t a great deal. Even Amazon offers a better discount to students!",Rated 1 out of 5 stars,students dont matter,i used to be a student and so used the student pricing which was great i ceased being a student and joined the workforce and have recently gone back to school part time  spotify claims they cant give me student pricing anymore because the 4 years has run out but i havent been using spotify student pricing for the past few years ive noticed that theyve raised their prices again this summer and now i have to pay full price  despite the fact that i am still a student  spotify doesnt seem to acknowledge that programs can take more than four years its almost like they dont want users anymore and are pushing them on to cheaper music platforms  i had to contact customer support through twitter who told me that despite the disappointing outcome there were always sales going on for discounts and to keep watch 3 months free isnt a great deal even amazon offers a better discount to students,1
2023-08-18,Keep myself busy.,It’s good to have podcasts here. Now I can listen to something interesting or amusing while I do my routine home stuff. I almost don’t use it for listening to music anymore. I guess it still has the same wide variety of genres and artists.,Rated 4 out of 5 stars,keep myself busy,its good to have podcasts here now i can listen to something interesting or amusing while i do my routine home stuff i almost dont use it for listening to music anymore i guess it still has the same wide variety of genres and artists,4
2023-08-15,Not all songs available after subscription,"They are charging money but not providing all songs. The song which I wanted and downloaded are also disappearing in the middle of the day. So annoying. I will unsubscribe from Spotify soon. I have to keep my dance songs list and disappearing songs, not finding popular songs on Spotify is a common problem. Sorry, They have to improve Spotify.  Thanks, Sonali.",Rated 2 out of 5 stars,not all songs available after subscription,they are charging money but not providing all songs the song which i wanted and downloaded are also disappearing in the middle of the day so annoying i will unsubscribe from spotify soon i have to keep my dance songs list and disappearing songs not finding popular songs on spotify is a common problem sorry they have to improve spotify  thanks sonali,2
2023-08-10,I’m saying goodbye Spotify it’s been a grate 11 years.,"Well I’ve done my research, I’ve done all my YouTube videos and did a pros and cons. It was equal balance between Spotify and Apple Music. Apart from one thing, I love to pay everything yearly and save money. Spotify doesn’t have the choice and since everything going up these days and finding out that Apple Music is a £1.22 cheaper if you did it monthly; & £22.88 cheaper yearly I’m definitely going to pick Apple Music.  Spotify £10.99 monthly - £131.88 yearly  Vs  Apple Music £9.08 Monthly - £109 Yearly",Rated 4 out of 5 stars,im saying goodbye spotify its been a grate 11 years,well ive done my research ive done all my youtube videos and did a pros and cons it was equal balance between spotify and apple music apart from one thing i love to pay everything yearly and save money spotify doesnt have the choice and since everything going up these days and finding out that apple music is a 122 cheaper if you did it monthly  2288 cheaper yearly im definitely going to pick apple music  spotify 1099 monthly  13188 yearly  vs  apple music 908 monthly  109 yearly,4
2023-08-09,OK to use,"It's a decent app but not all the songs and albums I wanted are available here , so it deserves a 4",Rated 4 out of 5 stars,ok to use,its a decent app but not all the songs and albums i wanted are available here  so it deserves a 4,4
2023-08-06,0 service,0 service. Problems with DUO.,Rated 1 out of 5 stars,0 service,0 service problems with duo,1
2023-08-03,"I love Spotify, but...","I love Spotify, but they raised my monthly payment. However, it was already higher than that of other competitor services.",Rated 3 out of 5 stars,i love spotify but,i love spotify but they raised my monthly payment however it was already higher than that of other competitor services,3
2023-07-31,Crap,"Terrible. You need premium to skip songs and play any song u actually like, not to mention the ads. I would give this 0 stars if i could",Rated 1 out of 5 stars,crap,terrible you need premium to skip songs and play any song u actually like not to mention the ads i would give this 0 stars if i could,1
2023-07-30,Definitely worth the subscription,"Definitely worth the subscription. No ads, play the music you want when you want. Much better than free version but the free version is more than sufficient.",Rated 4 out of 5 stars,definitely worth the subscription,definitely worth the subscription no ads play the music you want when you want much better than free version but the free version is more than sufficient,4
2023-07-29,What a rip off,"What a rip off! You get to listen to three of your songs. Then you have to listen to 5 commercials, ads begging you to pay them $10.00 a month to stop the ads. They make money both ways!",Rated 1 out of 5 stars,what a rip off,what a rip off you get to listen to three of your songs then you have to listen to 5 commercials ads begging you to pay them 1000 a month to stop the ads they make money both ways,1
2023-07-27,Ye would want to put on Michael Collins…,Ye would want to put on Michael Collins by the rattling kind on it a well known Irish song,Rated 3 out of 5 stars,ye would want to put on michael collins,ye would want to put on michael collins by the rattling kind on it a well known irish song,3
2023-07-26,Not compatible with older android,"I'm a new user of this app and so far I like the way it's organized, but it does not allow me to install the app on my android phone which kinda makes me mad. I mean yeah my phone is older, but you guys need to think about compatibility if you want to charge me $16.99",Rated 3 out of 5 stars,not compatible with older android,im a new user of this app and so far i like the way its organized but it does not allow me to install the app on my android phone which kinda makes me mad i mean yeah my phone is older but you guys need to think about compatibility if you want to charge me 1699,3
2023-07-25,Poor customer support change more that they state avoid,Got sent price increase letter starting sept but due to tech issue my account was cancelled from next billing date i.e August I immediately contacted Spotify but they said I will just have to rejoin and pay higher price for aug too as they cannot resolve. Instead I will go to alternative Amaz music who have 1 month free and cheaper per month. Spotify you are poor,Rated 1 out of 5 stars,poor customer support change more that they state avoid,got sent price increase letter starting sept but due to tech issue my account was cancelled from next billing date ie august i immediately contacted spotify but they said i will just have to rejoin and pay higher price for aug too as they cannot resolve instead i will go to alternative amaz music who have 1 month free and cheaper per month spotify you are poor,1
2023-07-25,Three adverts later and I left,Three adverts later and I left. It could have been more but I didn't stick around to find out. All I wanted to do was skip one song. Will this encourage me to buy premium? No. Also most songs and albums are uploaded by members of the public and some are awful sound wise. Not a lot to choose from. Basically just random people's play lists.,Rated 1 out of 5 stars,three adverts later and i left,three adverts later and i left it could have been more but i didnt stick around to find out all i wanted to do was skip one song will this encourage me to buy premium no also most songs and albums are uploaded by members of the public and some are awful sound wise not a lot to choose from basically just random peoples play lists,1
2023-07-25,"Bad service, now at higher prices","They now want more money. They still don't listen to their customers, and service is still poor.",Rated 1 out of 5 stars,bad service now at higher prices,they now want more money they still dont listen to their customers and service is still poor,1
2023-07-25,"Overcharged for over a year, refunded for two months","I cancelled my Premium subscription over a year ago, and my plan showed as Free, but Spotify continued to charge my card monthly.  I contacted support, who first tried to tell me that my account was still on Premium. I had to keep showing evidence of my plan being Free and my account not showing any receipts after the cancellation date, yet my card still being charged in online banking.  Eventually they offered a one-month refund, and when I asked to be refunded for a full period of over a year, the agent said they cannot refund for any more than two months.  Of course I should have been keeping a better eye on my statements and noticed much earlier, but it's still Spotify's fault for not stopping the charges when I cancelled. This experience plus Spotify's very low payment to musicians, damage to the podcast industry, and poor user experience have given me a very low opinion of the company.  On the plus side, the customer service agent replied quickly, and the two-month refund limit didn't seem to be within their control.",Rated 2 out of 5 stars,overcharged for over a year refunded for two months,i cancelled my premium subscription over a year ago and my plan showed as free but spotify continued to charge my card monthly  i contacted support who first tried to tell me that my account was still on premium i had to keep showing evidence of my plan being free and my account not showing any receipts after the cancellation date yet my card still being charged in online banking  eventually they offered a onemonth refund and when i asked to be refunded for a full period of over a year the agent said they cannot refund for any more than two months  of course i should have been keeping a better eye on my statements and noticed much earlier but its still spotifys fault for not stopping the charges when i cancelled this experience plus spotifys very low payment to musicians damage to the podcast industry and poor user experience have given me a very low opinion of the company  on the plus side the customer service agent replied quickly and the twomonth refund limit didnt seem to be within their control,2
2023-07-25,Profiteering greedy company that have…,Profiteering greedy company that have put their prices up yet again. £10.99/month? I don’t think so. Cancelling immediately.,Rated 1 out of 5 stars,profiteering greedy company that have,profiteering greedy company that have put their prices up yet again 1099month i dont think so cancelling immediately,1
2023-07-24,So they want more money,"So they want more money? I’ll pay more if you guys get rid of that annoying smart shuffle function you are trying to force us upon us.. heck, I’ll pay more if you guys are actually planning to look at the existing issues your platform has.. example, shuffle that is not really random 😅. I know it won’t happen though, we keep getting new features that are just annoying.. PS: please go to google and type: “what is UX” or “What are good UX practices”",Rated 3 out of 5 stars,so they want more money,so they want more money ill pay more if you guys get rid of that annoying smart shuffle function you are trying to force us upon us heck ill pay more if you guys are actually planning to look at the existing issues your platform has example shuffle that is not really random  i know it wont happen though we keep getting new features that are just annoying ps please go to google and type what is ux or what are good ux practices,3
2023-07-24,Sellouts who can't manage app,"They raised their prices by $1 per month, but their terrible app doesn't even work right. I'm about to get rid of it, because Spotify simply refuses to ever try and be better.",Rated 1 out of 5 stars,sellouts who cant manage app,they raised their prices by 1 per month but their terrible app doesnt even work right im about to get rid of it because spotify simply refuses to ever try and be better,1
2023-07-19,Great!,"Use Spotify everyday, great app and easy to use",Rated 5 out of 5 stars,great,use spotify everyday great app and easy to use,5
2023-07-18,bad for podcasts,"for music all good!! for podcast .. it is a nightmare. it doesn't paly the next episode of the same podcast but switch to another one for unknown reasons.. or it play random episodes but not the next one.. no option to choose the behavior. the support is a joke.. looks like nobody care and they code with their asses.. and this for Android App, Windows desktop or by Android Auto",Rated 1 out of 5 stars,bad for podcasts,for music all good for podcast  it is a nightmare it doesnt paly the next episode of the same podcast but switch to another one for unknown reasons or it play random episodes but not the next one no option to choose the behavior the support is a joke looks like nobody care and they code with their asses and this for android app windows desktop or by android auto,1
2023-07-18,They are worth the Premium sub,"Dont understand the hate, I believe they are a solid platform and worth the premium subscription",Rated 5 out of 5 stars,they are worth the premium sub,dont understand the hate i believe they are a solid platform and worth the premium subscription,5
2023-07-15,Spamming to blackmail listeners to…,Spamming to blackmail listeners to suscribe. Ok I understand they’ve got to earn for the choice they provide…but well…..I purposely avoid going into Lidl now. In the meantime I’ll just grab the ear buds,Rated 1 out of 5 stars,spamming to blackmail listeners to,spamming to blackmail listeners to suscribe ok i understand theyve got to earn for the choice they providebut welli purposely avoid going into lidl now in the meantime ill just grab the ear buds,1
2023-07-14,Customer service is awful,Customer service is awful. You can't speak to people directly and have to instant message. Someone had used my details to pay for their account. They kept telling me they had refunded me but 4 weeks down the line I still have not received anything. I won't use Spotify again.,Rated 1 out of 5 stars,customer service is awful,customer service is awful you cant speak to people directly and have to instant message someone had used my details to pay for their account they kept telling me they had refunded me but 4 weeks down the line i still have not received anything i wont use spotify again,1
2023-07-14,Unjustified Removals: Spotify's Unfair Treatment of Independent Music Albums,"It has come to my attention that Spotify is engaging in unfair practices by arbitrarily removing certain albums from independent artists' platforms as soon as they start gaining buzz or generating streams, all without providing any evidence.  Their ""Spotify for Artists"" service does not offer a means for artists to defend themselves. This company has undergone significant changes recently and seems to be siding against small labels. It feels like a witch hunt.",Rated 1 out of 5 stars,unjustified removals spotifys unfair treatment of independent music albums,it has come to my attention that spotify is engaging in unfair practices by arbitrarily removing certain albums from independent artists platforms as soon as they start gaining buzz or generating streams all without providing any evidence  their spotify for artists service does not offer a means for artists to defend themselves this company has undergone significant changes recently and seems to be siding against small labels it feels like a witch hunt,1
2023-07-13,Good music app for music lovers,"Spotify is very good music app with almost all the songs , i am using it for long time now, yes its subscription is bit expensive but overall a good app for music lovers across subcontinent specially.",Rated 4 out of 5 stars,good music app for music lovers,spotify is very good music app with almost all the songs  i am using it for long time now yes its subscription is bit expensive but overall a good app for music lovers across subcontinent specially,4
2023-07-10,adress verification in the family sucks,"adress verification in the family account sucks! It does not work? Makes you pad big time, whitout functionality!",Rated 1 out of 5 stars,adress verification in the family sucks,adress verification in the family account sucks it does not work makes you pad big time whitout functionality,1
2023-07-08,Impossible to get past the recapta,Impossible to get past the recapta Waisted more than an hour,Rated 1 out of 5 stars,impossible to get past the recapta,impossible to get past the recapta waisted more than an hour,1
2023-07-07,"Hello,","Hello,  I'm Muslim and I think you understand this review reason. So, this is Muslim power.  Boycott Sweden.",Rated 1 out of 5 stars,hello,hello  im muslim and i think you understand this review reason so this is muslim power  boycott sweden,1
2023-07-05,Spotify he's refusing payment from the…,"Spotify he's refusing payment from the bank card originating from a different country to the one I reside which is also different to the country my Spotify account is linked to, unless i pay 3 Euro extra per month. Nonetheless this bank account is located in the European Union, where my account is based and where I am resident, and where my Spotify account is located. This is ludicrous, stop sending me automated replies. You charge enough money in order to pay an operator to answer personally to my complain. PS: there's plenty of music provider out there!",Rated 1 out of 5 stars,spotify hes refusing payment from the,spotify hes refusing payment from the bank card originating from a different country to the one i reside which is also different to the country my spotify account is linked to unless i pay 3 euro extra per month nonetheless this bank account is located in the european union where my account is based and where i am resident and where my spotify account is located this is ludicrous stop sending me automated replies you charge enough money in order to pay an operator to answer personally to my complain ps theres plenty of music provider out there,1
2023-07-05,Constantly trying to scam you to pay!,"Tries to trick you into paying every time you open then app when you cancel. Opens a page asking you to accept a subscription renewed every single time the app is opened, even when I’m still within my premium membership!",Rated 1 out of 5 stars,constantly trying to scam you to pay,tries to trick you into paying every time you open then app when you cancel opens a page asking you to accept a subscription renewed every single time the app is opened even when im still within my premium membership,1
2023-07-01,poor customer service,poor customer service. no phone number to call and person on other end of chat is unable to answer the question after waiting ages.,Rated 1 out of 5 stars,poor customer service,poor customer service no phone number to call and person on other end of chat is unable to answer the question after waiting ages,1
2023-06-29,What a s£%& show,"What a s£%& show. Not only the shuffle plays the same songs over and over again, but now two of my playlists are unable to have refreshed NEW suggestions: all the suggestions revolve around the same songs no matter how many time I refresh it. Mind you, after googling I found that this issue persists on a Windows desktop app for at least two years. As said. s£%& show.",Rated 1 out of 5 stars,what a s show,what a s show not only the shuffle plays the same songs over and over again but now two of my playlists are unable to have refreshed new suggestions all the suggestions revolve around the same songs no matter how many time i refresh it mind you after googling i found that this issue persists on a windows desktop app for at least two years as said s show,1
2023-06-29,Very bad to listen music,Very bad to listen music. 10 ad in a row.,Rated 1 out of 5 stars,very bad to listen music,very bad to listen music 10 ad in a row,1
2023-06-29,Unacceptable business practice,"Absolutely unacceptable to NOT honor a gift card that someone purchased for me. How is this company okay with scamming peeps outta their cash. Just because I already have a premium account (yes, and spent not a small amount of money each and every month to have this service).... I am not looking for free anything, only to add the funds already paid to the company to my account and let the balance work down each month. It is too simple and means they do not get the opportunity to continue to scam folks. How many gift cards go unused because of this idiotic ""policy"". How in this day of tech can they not figure out how to add the monetary value to your account? They would rather have people leave their platform than honor a gift. A gift they tell me I cannot use. They suck and I guess pretty much do not care about the consumer. Pretty crummy.",Rated 1 out of 5 stars,unacceptable business practice,absolutely unacceptable to not honor a gift card that someone purchased for me how is this company okay with scamming peeps outta their cash just because i already have a premium account yes and spent not a small amount of money each and every month to have this service i am not looking for free anything only to add the funds already paid to the company to my account and let the balance work down each month it is too simple and means they do not get the opportunity to continue to scam folks how many gift cards go unused because of this idiotic policy how in this day of tech can they not figure out how to add the monetary value to your account they would rather have people leave their platform than honor a gift a gift they tell me i cannot use they suck and i guess pretty much do not care about the consumer pretty crummy,1
2023-06-28,No Offline/Local File Support,The company lacks the support required to properly use local files across multiple devices. This is shocking and poor on Spotify's behalf. What kind of 21st century company can't do this (Apple Music can). Do not use it for music quality because its not as good as apple. I hate this company,Rated 1 out of 5 stars,no offlinelocal file support,the company lacks the support required to properly use local files across multiple devices this is shocking and poor on spotifys behalf what kind of 21st century company cant do this apple music can do not use it for music quality because its not as good as apple i hate this company,1
2023-06-27,Tried to contact support about an…,Tried to contact support about an issue. Automated chat couldn't help. Said a customer service agent would read the support text & respond. No response for 30 minutes so spent valuable work time to resolve the issue myself. Not good enough.,Rated 1 out of 5 stars,tried to contact support about an,tried to contact support about an issue automated chat couldnt help said a customer service agent would read the support text  respond no response for 30 minutes so spent valuable work time to resolve the issue myself not good enough,1
2023-06-26,Nobody need this,No Content,Rated 2 out of 5 stars,nobody need this,no content,2
2023-06-20,Terrible experience,Terrible experience. I wasted an hour repeating myself over and over again. They only offer chat support and they leave the chat after a few minutes if the case is complicated. It happened to me 4 times already. I gave up. Spotify is charging me for a secondary account and I can't put my finger on it. Their support was super unhelpful and didn't provide me with any info even though I provided them with lots of details.,Rated 1 out of 5 stars,terrible experience,terrible experience i wasted an hour repeating myself over and over again they only offer chat support and they leave the chat after a few minutes if the case is complicated it happened to me 4 times already i gave up spotify is charging me for a secondary account and i cant put my finger on it their support was super unhelpful and didnt provide me with any info even though i provided them with lots of details,1
2023-06-18,Horrible company,"Horrible company, try signing up with a VPN. Enjoy the experience. I know, I know we're more difficult to track and make money off of when you can't steal our information. What can we consumers expect? An honest, company that looks out for their customers, nahhh one that would put your children in chains if it improved their bottom line just 1%.  F u, spotify anyone with 1/2 a brain would realize there is many other ways to get a much better streaming experience. Even YT FREE beats you hands down. If it wasn't for your guys snagging up JRE, you wouldn't have nearly as much success forcing us into your prison of a music app.",Rated 1 out of 5 stars,horrible company,horrible company try signing up with a vpn enjoy the experience i know i know were more difficult to track and make money off of when you cant steal our information what can we consumers expect an honest company that looks out for their customers nahhh one that would put your children in chains if it improved their bottom line just 1  f u spotify anyone with 12 a brain would realize there is many other ways to get a much better streaming experience even yt free beats you hands down if it wasnt for your guys snagging up jre you wouldnt have nearly as much success forcing us into your prison of a music app,1
2023-06-18,Worthiml every single penny brought back…,Worth every single penny brought back so many memories that only technology can do can not explain how good Spotify is if you are older than 30 BTW I’m 65 Thank you Spotify,Rated 5 out of 5 stars,worthiml every single penny brought back,worth every single penny brought back so many memories that only technology can do can not explain how good spotify is if you are older than 30 btw im 65 thank you spotify,5
2023-06-18,computer version isnt soo bad but 1…,computer version isnt soo bad but 1 star for mobile (6 musics and advertisments),Rated 3 out of 5 stars,computer version isnt soo bad but 1,computer version isnt soo bad but 1 star for mobile 6 musics and advertisments,3
2023-06-14,The amount of time I used where they…,The amount of time I used where they promise me a free trail for me overpaying for more than a year is crazy. I had conversations for 2 months now wothout any confirmation mails - only through their support channel which doesn't notify you btw. Everything sucks - sorry for the bad words but you really deserve it after such a bad support.,Rated 1 out of 5 stars,the amount of time i used where they,the amount of time i used where they promise me a free trail for me overpaying for more than a year is crazy i had conversations for 2 months now wothout any confirmation mails  only through their support channel which doesnt notify you btw everything sucks  sorry for the bad words but you really deserve it after such a bad support,1
2023-06-09,The free version is unbearable,"The free version is unbearable, and at some point, you get tired of ads. You only have six skips per hour, you can’t repeat songs, and sometimes random tracks pop out of nowhere. Thankfully I had my student status verified and paid for the student premium plan. I can listen to songs offline, don’t worry about ads, and it has a Hulu plan as an extra perk.",Rated 3 out of 5 stars,the free version is unbearable,the free version is unbearable and at some point you get tired of ads you only have six skips per hour you cant repeat songs and sometimes random tracks pop out of nowhere thankfully i had my student status verified and paid for the student premium plan i can listen to songs offline dont worry about ads and it has a hulu plan as an extra perk,3
2023-06-09,Not worth your money,Can't believe that there is still Belarus in your list. I will cancel my plan . Thank you.,Rated 1 out of 5 stars,not worth your money,cant believe that there is still belarus in your list i will cancel my plan  thank you,1
2023-06-06,Unbelievably good,Unbelievably good & extraordinarily amazing. It will explode your mind.,Rated 5 out of 5 stars,unbelievably good,unbelievably good  extraordinarily amazing it will explode your mind,5
2023-06-05,More ads then music,"More ads then music Impossible to listen Playlist, ad literally after each 3 songs, very annoying",Rated 3 out of 5 stars,more ads then music,more ads then music impossible to listen playlist ad literally after each 3 songs very annoying,3
2023-06-02,Just a shockingly bad experience,Just a shockingly bad experience. Endless login/reset issues. No reset emails sent. What a mess. No idea how they survive like this.,Rated 1 out of 5 stars,just a shockingly bad experience,just a shockingly bad experience endless loginreset issues no reset emails sent what a mess no idea how they survive like this,1
2023-06-02,the search system is horrible,"the search system is horrible. In your library you cannot search for conductors, for instance. It does not support typos like Google does. In your library you cannot search in your entire library, only in one at a time, playlists, albums etc. Display setup old fashioned and not able to personalize",Rated 1 out of 5 stars,the search system is horrible,the search system is horrible in your library you cannot search for conductors for instance it does not support typos like google does in your library you cannot search in your entire library only in one at a time playlists albums etc display setup old fashioned and not able to personalize,1
2023-06-01,"Clueless, nonchalant staff with clearly ZERO training in customer service","Absolute WORST customer service ever! No one there has the vaguest clue about anything. On three separate occasions now I’ve had precisely the same nonchalant, can’t be arsed attitude - over written ‘chat’ messages I hasten to add, as clearly it’s too much of an effort to speak to people over the phone. I actually got a headache this morning, going round in circles trying to explain to several people, a reasonably simple tech problem which a grand total of none of them managed to grasp. I’m a 58 year old grandmother and I understood more of what I was trying to explain than any of them did! I was even offered a month’s refund as a ‘one off courtesy’ which was then then retracted after I accepted!!! Absolutely clueless. The staff need proper training - even a small amount of training would be a start. I’d say I’m amazed they manage to navigate to work every day, but the way things are going these days, they’re more than likely holed up under a duvet at home troughing Doritos.  Spotify customer services. The epitome of ‘not giving a sh.t’. Just one of the reasons we’re not going to make it as a species.",Rated 1 out of 5 stars,clueless nonchalant staff with clearly zero training in customer service,absolute worst customer service ever no one there has the vaguest clue about anything on three separate occasions now ive had precisely the same nonchalant cant be arsed attitude  over written chat messages i hasten to add as clearly its too much of an effort to speak to people over the phone i actually got a headache this morning going round in circles trying to explain to several people a reasonably simple tech problem which a grand total of none of them managed to grasp im a 58 year old grandmother and i understood more of what i was trying to explain than any of them did i was even offered a months refund as a one off courtesy which was then then retracted after i accepted absolutely clueless the staff need proper training  even a small amount of training would be a start id say im amazed they manage to navigate to work every day but the way things are going these days theyre more than likely holed up under a duvet at home troughing doritos  spotify customer services the epitome of not giving a sht just one of the reasons were not going to make it as a species,1
2023-05-31,Best music app ever,No Content,Rated 5 out of 5 stars,best music app ever,no content,5
2023-05-30,Che charge me £9.99 I no longer have…,Che charge me £9.99 I no longer have an account with them and chat do not working to by complain,Rated 1 out of 5 stars,che charge me 999 i no longer have,che charge me 999 i no longer have an account with them and chat do not working to by complain,1
2023-05-30,In beginning it was a good company,"In beginning it was a good company, but now its a company that doesnt care about its users. The company is trying to make life as difficult for musicians and users as possible.",Rated 1 out of 5 stars,in beginning it was a good company,in beginning it was a good company but now its a company that doesnt care about its users the company is trying to make life as difficult for musicians and users as possible,1
2023-05-29,Works very good and I have no clue of…,Works very good and I have no clue of what other customers have smoked. This is the best music streaming service ever.,Rated 5 out of 5 stars,works very good and i have no clue of,works very good and i have no clue of what other customers have smoked this is the best music streaming service ever,5
2023-05-28,Spotifys support is AWFUL I was…,Spotifys support is AWFUL I was suddenly charged 5x for my one account. There is no one to call to complain. I explained the issue online but didn’t get my matter resolved. My bank statement doesn’t match what they say they pulled out of my account. Dropping their service!!,Rated 1 out of 5 stars,spotifys support is awful i was,spotifys support is awful i was suddenly charged 5x for my one account there is no one to call to complain i explained the issue online but didnt get my matter resolved my bank statement doesnt match what they say they pulled out of my account dropping their service,1
2023-05-27,Their link to add family members does…,Their link to add family members does not work because they add member manually (security). But if you believe that their service is in tact and try to solve it yourself you could be busy for hours! I hate this company,Rated 1 out of 5 stars,their link to add family members does,their link to add family members does not work because they add member manually security but if you believe that their service is in tact and try to solve it yourself you could be busy for hours i hate this company,1
2023-05-25,Spotify is amazing,"Spotify is amazing. it enables me to listen to my favorite songs at any time, anywhere!!",Rated 5 out of 5 stars,spotify is amazing,spotify is amazing it enables me to listen to my favorite songs at any time anywhere,5
2023-05-25,"im getting the ""another device is…","im getting the ""another device is playing"" for no reason, my device is the only one playing. Also why would you care?",Rated 1 out of 5 stars,im getting the another device is,im getting the another device is playing for no reason my device is the only one playing also why would you care,1
2023-05-24,Free Palestine,"Save your money, don't bother! Happy to promote songs with violence, sexual references, guns, crime .. the list goes on but you take off a song viral for Palestine?? Pathetic",Rated 1 out of 5 stars,free palestine,save your money dont bother happy to promote songs with violence sexual references guns crime  the list goes on but you take off a song viral for palestine pathetic,1
2023-05-23,Shocking tech support will kill Spotify.,4 days so far to try to solve a basic tech problem. Unlike other tech firms who can fix issues rapidly via remote access Spotify has nothing except a chat room and some Stone Age' tools. Fine when Spotify works but horrendous when you need help. With no voice support and some of the worst comments ever seen on Trust Pilot one doubts whether Spotify will survive as customers and share holders jump ship.,Rated 1 out of 5 stars,shocking tech support will kill spotify,4 days so far to try to solve a basic tech problem unlike other tech firms who can fix issues rapidly via remote access spotify has nothing except a chat room and some stone age tools fine when spotify works but horrendous when you need help with no voice support and some of the worst comments ever seen on trust pilot one doubts whether spotify will survive as customers and share holders jump ship,1
2023-05-22,Scumbags caved into Zionists morons,No Content,Rated 1 out of 5 stars,scumbags caved into zionists morons,no content,1
2023-05-22,Free palestine,"What a spineless company crumbling to the Zionist lobby, deleting a song about Palestinian National pride. Just cancelled my subscription and told my friends and family to do the same👍🏻",Rated 1 out of 5 stars,free palestine,what a spineless company crumbling to the zionist lobby deleting a song about palestinian national pride just cancelled my subscription and told my friends and family to do the same,1
2023-05-22,Hypocrites!,"They removed a song called ""Dammi Falastini"" because they stand with Israel. This song is about freedom of the palestinan people, and Spotify should be ashamed!!",Rated 1 out of 5 stars,hypocrites,they removed a song called dammi falastini because they stand with israel this song is about freedom of the palestinan people and spotify should be ashamed,1
2023-05-22,This is complete and utter nonsense.,"Wow... a song which speaks about one's home being free from oppression. I'm seriously considering just canceling my subscription. Sure, it won't really dent Spotify's revenue but I will feel much better. I can honestly just create a Playlist on YouTub. Imagine having to rate to type a review, doesn't even deserve that one star.",Rated 1 out of 5 stars,this is complete and utter nonsense,wow a song which speaks about ones home being free from oppression im seriously considering just canceling my subscription sure it wont really dent spotifys revenue but i will feel much better i can honestly just create a playlist on youtub imagine having to rate to type a review doesnt even deserve that one star,1
2023-05-22,Free palastine,No Content,Rated 1 out of 5 stars,free palastine,no content,1
2023-05-22,"Save your money, don't bother!","Happy to promote songs with violence, sexual references, guns, crime .. the list goes on but you take off a song viral for Palestine?? Pathetic!!!",Rated 1 out of 5 stars,save your money dont bother,happy to promote songs with violence sexual references guns crime  the list goes on but you take off a song viral for palestine pathetic,1
2023-05-22,Dammi falastini is not antisemetic,No Content,Rated 1 out of 5 stars,dammi falastini is not antisemetic,no content,1
2023-05-21,Free Palestine.,"So Spotify decided to delete Palestinan songs, songs with no any hate or vilonce just a remember how Palestinan are been opressed.  You should be the voice of freedom, but it seems like you are the voice of the oppressors. #freepalestine #cancelspotify",Rated 1 out of 5 stars,free palestine,so spotify decided to delete palestinan songs songs with no any hate or vilonce just a remember how palestinan are been opressed  you should be the voice of freedom but it seems like you are the voice of the oppressors freepalestine cancelspotify,1
2023-05-21,Deleting a song thats “anti semetic”…,Deleting a song thats “anti semetic” but they are not even speaking about jews is reaaaallyy low spotify but now we now who y’all are #cancelled,Rated 1 out of 5 stars,deleting a song thats anti semetic,deleting a song thats anti semetic but they are not even speaking about jews is reaaaallyy low spotify but now we now who yall are cancelled,1
2023-05-20,Dishonest,Dishonest. Did the one month free. Decided not to continue and cancelled. Spotify took another months payment then refused to answer my requests for a refund. Was before 2022 but it won't let me go that far back!,Rated 1 out of 5 stars,dishonest,dishonest did the one month free decided not to continue and cancelled spotify took another months payment then refused to answer my requests for a refund was before 2022 but it wont let me go that far back,1
2023-05-16,When a podcast is a lie,I have asked them several times to remove a podcaster that is all lies and the refuse.,Rated 1 out of 5 stars,when a podcast is a lie,i have asked them several times to remove a podcaster that is all lies and the refuse,1
2023-05-15,Price continues to increase,"Price continues to increase, podcasts don't update fast enough. App is buggy sometimes.",Rated 2 out of 5 stars,price continues to increase,price continues to increase podcasts dont update fast enough app is buggy sometimes,2
2023-05-13,One of the Best!,Spotify provides the best sound quality for the music of your choice.,Rated 4 out of 5 stars,one of the best,spotify provides the best sound quality for the music of your choice,4
2023-05-13,The Best Way to Blacklist Advertisers,"Simply put, every time a brand interrupts my listening pleasure, I add them to a blacklist. This blacklist is a list of companies I will never spend money with again. I also unsubscribe and delete my account if I had one with them up until that point.  That's what you get for thinking you can hi-jack life's pleasures and monetise them for personal gain.  And NO, I will not PAY to ""upgrade"". I will NEVER pay for something I don't OWN OUTRIGHT.",Rated 1 out of 5 stars,the best way to blacklist advertisers,simply put every time a brand interrupts my listening pleasure i add them to a blacklist this blacklist is a list of companies i will never spend money with again i also unsubscribe and delete my account if i had one with them up until that point  thats what you get for thinking you can hijack lifes pleasures and monetise them for personal gain  and no i will not pay to upgrade i will never pay for something i dont own outright,1
2023-05-13,Spotify took money from my bank account…,Spotify took money from my bank account when I was signed up for a free account,Rated 1 out of 5 stars,spotify took money from my bank account,spotify took money from my bank account when i was signed up for a free account,1
2023-05-12,Customer service is too difficult to…,Customer service is too difficult to get. I tried to reset my password and I am still waiting for them to send link to reset.  I cannot ask a question without logging in.  They need to make Customer service more easier to access.,Rated 2 out of 5 stars,customer service is too difficult to,customer service is too difficult to get i tried to reset my password and i am still waiting for them to send link to reset  i cannot ask a question without logging in  they need to make customer service more easier to access,2
2023-05-11,"Unnecessary changes, trying to fix what isn't broken","I have been using Spotify for quite a while now and i even enjoyed it but their new changes to the UI and rounded corners, it became a huge mess. The new user interface is basically useless, just a complete mess, there is no separate tab for your library anymore, it's just a huge list. The rounded corners are the worst in all this. They don't look good at all. They didn't look good on Windows 11, they didn't look good on YouTube and they look HORRIBLE on Spotify",Rated 1 out of 5 stars,unnecessary changes trying to fix what isnt broken,i have been using spotify for quite a while now and i even enjoyed it but their new changes to the ui and rounded corners it became a huge mess the new user interface is basically useless just a complete mess there is no separate tab for your library anymore its just a huge list the rounded corners are the worst in all this they dont look good at all they didnt look good on windows 11 they didnt look good on youtube and they look horrible on spotify,1
2023-05-10,I have been a premium Spotify user for…,"I have been a premium Spotify user for years (3 or more). Suddenly my account would not log in and there was a weird ""loop"" that kept taking me back to the sign in page. Customer no service finds my account now goes to some unknown person's email and Facebook. They close my account (so I can no longer link by Facebook or email). I set it up (as they instruct me to) in another email and they promise to upload my playlists to the new account but ""it will take up to 48 hours"". BTW this took almost 2 hours on chat!",Rated 1 out of 5 stars,i have been a premium spotify user for,i have been a premium spotify user for years 3 or more suddenly my account would not log in and there was a weird loop that kept taking me back to the sign in page customer no service finds my account now goes to some unknown persons email and facebook they close my account so i can no longer link by facebook or email i set it up as they instruct me to in another email and they promise to upload my playlists to the new account but it will take up to 48 hours btw this took almost 2 hours on chat,1
2023-05-09,Bien à part la web version sur pc qui…,Bien à part la web version sur pc qui marche mal. bug dans la liste d attente.,Rated 3 out of 5 stars,bien à part la web version sur pc qui,bien à part la web version sur pc qui marche mal bug dans la liste d attente,3
2023-05-09,Get back to 5 stars,"Spotify, you use to be great. What is going on? Plays the same 5 songs over and over, that's only if it doesn't decide to stop after a song. Be accountable and fix it. Be the 5 star music app I loved.",Rated 3 out of 5 stars,get back to 5 stars,spotify you use to be great what is going on plays the same 5 songs over and over thats only if it doesnt decide to stop after a song be accountable and fix it be the 5 star music app i loved,3
2023-05-09,"Changes Data, Changes not refunded as promised","My son and I made reservations through the internet .Go Splitty. We requested the 4th of April on reservations.  Internet change the dates to March 6th and not the 4th of March,  However the charge was placed through the Credit Card.   Called And informed Go Spoitty,  With Marriott Manager and was assured that the charge wouldn't be applied to the credit Card for the wrong dates. However when the bill came the charges were placed for the incorrect dates.   Go Splitty was notified. Go Splitty  has still not reimburse the charges.  Marriott assured that the charges would not be charged to Go Spoitty and the charges were never paid to Marriott from Go Spotify for the dates indicated.  I had to pay for a room on the 4th of April out of pocket.  Costumer service  would not change the date of stay, we were told that the charge for the room on the 6th of March would be reimbursed to the credit card.  It was not.",Rated 1 out of 5 stars,changes data changes not refunded as promised,my son and i made reservations through the internet go splitty we requested the 4th of april on reservations  internet change the dates to march 6th and not the 4th of march  however the charge was placed through the credit card   called and informed go spoitty  with marriott manager and was assured that the charge wouldnt be applied to the credit card for the wrong dates however when the bill came the charges were placed for the incorrect dates   go splitty was notified go splitty  has still not reimburse the charges  marriott assured that the charges would not be charged to go spoitty and the charges were never paid to marriott from go spotify for the dates indicated  i had to pay for a room on the 4th of april out of pocket  costumer service  would not change the date of stay we were told that the charge for the room on the 6th of march would be reimbursed to the credit card  it was not,1
2023-04-29,Spotify uses to much cache data on my…,"Spotify uses to much cache data on my mac. It's very enoying. As i stream only a few minutes. It's safes album covers and stuff up to like 10MB per image! When i have used Spotify, i always need to clean my mac afterwards. Stop this insane cache data Spotify!  Stream-data is enough. Or at least make the albumcovers a max of 150ppi so the data wont be that huge. Bye!",Rated 1 out of 5 stars,spotify uses to much cache data on my,spotify uses to much cache data on my mac its very enoying as i stream only a few minutes its safes album covers and stuff up to like 10mb per image when i have used spotify i always need to clean my mac afterwards stop this insane cache data spotify  streamdata is enough or at least make the albumcovers a max of 150ppi so the data wont be that huge bye,1
2023-04-28,Honestly? In serious need of Improvement,"Honestly? Pretty bad :/ I've invested far too much time into playlist creation & going up my liked songs to change but I just feel like I'm stuck with it now. Constant issues.  It still has the green heart not filling in issue that's been going on nearly a year now. It removes tracks from my liked songs list regularly. Car mode is irritating. Group session has never worked correctly. Green hearts sometimes show in a playlist, sometimes don't. Sometimes it'll skip a song & I'll try to go back & it forgets the song so I'll probably never listen again as I didn't catch the name. Widget styles limited to 1 & it doesn't even show the current song playing & it looks broken. The 'Wrapped' feature has never worked correctly for me. Doesn't have niche songs. Scroll bar is hard to grab so I end up pressing on a song instead.  I think I've just convinced myself to transfer everything over to TIDAL as it's evident Spotify don't give a f*** about fixing their issues.  Android. Samsung S22 Ultra. Fully updated.",Rated 2 out of 5 stars,honestly in serious need of improvement,honestly pretty bad  ive invested far too much time into playlist creation  going up my liked songs to change but i just feel like im stuck with it now constant issues  it still has the green heart not filling in issue thats been going on nearly a year now it removes tracks from my liked songs list regularly car mode is irritating group session has never worked correctly green hearts sometimes show in a playlist sometimes dont sometimes itll skip a song  ill try to go back  it forgets the song so ill probably never listen again as i didnt catch the name widget styles limited to 1  it doesnt even show the current song playing  it looks broken the wrapped feature has never worked correctly for me doesnt have niche songs scroll bar is hard to grab so i end up pressing on a song instead  i think ive just convinced myself to transfer everything over to tidal as its evident spotify dont give a f about fixing their issues  android samsung s22 ultra fully updated,2
2023-04-27,Spotify seems to always have problems,"Spotify seems to always have problems. Now it wont play my songs, keeps cutting out and stopping the song from playing after like 3 sec... SPOTIFY W.T.F, stop being a bunch of c@nts and actually make your platform work thank you, or Im unsubscribing.",Rated 2 out of 5 stars,spotify seems to always have problems,spotify seems to always have problems now it wont play my songs keeps cutting out and stopping the song from playing after like 3 sec spotify wtf stop being a bunch of cnts and actually make your platform work thank you or im unsubscribing,2
2023-04-23,Long term customers get nothing,"Oh wow I'm in shock that Spotify has such a low tp score! But then I'm not. The app is great, the songs, the everything but the customer service is poor! As a customer service manager myself the Cs team from Spotify are not in tune, not understanding and clueless when it comes to their customers. I feel they all need training and to have a better understanding of Spotify. At times I feel that the person I'm speaking to does not speak English. Spotify your a big business and if you don't have customer satisfaction and retention then what do you have? Ever heard of KPI? I recently got sent an email to sign up and get 3 months free, but I am already a member. Have been for over 2 years. So I messaged them and they said I'm not eligible it's only for new customers So why send me an email for a new customer? You're ment to filter them, hello promotion team?? The cs team said to me we sent it to you so you can send it to a friend. How offensive is that? You want me to sign people up and I get jack from it? Lol imI thought it was a joke but they were serious. They want me to do their sales work for free? I suggested a referral link so I get something out of it to which she said great idea and ended the conversation. I'm not impressed. If I pay for a service then I want to feel like you appreciate me, and my money , not just your pockets.  Seems like Spotify need big improvements, changes and training, and to think about customer retention. All of a sudden Apple music seems like an option.",Rated 1 out of 5 stars,long term customers get nothing,oh wow im in shock that spotify has such a low tp score but then im not the app is great the songs the everything but the customer service is poor as a customer service manager myself the cs team from spotify are not in tune not understanding and clueless when it comes to their customers i feel they all need training and to have a better understanding of spotify at times i feel that the person im speaking to does not speak english spotify your a big business and if you dont have customer satisfaction and retention then what do you have ever heard of kpi i recently got sent an email to sign up and get 3 months free but i am already a member have been for over 2 years so i messaged them and they said im not eligible its only for new customers so why send me an email for a new customer youre ment to filter them hello promotion team the cs team said to me we sent it to you so you can send it to a friend how offensive is that you want me to sign people up and i get jack from it lol imi thought it was a joke but they were serious they want me to do their sales work for free i suggested a referral link so i get something out of it to which she said great idea and ended the conversation im not impressed if i pay for a service then i want to feel like you appreciate me and my money  not just your pockets  seems like spotify need big improvements changes and training and to think about customer retention all of a sudden apple music seems like an option,1
2023-04-22,Would leve 0 stars,"Would leve 0 stars, but cannot! Allow unauthorised transactions, although now refunded, they don't notify you of an attempt to log in! DO NOT USE@",Rated 1 out of 5 stars,would leve 0 stars,would leve 0 stars but cannot allow unauthorised transactions although now refunded they dont notify you of an attempt to log in do not use,1
2023-04-21,The app is constantly being updated it…,"The app is constantly being updated it almost feels alive. They wouldn't have to ever update anything and it would easily be worth the money. The updates are smart and useful.  Spotify has worked well for me for something like 10 years. For 10 entire years of my life and totally unlimited music of seemingly every slightly popular or above song/artist, i've paid £1200. That is unbelievably good value.",Rated 5 out of 5 stars,the app is constantly being updated it,the app is constantly being updated it almost feels alive they wouldnt have to ever update anything and it would easily be worth the money the updates are smart and useful  spotify has worked well for me for something like 10 years for 10 entire years of my life and totally unlimited music of seemingly every slightly popular or above songartist ive paid 1200 that is unbelievably good value,5
2023-04-19,Been using it for over 5 years but i m…,"Been using it for over 5 years but i m getting tired of how buggy its become. I have spotify on an android phone, tablet and on my pc. All apps are buggy, unexpectedly stopping or taking a looot of time just to lainch. Thats not an issue with my devices because any other apps work fine.  For a few days no i cant even open in on my pc. Nice algorithm and music selection but these bugs make it a pain to use.",Rated 2 out of 5 stars,been using it for over 5 years but i m,been using it for over 5 years but i m getting tired of how buggy its become i have spotify on an android phone tablet and on my pc all apps are buggy unexpectedly stopping or taking a looot of time just to lainch thats not an issue with my devices because any other apps work fine  for a few days no i cant even open in on my pc nice algorithm and music selection but these bugs make it a pain to use,2
2023-04-18,There are some technical bugs and…,"There are some technical bugs and problems when using it, but the pluses are also there, the most important is the price. All in all it is not a bad option",Rated 3 out of 5 stars,there are some technical bugs and,there are some technical bugs and problems when using it but the pluses are also there the most important is the price all in all it is not a bad option,3
2023-04-18,At best dishonest................,In my view this company are at best dishonest and at worst actually criminal in the way they operate. They took money from my bank account without authorisation and cannot/will not provide me with the source of how they got my financial details or how they linked it to my stepson's Spotify account. This is despite repeated requests to provide that information and assurances they would deal with my complaints. Beware!,Rated 1 out of 5 stars,at best dishonest,in my view this company are at best dishonest and at worst actually criminal in the way they operate they took money from my bank account without authorisation and cannotwill not provide me with the source of how they got my financial details or how they linked it to my stepsons spotify account this is despite repeated requests to provide that information and assurances they would deal with my complaints beware,1
2023-04-18,I have been a premium Spotify user for…,"I have been a premium Spotify user for years (3 or more). Suddenly my account would not log in and there was a weird ""loop"" that kept taking me back to the sign in page. Customer no service finds my account now goes to some unknown person's email and Facebook. They close my account (so I can no longer link by Facebook or email). I set it up (as they instruct me to) in another email and they promise to upload my playlists to the new account but ""it will take up to 48 hours"". BTW this took almost 2 hours on chat!",Rated 2 out of 5 stars,i have been a premium spotify user for,i have been a premium spotify user for years 3 or more suddenly my account would not log in and there was a weird loop that kept taking me back to the sign in page customer no service finds my account now goes to some unknown persons email and facebook they close my account so i can no longer link by facebook or email i set it up as they instruct me to in another email and they promise to upload my playlists to the new account but it will take up to 48 hours btw this took almost 2 hours on chat,2
2023-04-17,Cringe dating app ads every 2 music,I'm tired of ads to every two music. The ads passed from Spotify ads to cringe dating app ads.,Rated 1 out of 5 stars,cringe dating app ads every 2 music,im tired of ads to every two music the ads passed from spotify ads to cringe dating app ads,1
2023-04-16,Fix this PLEASE,I can't play the full individual songs on my playlist it only lets me hear short snippets I also can't rewind on my songs and I can't see the album cover of what song I want to play if this continues I'm going back to YouTube,Rated 2 out of 5 stars,fix this please,i cant play the full individual songs on my playlist it only lets me hear short snippets i also cant rewind on my songs and i cant see the album cover of what song i want to play if this continues im going back to youtube,2
2023-04-16,Worst service I've ever had,"2 hours, 6 different advisors, nobody listened, unhelpful generic links to help i obviously would have looked at first, constantly cut off despite keeping browser window open and no breaks in internet, no difference in service despite my dire situation after two hours.",Rated 1 out of 5 stars,worst service ive ever had,2 hours 6 different advisors nobody listened unhelpful generic links to help i obviously would have looked at first constantly cut off despite keeping browser window open and no breaks in internet no difference in service despite my dire situation after two hours,1
2023-04-15,My playlist is getting spam reported,"My playlist is getting spam reported by competitors and support is doing nothing and closing the chat mid conversation multiple times, i don't get any response from their mail team either.",Rated 1 out of 5 stars,my playlist is getting spam reported,my playlist is getting spam reported by competitors and support is doing nothing and closing the chat mid conversation multiple times i dont get any response from their mail team either,1
2023-04-29,My account got hacked and I asked spotify services for help,"My account got hacked and I asked spotify services for help. I sent an email at 7 am and received it at 4 pm. I don't mind getting a late response, but after them saying they will log off all the devices and changed back the gmail into the original (my gmail and my password was changed), it still hasn't been done. I hope in the future spotify can have a fast response on the help we needs.  Edit: spotify has changed my account gmail and it's all fine now, though it just took like a day.",Rated 3 out of 5 stars,my account got hacked and i asked spotify services for help,my account got hacked and i asked spotify services for help i sent an email at 7 am and received it at 4 pm i dont mind getting a late response but after them saying they will log off all the devices and changed back the gmail into the original my gmail and my password was changed it still hasnt been done i hope in the future spotify can have a fast response on the help we needs  edit spotify has changed my account gmail and its all fine now though it just took like a day,3
2023-04-14,Cant play a song only 10 seconds of the…,Cant play a song only 10 seconds of the song??? The navigation is &&€€@& terrible!!,Rated 1 out of 5 stars,cant play a song only 10 seconds of the,cant play a song only 10 seconds of the song the navigation is  terrible,1
2023-04-13,Pay for no ads no thank you,I don't like how you have to pay to remove ads. I do like that you can connect to other devices to listen through their speakers.,Rated 2 out of 5 stars,pay for no ads no thank you,i dont like how you have to pay to remove ads i do like that you can connect to other devices to listen through their speakers,2
2023-04-13,"Spotify has gone downhill, very weird activities recently","Spotify has gone downhill, very weird activities recently. I've been a musician on Spotify for several years, but recently something has changed there, not for the better. I received email stating that ""one or more of your playlists will no longer be publicly available"" . . . with absolutely no explanation, except to include a URL to a very long and complex ""terms and conditions"" site. Any attempt to reach anyone at Spotify about this is impossible. Their support phn #s no longer exist, there is no direct email adr except to their generic ""office"", which never responds. There is a live chat, human agents can eventually be reached, but the minute I mention this particular issue, they IMMEDIATELY END THE CHAT SESSION. I've tried 5 times to ask, very politely, to at least have some sort of explanation, only to be told to ""refer to the email"", which is a ""do not reply"" email, with no usable contact references, and then the chat session is immediately terminated, without warning . . . this is really weird. What's going on with Spotify???  All of my material is synth instrumental, no lyrics, or anything else that could possibly be ""offensive"" to anyone. And yet, there is no way to even find out what may have caused this weird playlist restriction. Also, I've had several seemingly random password episodes, all within the past few weeks, where Spotify suddenly forces me to change my password (again, with no explanation at all). I don't have any mobile devices at all, but keeps insisting I have to sync all of my devices with a Spotify app (I do all my work on their website, from PC desktop, there are no ""devices"" nor do I use their ""app"".) If Spotify is under some sort of new management, or cost saving full automation for their processes, it's not working, am already looking for new alternatives.  Apparently a growing number of other Spotify users have been having the same issues. Is anyone there actually seeing these reviews?",Rated 1 out of 5 stars,spotify has gone downhill very weird activities recently,spotify has gone downhill very weird activities recently ive been a musician on spotify for several years but recently something has changed there not for the better i received email stating that one or more of your playlists will no longer be publicly available    with absolutely no explanation except to include a url to a very long and complex terms and conditions site any attempt to reach anyone at spotify about this is impossible their support phn s no longer exist there is no direct email adr except to their generic office which never responds there is a live chat human agents can eventually be reached but the minute i mention this particular issue they immediately end the chat session ive tried 5 times to ask very politely to at least have some sort of explanation only to be told to refer to the email which is a do not reply email with no usable contact references and then the chat session is immediately terminated without warning    this is really weird whats going on with spotify  all of my material is synth instrumental no lyrics or anything else that could possibly be offensive to anyone and yet there is no way to even find out what may have caused this weird playlist restriction also ive had several seemingly random password episodes all within the past few weeks where spotify suddenly forces me to change my password again with no explanation at all i dont have any mobile devices at all but keeps insisting i have to sync all of my devices with a spotify app i do all my work on their website from pc desktop there are no devices nor do i use their app if spotify is under some sort of new management or cost saving full automation for their processes its not working am already looking for new alternatives  apparently a growing number of other spotify users have been having the same issues is anyone there actually seeing these reviews,1
2023-04-10,Wont let me logon,"Wont let me logon, saying my password is wrong, when i try to make a new one it says ""try using a new password"" inclining the one im typing is my old one, yet it doesent work. When i try to reset my password it keeps saying ""oops something went wrong""",Rated 1 out of 5 stars,wont let me logon,wont let me logon saying my password is wrong when i try to make a new one it says try using a new password inclining the one im typing is my old one yet it doesent work when i try to reset my password it keeps saying oops something went wrong,1
2023-04-10,Spotify is a great music streaming…,Spotify is a great music streaming platform for listening to a variety of music they have.,Rated 5 out of 5 stars,spotify is a great music streaming,spotify is a great music streaming platform for listening to a variety of music they have,5
2023-04-07,3:04 of music - 3:00 of adverts,Logged in to play a few songs and after just playing the first one ( 3:04) I had 3:00 minutes of adverts! I quickly exited the Spotify as this is kind of advertising is just a joke. If this is what they see as being able to play music on their platform then I'll stick to playing my owned albums on Winamp,Rated 1 out of 5 stars,304 of music  300 of adverts,logged in to play a few songs and after just playing the first one  304 i had 300 minutes of adverts i quickly exited the spotify as this is kind of advertising is just a joke if this is what they see as being able to play music on their platform then ill stick to playing my owned albums on winamp,1
2023-04-06,Okay why I am unable to play downloaded…,Okay why I am unable to play downloaded songs when I have no internet connection. Fix your app ... You love taking money from customer otherwise,Rated 2 out of 5 stars,okay why i am unable to play downloaded,okay why i am unable to play downloaded songs when i have no internet connection fix your app  you love taking money from customer otherwise,2
2023-04-05,Thanks,"Their player is still far from as good as youtube, but I used to hate them for messing up my Joe Rogan experience, but he likes them, so that's good.",Rated 5 out of 5 stars,thanks,their player is still far from as good as youtube but i used to hate them for messing up my joe rogan experience but he likes them so thats good,5
2023-04-04,Spotify takes no action to assist…,"Spotify takes no action to assist customers who have problems with companies who sell on their site. YAME Inc lists products for sell on Spotify. I ordered Uno cards from YAME Inc. Since then, I have been unable to get any response from YAME Inc. Spotify has provided no assistance. They recommend contacting the company.",Rated 1 out of 5 stars,spotify takes no action to assist,spotify takes no action to assist customers who have problems with companies who sell on their site yame inc lists products for sell on spotify i ordered uno cards from yame inc since then i have been unable to get any response from yame inc spotify has provided no assistance they recommend contacting the company,1
2023-04-04,SPotify is very poor quality,"SPotify is very poor quality, Once you HAVE IT ON LAPTOP you will not be able to get the account on your mobile device. Free streaming sites are far better as they allow for good quality downloads far superior to Spotify. Waste of £9.99 per month.",Rated 1 out of 5 stars,spotify is very poor quality,spotify is very poor quality once you have it on laptop you will not be able to get the account on your mobile device free streaming sites are far better as they allow for good quality downloads far superior to spotify waste of 999 per month,1
2023-04-01,Wish I could give them a 0,"Wish I could give them a 0. I have a premium family plan. I was given $120 worth of Spotify premium gift cards for my birthday. I tried to use them and they said I can't use them on a premium family plan unless I cancel my subscription, then re-sign up for an individual plan and then convert it back to a family plan. So in other words they have no problem with the fact I would be using the gift cards with a family plan. they are just going to make me jump through a whole lot of useless annoying hoops to make me do it. Money is money. Gift cards are just money. I have been a customer for several years and their customer service basically told me we just don't care. Reevaluating whether another music streaming service would be better",Rated 1 out of 5 stars,wish i could give them a 0,wish i could give them a 0 i have a premium family plan i was given 120 worth of spotify premium gift cards for my birthday i tried to use them and they said i cant use them on a premium family plan unless i cancel my subscription then resign up for an individual plan and then convert it back to a family plan so in other words they have no problem with the fact i would be using the gift cards with a family plan they are just going to make me jump through a whole lot of useless annoying hoops to make me do it money is money gift cards are just money i have been a customer for several years and their customer service basically told me we just dont care reevaluating whether another music streaming service would be better,1
2023-03-28,Had a problem getting access to my…,"Had a problem getting access to my premium account. I no longer had my original email address. After getting through the bots, I had a great service with an agent who finally resolved my problem.",Rated 5 out of 5 stars,had a problem getting access to my,had a problem getting access to my premium account i no longer had my original email address after getting through the bots i had a great service with an agent who finally resolved my problem,5
2023-03-25,Agents just closes the conversation,"Writing to give feedback on A/B testing, being super disapointed by the new useless homescreen I am now stuck with. After going through the bots, an agent connects and says, thanks goodbye. I was expecting to be asked what I disliked or at least what version I was on or more info. So I write back with more details and figure someone might see it anyways, an agent connects and asks how I am... So I ask if they've read my messages. Says, a moment, I'll read them on my end. Then 'agent closed the conversation'. Goodbye. Yeah, 0/10 for customer support.",Rated 1 out of 5 stars,agents just closes the conversation,writing to give feedback on ab testing being super disapointed by the new useless homescreen i am now stuck with after going through the bots an agent connects and says thanks goodbye i was expecting to be asked what i disliked or at least what version i was on or more info so i write back with more details and figure someone might see it anyways an agent connects and asks how i am so i ask if theyve read my messages says a moment ill read them on my end then agent closed the conversation goodbye yeah 010 for customer support,1
2023-03-25,It has been some time since it has…,"It has been some time since it has ceased to be a good price for what is offered. The music recommendations are absurd, that's what I miss the most.",Rated 3 out of 5 stars,it has been some time since it has,it has been some time since it has ceased to be a good price for what is offered the music recommendations are absurd thats what i miss the most,3
2023-03-25,amazing and sdo awesome get to listen…,amazing and sdo awesome get to listen to music for free but theres some ads here and there but they dont realy exist so they fake ads and not real ads they do not exist yah yah witerly and yah aujah yah asuhy ayh yah,Rated 5 out of 5 stars,amazing and sdo awesome get to listen,amazing and sdo awesome get to listen to music for free but theres some ads here and there but they dont realy exist so they fake ads and not real ads they do not exist yah yah witerly and yah aujah yah asuhy ayh yah,5
2023-03-23,I use Spotify to listen to podcasts and…,"I use Spotify to listen to podcasts and the experience hasn’t been good. I have had podcasts quit in the middle and change to a different episode on numerous occasions. The timing of the advertising is also terrible, cutting off the person speaking mid sentence. There is a lot of room for improvement as a platform.",Rated 1 out of 5 stars,i use spotify to listen to podcasts and,i use spotify to listen to podcasts and the experience hasnt been good i have had podcasts quit in the middle and change to a different episode on numerous occasions the timing of the advertising is also terrible cutting off the person speaking mid sentence there is a lot of room for improvement as a platform,1
2023-03-21,Best music app,"This is best music app. Very easy and pleasant to use, no problems. Can go listen from phone to TV to computer. Also if you buy with friends, it is very cheap subscription.",Rated 4 out of 5 stars,best music app,this is best music app very easy and pleasant to use no problems can go listen from phone to tv to computer also if you buy with friends it is very cheap subscription,4
2023-03-20,I'm happy with the service,"I'm happy with the service, especially since I can create my own playlist and add to it any time. Not sure what the low rating is about, never had any problems myself.",Rated 5 out of 5 stars,im happy with the service,im happy with the service especially since i can create my own playlist and add to it any time not sure what the low rating is about never had any problems myself,5
2023-03-19,I cannot reset my password to cancel…,"I cannot reset my password to cancel afer the 3 months saying my email doesn't exist, so looked on the actual email on spam where it first signed up .so I cannot see nothing ..these people are cons taking 9.99 out of my bank criminal",Rated 1 out of 5 stars,i cannot reset my password to cancel,i cannot reset my password to cancel afer the 3 months saying my email doesnt exist so looked on the actual email on spam where it first signed up so i cannot see nothing these people are cons taking 999 out of my bank criminal,1
2023-03-18,They charge you double price even though you verify as a student,"I had student premium for a year and was happy about it. In december 2022, they send me an email where I had to verify that I'm still a student. I did that the same day, but from january they started charging me double price for normal premium anyway. Unfortunately, I didn't find out about that until today. Contacted the support, and they would not help me. They have charged me double price for three months, even though I did everything right! I have quit my subscription now, and won't come back, cause this is a dishonest company",Rated 1 out of 5 stars,they charge you double price even though you verify as a student,i had student premium for a year and was happy about it in december 2022 they send me an email where i had to verify that im still a student i did that the same day but from january they started charging me double price for normal premium anyway unfortunately i didnt find out about that until today contacted the support and they would not help me they have charged me double price for three months even though i did everything right i have quit my subscription now and wont come back cause this is a dishonest company,1
2023-03-18,I called customer service to resolve a…,I called customer service to resolve a payment issue and spoke to 5 different people via email: guess what with the same question they gave me 5 different answers…,Rated 1 out of 5 stars,i called customer service to resolve a,i called customer service to resolve a payment issue and spoke to 5 different people via email guess what with the same question they gave me 5 different answers,1
2023-03-17,"Good by Spotify, I wanted HiFi","Good by Spotify. You have been promising lossless for too long now. I had enough!!! There are plenty of alternatives now and, at the same price, I can listen to a much better quality. Ciao ciao",Rated 3 out of 5 stars,good by spotify i wanted hifi,good by spotify you have been promising lossless for too long now i had enough there are plenty of alternatives now and at the same price i can listen to a much better quality ciao ciao,3
2023-03-15,Gone woke so goodbye,Gone woke so we know where their business is heading. It is absolutely ridiculous that any podcast talking about the scamdemic has a link attached to it to all the left wing lieing organisations and their podcasts. Like staff at Spotify are more knowledgeable about the fake flue than the scientific community speaking out against all the lies and deception now proven around the scamdemic,Rated 1 out of 5 stars,gone woke so goodbye,gone woke so we know where their business is heading it is absolutely ridiculous that any podcast talking about the scamdemic has a link attached to it to all the left wing lieing organisations and their podcasts like staff at spotify are more knowledgeable about the fake flue than the scientific community speaking out against all the lies and deception now proven around the scamdemic,1
2023-03-13,Spotify over the years.,"I'm an avid user of Spotify and over the years, I haven't noticed bad things on the customer side of things.",Rated 3 out of 5 stars,spotify over the years,im an avid user of spotify and over the years i havent noticed bad things on the customer side of things,3
2023-03-11,Received a Spotify gift card,Received a Spotify gift card . Can only use it for single account. Maybe put that information on your gift card . What difference does it make crooks. Canceling my membership that I pay extra for two have 2 accounts . Yet I can use a gift card,Rated 1 out of 5 stars,received a spotify gift card,received a spotify gift card  can only use it for single account maybe put that information on your gift card  what difference does it make crooks canceling my membership that i pay extra for two have 2 accounts  yet i can use a gift card,1
2023-03-10,The worst music app to exist,"The worst music app to exist , useless , waste of money",Rated 1 out of 5 stars,the worst music app to exist,the worst music app to exist  useless  waste of money,1
2023-03-06,Utter waste of money,"Utter waste of money, I do not see the point in it at all, and very confused as to why it is so popular and why people think its worth anything, let alone that much. My business partner signed us up and I just cancelled it as so pointless.",Rated 1 out of 5 stars,utter waste of money,utter waste of money i do not see the point in it at all and very confused as to why it is so popular and why people think its worth anything let alone that much my business partner signed us up and i just cancelled it as so pointless,1
2023-03-07,Used to love using spotify but the…,Used to love using spotify but the amount of times it skips/pauses during one song is ridiculous. Especially for the amount you pay. Won't be subscribing anymore. Sucks because I really liked it before it started doing this,Rated 1 out of 5 stars,used to love using spotify but the,used to love using spotify but the amount of times it skipspauses during one song is ridiculous especially for the amount you pay wont be subscribing anymore sucks because i really liked it before it started doing this,1
2023-03-17,Adding a review to the app/song,"W, but make it so you can write a note beside specific songs on a playlist",Rated 5 out of 5 stars,adding a review to the appsong,w but make it so you can write a note beside specific songs on a playlist,5
